artikel_id;datum;menge;bestand;lieferzeit_tage
ARBEITSSCHUH-HE-40-BG;2023-01-01;8;25;30
ARBEITSSCHUH-HE-40-BG;2023-02-01;8;25;30
ARBEITSSCHUH-HE-40-BG;2023-03-01;12;25;30
ARBEITSSCHUH-HE-40-BG;2023-04-01;11;25;30
ARBEITSSCHUH-HE-40-BG;2023-05-01;9;25;30
ARBEITSSCHUH-HE-40-BG;2023-06-01;8;25;30
ARBEITSSCHUH-HE-40-BG;2023-07-01;9;25;30
ARBEITSSCHUH-HE-40-BG;2023-08-01;9;25;30
ARBEITSSCHUH-HE-40-BG;2023-09-01;8;25;30
ARBEITSSCHUH-HE-40-BG;2023-10-01;9;25;30
ARBEITSSCHUH-HE-40-BG;2023-11-01;12;25;30
ARBEITSSCHUH-HE-40-BG;2023-12-01;12;25;30
ARBEITSSCHUH-HE-40-BG;2024-01-01;9;25;30
ARBEITSSCHUH-HE-40-BG;2024-02-01;9;25;30
ARBEITSSCHUH-HE-40-BG;2024-03-01;9;25;30
ARBEITSSCHUH-HE-40-BG;2024-04-01;13;25;30
ARBEITSSCHUH-HE-40-BG;2024-05-01;13;25;30
ARBEITSSCHUH-HE-40-BG;2024-06-01;9;25;30
ARBEITSSCHUH-HE-40-BG;2024-07-01;9;25;30
ARBEITSSCHUH-HE-40-BG;2024-08-01;11;25;30
ARBEITSSCHUH-HE-40-BG;2024-09-01;10;25;30
ARBEITSSCHUH-HE-40-BG;2024-10-01;10;25;30
ARBEITSSCHUH-HE-40-BG;2024-11-01;8;25;30
ARBEITSSCHUH-HE-40-BG;2024-12-01;13;25;30
ARBEITSSCHUH-HE-40-GR;2023-01-01;7;12;30
ARBEITSSCHUH-HE-40-GR;2023-02-01;8;12;30
ARBEITSSCHUH-HE-40-GR;2023-03-01;12;12;30
ARBEITSSCHUH-HE-40-GR;2023-04-01;10;12;30
ARBEITSSCHUH-HE-40-GR;2023-05-01;10;12;30
ARBEITSSCHUH-HE-40-GR;2023-06-01;8;12;30
ARBEITSSCHUH-HE-40-GR;2023-07-01;5;12;30
ARBEITSSCHUH-HE-40-GR;2023-08-01;14;12;30
ARBEITSSCHUH-HE-40-GR;2023-09-01;14;12;30
ARBEITSSCHUH-HE-40-GR;2023-10-01;11;12;30
ARBEITSSCHUH-HE-40-GR;2023-11-01;9;12;30
ARBEITSSCHUH-HE-40-GR;2023-12-01;13;12;30
ARBEITSSCHUH-HE-40-GR;2024-01-01;10;12;30
ARBEITSSCHUH-HE-40-GR;2024-02-01;6;12;30
ARBEITSSCHUH-HE-40-GR;2024-03-01;11;12;30
ARBEITSSCHUH-HE-40-GR;2024-04-01;12;12;30
ARBEITSSCHUH-HE-40-GR;2024-05-01;13;12;30
ARBEITSSCHUH-HE-40-GR;2024-06-01;11;12;30
ARBEITSSCHUH-HE-40-GR;2024-07-01;11;12;30
ARBEITSSCHUH-HE-40-GR;2024-08-01;6;12;30
ARBEITSSCHUH-HE-40-GR;2024-09-01;16;12;30
ARBEITSSCHUH-HE-40-GR;2024-10-01;8;12;30
ARBEITSSCHUH-HE-40-GR;2024-11-01;10;12;30
ARBEITSSCHUH-HE-40-GR;2024-12-01;13;12;30
ARBEITSSCHUH-HE-40-NV;2023-01-01;14;13;30
ARBEITSSCHUH-HE-40-NV;2023-02-01;11;13;30
ARBEITSSCHUH-HE-40-NV;2023-03-01;10;13;30
ARBEITSSCHUH-HE-40-NV;2023-04-01;14;13;30
ARBEITSSCHUH-HE-40-NV;2023-05-01;11;13;30
ARBEITSSCHUH-HE-40-NV;2023-06-01;11;13;30
ARBEITSSCHUH-HE-40-NV;2023-07-01;10;13;30
ARBEITSSCHUH-HE-40-NV;2023-08-01;10;13;30
ARBEITSSCHUH-HE-40-NV;2023-09-01;14;13;30
ARBEITSSCHUH-HE-40-NV;2023-10-01;12;13;30
ARBEITSSCHUH-HE-40-NV;2023-11-01;13;13;30
ARBEITSSCHUH-HE-40-NV;2023-12-01;15;13;30
ARBEITSSCHUH-HE-40-NV;2024-01-01;13;13;30
ARBEITSSCHUH-HE-40-NV;2024-02-01;10;13;30
ARBEITSSCHUH-HE-40-NV;2024-03-01;13;13;30
ARBEITSSCHUH-HE-40-NV;2024-04-01;11;13;30
ARBEITSSCHUH-HE-40-NV;2024-05-01;12;13;30
ARBEITSSCHUH-HE-40-NV;2024-06-01;13;13;30
ARBEITSSCHUH-HE-40-NV;2024-07-01;14;13;30
ARBEITSSCHUH-HE-40-NV;2024-08-01;13;13;30
ARBEITSSCHUH-HE-40-NV;2024-09-01;13;13;30
ARBEITSSCHUH-HE-40-NV;2024-10-01;15;13;30
ARBEITSSCHUH-HE-40-NV;2024-11-01;14;13;30
ARBEITSSCHUH-HE-40-NV;2024-12-01;19;13;30
ARBEITSSCHUH-HE-40-RT;2023-01-01;7;24;30
ARBEITSSCHUH-HE-40-RT;2023-02-01;4;24;30
ARBEITSSCHUH-HE-40-RT;2023-03-01;8;24;30
ARBEITSSCHUH-HE-40-RT;2023-04-01;7;24;30
ARBEITSSCHUH-HE-40-RT;2023-05-01;9;24;30
ARBEITSSCHUH-HE-40-RT;2023-06-01;7;24;30
ARBEITSSCHUH-HE-40-RT;2023-07-01;7;24;30
ARBEITSSCHUH-HE-40-RT;2023-08-01;5;24;30
ARBEITSSCHUH-HE-40-RT;2023-09-01;5;24;30
ARBEITSSCHUH-HE-40-RT;2023-10-01;8;24;30
ARBEITSSCHUH-HE-40-RT;2023-11-01;8;24;30
ARBEITSSCHUH-HE-40-RT;2023-12-01;7;24;30
ARBEITSSCHUH-HE-40-RT;2024-01-01;6;24;30
ARBEITSSCHUH-HE-40-RT;2024-02-01;5;24;30
ARBEITSSCHUH-HE-40-RT;2024-03-01;4;24;30
ARBEITSSCHUH-HE-40-RT;2024-04-01;7;24;30
ARBEITSSCHUH-HE-40-RT;2024-05-01;6;24;30
ARBEITSSCHUH-HE-40-RT;2024-06-01;4;24;30
ARBEITSSCHUH-HE-40-RT;2024-07-01;5;24;30
ARBEITSSCHUH-HE-40-RT;2024-08-01;7;24;30
ARBEITSSCHUH-HE-40-RT;2024-09-01;8;24;30
ARBEITSSCHUH-HE-40-RT;2024-10-01;5;24;30
ARBEITSSCHUH-HE-40-RT;2024-11-01;7;24;30
ARBEITSSCHUH-HE-40-RT;2024-12-01;8;24;30
ARBEITSSCHUH-HE-40-WS;2023-01-01;11;18;30
ARBEITSSCHUH-HE-40-WS;2023-02-01;13;18;30
ARBEITSSCHUH-HE-40-WS;2023-03-01;17;18;30
ARBEITSSCHUH-HE-40-WS;2023-04-01;17;18;30
ARBEITSSCHUH-HE-40-WS;2023-05-01;17;18;30
ARBEITSSCHUH-HE-40-WS;2023-06-01;16;18;30
ARBEITSSCHUH-HE-40-WS;2023-07-01;17;18;30
ARBEITSSCHUH-HE-40-WS;2023-08-01;14;18;30
ARBEITSSCHUH-HE-40-WS;2023-09-01;17;18;30
ARBEITSSCHUH-HE-40-WS;2023-10-01;17;18;30
ARBEITSSCHUH-HE-40-WS;2023-11-01;15;18;30
ARBEITSSCHUH-HE-40-WS;2023-12-01;14;18;30
ARBEITSSCHUH-HE-40-WS;2024-01-01;15;18;30
ARBEITSSCHUH-HE-40-WS;2024-02-01;14;18;30
ARBEITSSCHUH-HE-40-WS;2024-03-01;18;18;30
ARBEITSSCHUH-HE-40-WS;2024-04-01;11;18;30
ARBEITSSCHUH-HE-40-WS;2024-05-01;13;18;30
ARBEITSSCHUH-HE-40-WS;2024-06-01;13;18;30
ARBEITSSCHUH-HE-40-WS;2024-07-01;14;18;30
ARBEITSSCHUH-HE-40-WS;2024-08-01;16;18;30
ARBEITSSCHUH-HE-40-WS;2024-09-01;15;18;30
ARBEITSSCHUH-HE-40-WS;2024-10-01;10;18;30
ARBEITSSCHUH-HE-40-WS;2024-11-01;12;18;30
ARBEITSSCHUH-HE-40-WS;2024-12-01;14;18;30
ARBEITSSCHUH-HE-41-BG;2023-01-01;11;88;30
ARBEITSSCHUH-HE-41-BG;2023-02-01;14;88;30
ARBEITSSCHUH-HE-41-BG;2023-03-01;11;88;30
ARBEITSSCHUH-HE-41-BG;2023-04-01;17;88;30
ARBEITSSCHUH-HE-41-BG;2023-05-01;19;88;30
ARBEITSSCHUH-HE-41-BG;2023-06-01;14;88;30
ARBEITSSCHUH-HE-41-BG;2023-07-01;14;88;30
ARBEITSSCHUH-HE-41-BG;2023-08-01;16;88;30
ARBEITSSCHUH-HE-41-BG;2023-09-01;19;88;30
ARBEITSSCHUH-HE-41-BG;2023-10-01;19;88;30
ARBEITSSCHUH-HE-41-BG;2023-11-01;15;88;30
ARBEITSSCHUH-HE-41-BG;2023-12-01;14;88;30
ARBEITSSCHUH-HE-41-BG;2024-01-01;18;88;30
ARBEITSSCHUH-HE-41-BG;2024-02-01;14;88;30
ARBEITSSCHUH-HE-41-BG;2024-03-01;18;88;30
ARBEITSSCHUH-HE-41-BG;2024-04-01;12;88;30
ARBEITSSCHUH-HE-41-BG;2024-05-01;18;88;30
ARBEITSSCHUH-HE-41-BG;2024-06-01;15;88;30
ARBEITSSCHUH-HE-41-BG;2024-07-01;14;88;30
ARBEITSSCHUH-HE-41-BG;2024-08-01;15;88;30
ARBEITSSCHUH-HE-41-BG;2024-09-01;20;88;30
ARBEITSSCHUH-HE-41-BG;2024-10-01;18;88;30
ARBEITSSCHUH-HE-41-BG;2024-11-01;20;88;30
ARBEITSSCHUH-HE-41-BG;2024-12-01;19;88;30
ARBEITSSCHUH-HE-41-NV;2023-01-01;21;98;30
ARBEITSSCHUH-HE-41-NV;2023-02-01;14;98;30
ARBEITSSCHUH-HE-41-NV;2023-03-01;24;98;30
ARBEITSSCHUH-HE-41-NV;2023-04-01;24;98;30
ARBEITSSCHUH-HE-41-NV;2023-05-01;23;98;30
ARBEITSSCHUH-HE-41-NV;2023-06-01;23;98;30
ARBEITSSCHUH-HE-41-NV;2023-07-01;22;98;30
ARBEITSSCHUH-HE-41-NV;2023-08-01;28;98;30
ARBEITSSCHUH-HE-41-NV;2023-09-01;20;98;30
ARBEITSSCHUH-HE-41-NV;2023-10-01;23;98;30
ARBEITSSCHUH-HE-41-NV;2023-11-01;21;98;30
ARBEITSSCHUH-HE-41-NV;2023-12-01;22;98;30
ARBEITSSCHUH-HE-41-NV;2024-01-01;18;98;30
ARBEITSSCHUH-HE-41-NV;2024-02-01;18;98;30
ARBEITSSCHUH-HE-41-NV;2024-03-01;25;98;30
ARBEITSSCHUH-HE-41-NV;2024-04-01;19;98;30
ARBEITSSCHUH-HE-41-NV;2024-05-01;20;98;30
ARBEITSSCHUH-HE-41-NV;2024-06-01;19;98;30
ARBEITSSCHUH-HE-41-NV;2024-07-01;12;98;30
ARBEITSSCHUH-HE-41-NV;2024-08-01;22;98;30
ARBEITSSCHUH-HE-41-NV;2024-09-01;13;98;30
ARBEITSSCHUH-HE-41-NV;2024-10-01;24;98;30
ARBEITSSCHUH-HE-41-NV;2024-11-01;16;98;30
ARBEITSSCHUH-HE-41-NV;2024-12-01;24;98;30
ARBEITSSCHUH-HE-41-SW;2023-01-01;23;68;30
ARBEITSSCHUH-HE-41-SW;2023-02-01;34;68;30
ARBEITSSCHUH-HE-41-SW;2023-03-01;32;68;30
ARBEITSSCHUH-HE-41-SW;2023-04-01;43;68;30
ARBEITSSCHUH-HE-41-SW;2023-05-01;45;68;30
ARBEITSSCHUH-HE-41-SW;2023-06-01;36;68;30
ARBEITSSCHUH-HE-41-SW;2023-07-01;31;68;30
ARBEITSSCHUH-HE-41-SW;2023-08-01;30;68;30
ARBEITSSCHUH-HE-41-SW;2023-09-01;46;68;30
ARBEITSSCHUH-HE-41-SW;2023-10-01;44;68;30
ARBEITSSCHUH-HE-41-SW;2023-11-01;42;68;30
ARBEITSSCHUH-HE-41-SW;2023-12-01;54;68;30
ARBEITSSCHUH-HE-41-SW;2024-01-01;40;68;30
ARBEITSSCHUH-HE-41-SW;2024-02-01;35;68;30
ARBEITSSCHUH-HE-41-SW;2024-03-01;47;68;30
ARBEITSSCHUH-HE-41-SW;2024-04-01;53;68;30
ARBEITSSCHUH-HE-41-SW;2024-05-01;33;68;30
ARBEITSSCHUH-HE-41-SW;2024-06-01;43;68;30
ARBEITSSCHUH-HE-41-SW;2024-07-01;34;68;30
ARBEITSSCHUH-HE-41-SW;2024-08-01;35;68;30
ARBEITSSCHUH-HE-41-SW;2024-09-01;43;68;30
ARBEITSSCHUH-HE-41-SW;2024-10-01;37;68;30
ARBEITSSCHUH-HE-41-SW;2024-11-01;32;68;30
ARBEITSSCHUH-HE-41-SW;2024-12-01;54;68;30
ARBEITSSCHUH-HE-44-SW;2023-01-01;43;67;30
ARBEITSSCHUH-HE-44-SW;2023-02-01;35;67;30
ARBEITSSCHUH-HE-44-SW;2023-03-01;64;67;30
ARBEITSSCHUH-HE-44-SW;2023-04-01;72;67;30
ARBEITSSCHUH-HE-44-SW;2023-05-01;59;67;30
ARBEITSSCHUH-HE-44-SW;2023-06-01;50;67;30
ARBEITSSCHUH-HE-44-SW;2023-07-01;46;67;30
ARBEITSSCHUH-HE-44-SW;2023-08-01;55;67;30
ARBEITSSCHUH-HE-44-SW;2023-09-01;45;67;30
ARBEITSSCHUH-HE-44-SW;2023-10-01;59;67;30
ARBEITSSCHUH-HE-44-SW;2023-11-01;63;67;30
ARBEITSSCHUH-HE-44-SW;2023-12-01;63;67;30
ARBEITSSCHUH-HE-44-SW;2024-01-01;63;67;30
ARBEITSSCHUH-HE-44-SW;2024-02-01;50;67;30
ARBEITSSCHUH-HE-44-SW;2024-03-01;63;67;30
ARBEITSSCHUH-HE-44-SW;2024-04-01;61;67;30
ARBEITSSCHUH-HE-44-SW;2024-05-01;57;67;30
ARBEITSSCHUH-HE-44-SW;2024-06-01;49;67;30
ARBEITSSCHUH-HE-44-SW;2024-07-01;66;67;30
ARBEITSSCHUH-HE-44-SW;2024-08-01;76;67;30
ARBEITSSCHUH-HE-44-SW;2024-09-01;61;67;30
ARBEITSSCHUH-HE-44-SW;2024-10-01;54;67;30
ARBEITSSCHUH-HE-44-SW;2024-11-01;62;67;30
ARBEITSSCHUH-HE-44-SW;2024-12-01;77;67;30
ARBEITSSCHUH-HE-45-BR;2023-01-01;27;8;30
ARBEITSSCHUH-HE-45-BR;2023-02-01;24;8;30
ARBEITSSCHUH-HE-45-BR;2023-03-01;31;8;30
ARBEITSSCHUH-HE-45-BR;2023-04-01;25;8;30
ARBEITSSCHUH-HE-45-BR;2023-05-01;28;8;30
ARBEITSSCHUH-HE-45-BR;2023-06-01;26;8;30
ARBEITSSCHUH-HE-45-BR;2023-07-01;16;8;30
ARBEITSSCHUH-HE-45-BR;2023-08-01;14;8;30
ARBEITSSCHUH-HE-45-BR;2023-09-01;24;8;30
ARBEITSSCHUH-HE-45-BR;2023-10-01;22;8;30
ARBEITSSCHUH-HE-45-BR;2023-11-01;21;8;30
ARBEITSSCHUH-HE-45-BR;2023-12-01;29;8;30
ARBEITSSCHUH-HE-45-BR;2024-01-01;21;8;30
ARBEITSSCHUH-HE-45-BR;2024-02-01;19;8;30
ARBEITSSCHUH-HE-45-BR;2024-03-01;19;8;30
ARBEITSSCHUH-HE-45-BR;2024-04-01;22;8;30
ARBEITSSCHUH-HE-45-BR;2024-05-01;19;8;30
ARBEITSSCHUH-HE-45-BR;2024-06-01;22;8;30
ARBEITSSCHUH-HE-45-BR;2024-07-01;20;8;30
ARBEITSSCHUH-HE-45-BR;2024-08-01;24;8;30
ARBEITSSCHUH-HE-45-BR;2024-09-01;22;8;30
ARBEITSSCHUH-HE-45-BR;2024-10-01;17;8;30
ARBEITSSCHUH-HE-45-BR;2024-11-01;13;8;30
ARBEITSSCHUH-HE-45-BR;2024-12-01;20;8;30
ARBEITSSCHUH-HE-45-NV;2023-01-01;16;60;30
ARBEITSSCHUH-HE-45-NV;2023-02-01;18;60;30
ARBEITSSCHUH-HE-45-NV;2023-03-01;22;60;30
ARBEITSSCHUH-HE-45-NV;2023-04-01;21;60;30
ARBEITSSCHUH-HE-45-NV;2023-05-01;29;60;30
ARBEITSSCHUH-HE-45-NV;2023-06-01;24;60;30
ARBEITSSCHUH-HE-45-NV;2023-07-01;26;60;30
ARBEITSSCHUH-HE-45-NV;2023-08-01;20;60;30
ARBEITSSCHUH-HE-45-NV;2023-09-01;24;60;30
ARBEITSSCHUH-HE-45-NV;2023-10-01;19;60;30
ARBEITSSCHUH-HE-45-NV;2023-11-01;16;60;30
ARBEITSSCHUH-HE-45-NV;2023-12-01;28;60;30
ARBEITSSCHUH-HE-45-NV;2024-01-01;20;60;30
ARBEITSSCHUH-HE-45-NV;2024-02-01;18;60;30
ARBEITSSCHUH-HE-45-NV;2024-03-01;22;60;30
ARBEITSSCHUH-HE-45-NV;2024-04-01;18;60;30
ARBEITSSCHUH-HE-45-NV;2024-05-01;24;60;30
ARBEITSSCHUH-HE-45-NV;2024-06-01;27;60;30
ARBEITSSCHUH-HE-45-NV;2024-07-01;21;60;30
ARBEITSSCHUH-HE-45-NV;2024-08-01;17;60;30
ARBEITSSCHUH-HE-45-NV;2024-09-01;17;60;30
ARBEITSSCHUH-HE-45-NV;2024-10-01;21;60;30
ARBEITSSCHUH-HE-45-NV;2024-11-01;22;60;30
ARBEITSSCHUH-HE-45-NV;2024-12-01;22;60;30
ARBEITSSCHUH-HE-45-WS;2023-01-01;27;37;30
ARBEITSSCHUH-HE-45-WS;2023-02-01;34;37;30
ARBEITSSCHUH-HE-45-WS;2023-03-01;33;37;30
ARBEITSSCHUH-HE-45-WS;2023-04-01;36;37;30
ARBEITSSCHUH-HE-45-WS;2023-05-01;35;37;30
ARBEITSSCHUH-HE-45-WS;2023-06-01;20;37;30
ARBEITSSCHUH-HE-45-WS;2023-07-01;31;37;30
ARBEITSSCHUH-HE-45-WS;2023-08-01;24;37;30
ARBEITSSCHUH-HE-45-WS;2023-09-01;34;37;30
ARBEITSSCHUH-HE-45-WS;2023-10-01;33;37;30
ARBEITSSCHUH-HE-45-WS;2023-11-01;30;37;30
ARBEITSSCHUH-HE-45-WS;2023-12-01;42;37;30
ARBEITSSCHUH-HE-45-WS;2024-01-01;23;37;30
ARBEITSSCHUH-HE-45-WS;2024-02-01;26;37;30
ARBEITSSCHUH-HE-45-WS;2024-03-01;28;37;30
ARBEITSSCHUH-HE-45-WS;2024-04-01;43;37;30
ARBEITSSCHUH-HE-45-WS;2024-05-01;37;37;30
ARBEITSSCHUH-HE-45-WS;2024-06-01;26;37;30
ARBEITSSCHUH-HE-45-WS;2024-07-01;30;37;30
ARBEITSSCHUH-HE-45-WS;2024-08-01;28;37;30
ARBEITSSCHUH-HE-45-WS;2024-09-01;46;37;30
ARBEITSSCHUH-HE-45-WS;2024-10-01;39;37;30
ARBEITSSCHUH-HE-45-WS;2024-11-01;43;37;30
ARBEITSSCHUH-HE-45-WS;2024-12-01;47;37;30
ARBEITSSCHUH-HE-46-NV;2023-01-01;10;34;30
ARBEITSSCHUH-HE-46-NV;2023-02-01;11;34;30
ARBEITSSCHUH-HE-46-NV;2023-03-01;11;34;30
ARBEITSSCHUH-HE-46-NV;2023-04-01;12;34;30
ARBEITSSCHUH-HE-46-NV;2023-05-01;12;34;30
ARBEITSSCHUH-HE-46-NV;2023-06-01;15;34;30
ARBEITSSCHUH-HE-46-NV;2023-07-01;7;34;30
ARBEITSSCHUH-HE-46-NV;2023-08-01;15;34;30
ARBEITSSCHUH-HE-46-NV;2023-09-01;14;34;30
ARBEITSSCHUH-HE-46-NV;2023-10-01;18;34;30
ARBEITSSCHUH-HE-46-NV;2023-11-01;14;34;30
ARBEITSSCHUH-HE-46-NV;2023-12-01;22;34;30
ARBEITSSCHUH-HE-46-NV;2024-01-01;13;34;30
ARBEITSSCHUH-HE-46-NV;2024-02-01;12;34;30
ARBEITSSCHUH-HE-46-NV;2024-03-01;14;34;30
ARBEITSSCHUH-HE-46-NV;2024-04-01;15;34;30
ARBEITSSCHUH-HE-46-NV;2024-05-01;16;34;30
ARBEITSSCHUH-HE-46-NV;2024-06-01;11;34;30
ARBEITSSCHUH-HE-46-NV;2024-07-01;13;34;30
ARBEITSSCHUH-HE-46-NV;2024-08-01;15;34;30
ARBEITSSCHUH-HE-46-NV;2024-09-01;15;34;30
ARBEITSSCHUH-HE-46-NV;2024-10-01;14;34;30
ARBEITSSCHUH-HE-46-NV;2024-11-01;12;34;30
ARBEITSSCHUH-HE-46-NV;2024-12-01;19;34;30
ARBEITSSCHUH-HE-46-RT;2023-01-01;7;26;30
ARBEITSSCHUH-HE-46-RT;2023-02-01;5;26;30
ARBEITSSCHUH-HE-46-RT;2023-03-01;6;26;30
ARBEITSSCHUH-HE-46-RT;2023-04-01;5;26;30
ARBEITSSCHUH-HE-46-RT;2023-05-01;7;26;30
ARBEITSSCHUH-HE-46-RT;2023-06-01;6;26;30
ARBEITSSCHUH-HE-46-RT;2023-07-01;7;26;30
ARBEITSSCHUH-HE-46-RT;2023-08-01;7;26;30
ARBEITSSCHUH-HE-46-RT;2023-09-01;7;26;30
ARBEITSSCHUH-HE-46-RT;2023-10-01;8;26;30
ARBEITSSCHUH-HE-46-RT;2023-11-01;5;26;30
ARBEITSSCHUH-HE-46-RT;2023-12-01;10;26;30
ARBEITSSCHUH-HE-46-RT;2024-01-01;6;26;30
ARBEITSSCHUH-HE-46-RT;2024-02-01;6;26;30
ARBEITSSCHUH-HE-46-RT;2024-03-01;7;26;30
ARBEITSSCHUH-HE-46-RT;2024-04-01;9;26;30
ARBEITSSCHUH-HE-46-RT;2024-05-01;5;26;30
ARBEITSSCHUH-HE-46-RT;2024-06-01;6;26;30
ARBEITSSCHUH-HE-46-RT;2024-07-01;6;26;30
ARBEITSSCHUH-HE-46-RT;2024-08-01;7;26;30
ARBEITSSCHUH-HE-46-RT;2024-09-01;6;26;30
ARBEITSSCHUH-HE-46-RT;2024-10-01;5;26;30
ARBEITSSCHUH-HE-46-RT;2024-11-01;8;26;30
ARBEITSSCHUH-HE-46-RT;2024-12-01;6;26;30
BADESCHUH-HE-40-BG;2023-01-01;1;22;60
BADESCHUH-HE-40-BG;2023-02-01;1;22;60
BADESCHUH-HE-40-BG;2023-03-01;3;22;60
BADESCHUH-HE-40-BG;2023-04-01;8;22;60
BADESCHUH-HE-40-BG;2023-05-01;9;22;60
BADESCHUH-HE-40-BG;2023-06-01;16;22;60
BADESCHUH-HE-40-BG;2023-07-01;18;22;60
BADESCHUH-HE-40-BG;2023-08-01;17;22;60
BADESCHUH-HE-40-BG;2023-09-01;6;22;60
BADESCHUH-HE-40-BG;2023-10-01;3;22;60
BADESCHUH-HE-40-BG;2023-11-01;2;22;60
BADESCHUH-HE-40-BG;2023-12-01;1;22;60
BADESCHUH-HE-40-BG;2024-01-01;2;22;60
BADESCHUH-HE-40-BG;2024-02-01;1;22;60
BADESCHUH-HE-40-BG;2024-03-01;3;22;60
BADESCHUH-HE-40-BG;2024-04-01;8;22;60
BADESCHUH-HE-40-BG;2024-05-01;11;22;60
BADESCHUH-HE-40-BG;2024-06-01;17;22;60
BADESCHUH-HE-40-BG;2024-07-01;21;22;60
BADESCHUH-HE-40-BG;2024-08-01;16;22;60
BADESCHUH-HE-40-BG;2024-09-01;7;22;60
BADESCHUH-HE-40-BG;2024-10-01;2;22;60
BADESCHUH-HE-40-BG;2024-11-01;2;22;60
BADESCHUH-HE-40-BG;2024-12-01;1;22;60
BADESCHUH-HE-40-SW;2023-01-01;2;5;60
BADESCHUH-HE-40-SW;2023-02-01;3;5;60
BADESCHUH-HE-40-SW;2023-03-01;8;5;60
BADESCHUH-HE-40-SW;2023-04-01;16;5;60
BADESCHUH-HE-40-SW;2023-05-01;31;5;60
BADESCHUH-HE-40-SW;2023-06-01;44;5;60
BADESCHUH-HE-40-SW;2023-07-01;31;5;60
BADESCHUH-HE-40-SW;2023-08-01;33;5;60
BADESCHUH-HE-40-SW;2023-09-01;21;5;60
BADESCHUH-HE-40-SW;2023-10-01;7;5;60
BADESCHUH-HE-40-SW;2023-11-01;4;5;60
BADESCHUH-HE-40-SW;2023-12-01;3;5;60
BADESCHUH-HE-40-SW;2024-01-01;2;5;60
BADESCHUH-HE-40-SW;2024-02-01;4;5;60
BADESCHUH-HE-40-SW;2024-03-01;11;5;60
BADESCHUH-HE-40-SW;2024-04-01;18;5;60
BADESCHUH-HE-40-SW;2024-05-01;32;5;60
BADESCHUH-HE-40-SW;2024-06-01;44;5;60
BADESCHUH-HE-40-SW;2024-07-01;37;5;60
BADESCHUH-HE-40-SW;2024-08-01;26;5;60
BADESCHUH-HE-40-SW;2024-09-01;19;5;60
BADESCHUH-HE-40-SW;2024-10-01;8;5;60
BADESCHUH-HE-40-SW;2024-11-01;4;5;60
BADESCHUH-HE-40-SW;2024-12-01;3;5;60
BADESCHUH-HE-42-BG;2023-01-01;2;2;60
BADESCHUH-HE-42-BG;2023-02-01;3;2;60
BADESCHUH-HE-42-BG;2023-03-01;11;2;60
BADESCHUH-HE-42-BG;2023-04-01;13;2;60
BADESCHUH-HE-42-BG;2023-05-01;43;2;60
BADESCHUH-HE-42-BG;2023-06-01;32;2;60
BADESCHUH-HE-42-BG;2023-07-01;42;2;60
BADESCHUH-HE-42-BG;2023-08-01;22;2;60
BADESCHUH-HE-42-BG;2023-09-01;13;2;60
BADESCHUH-HE-42-BG;2023-10-01;5;2;60
BADESCHUH-HE-42-BG;2023-11-01;3;2;60
BADESCHUH-HE-42-BG;2023-12-01;2;2;60
BADESCHUH-HE-42-BG;2024-01-01;2;2;60
BADESCHUH-HE-42-BG;2024-02-01;2;2;60
BADESCHUH-HE-42-BG;2024-03-01;9;2;60
BADESCHUH-HE-42-BG;2024-04-01;20;2;60
BADESCHUH-HE-42-BG;2024-05-01;25;2;60
BADESCHUH-HE-42-BG;2024-06-01;36;2;60
BADESCHUH-HE-42-BG;2024-07-01;53;2;60
BADESCHUH-HE-42-BG;2024-08-01;20;2;60
BADESCHUH-HE-42-BG;2024-09-01;12;2;60
BADESCHUH-HE-42-BG;2024-10-01;5;2;60
BADESCHUH-HE-42-BG;2024-11-01;3;2;60
BADESCHUH-HE-42-BG;2024-12-01;2;2;60
BADESCHUH-HE-42-GR;2023-01-01;3;17;60
BADESCHUH-HE-42-GR;2023-02-01;4;17;60
BADESCHUH-HE-42-GR;2023-03-01;11;17;60
BADESCHUH-HE-42-GR;2023-04-01;18;17;60
BADESCHUH-HE-42-GR;2023-05-01;44;17;60
BADESCHUH-HE-42-GR;2023-06-01;56;17;60
BADESCHUH-HE-42-GR;2023-07-01;58;17;60
BADESCHUH-HE-42-GR;2023-08-01;52;17;60
BADESCHUH-HE-42-GR;2023-09-01;20;17;60
BADESCHUH-HE-42-GR;2023-10-01;6;17;60
BADESCHUH-HE-42-GR;2023-11-01;3;17;60
BADESCHUH-HE-42-GR;2023-12-01;3;17;60
BADESCHUH-HE-42-GR;2024-01-01;3;17;60
BADESCHUH-HE-42-GR;2024-02-01;5;17;60
BADESCHUH-HE-42-GR;2024-03-01;7;17;60
BADESCHUH-HE-42-GR;2024-04-01;21;17;60
BADESCHUH-HE-42-GR;2024-05-01;43;17;60
BADESCHUH-HE-42-GR;2024-06-01;58;17;60
BADESCHUH-HE-42-GR;2024-07-01;68;17;60
BADESCHUH-HE-42-GR;2024-08-01;60;17;60
BADESCHUH-HE-42-GR;2024-09-01;25;17;60
BADESCHUH-HE-42-GR;2024-10-01;10;17;60
BADESCHUH-HE-42-GR;2024-11-01;7;17;60
BADESCHUH-HE-42-GR;2024-12-01;3;17;60
BADESCHUH-HE-42-SW;2023-01-01;7;33;60
BADESCHUH-HE-42-SW;2023-02-01;11;33;60
BADESCHUH-HE-42-SW;2023-03-01;17;33;60
BADESCHUH-HE-42-SW;2023-04-01;44;33;60
BADESCHUH-HE-42-SW;2023-05-01;70;33;60
BADESCHUH-HE-42-SW;2023-06-01;79;33;60
BADESCHUH-HE-42-SW;2023-07-01;108;33;60
BADESCHUH-HE-42-SW;2023-08-01;86;33;60
BADESCHUH-HE-42-SW;2023-09-01;28;33;60
BADESCHUH-HE-42-SW;2023-10-01;15;33;60
BADESCHUH-HE-42-SW;2023-11-01;10;33;60
BADESCHUH-HE-42-SW;2023-12-01;8;33;60
BADESCHUH-HE-42-SW;2024-01-01;3;33;60
BADESCHUH-HE-42-SW;2024-02-01;5;33;60
BADESCHUH-HE-42-SW;2024-03-01;15;33;60
BADESCHUH-HE-42-SW;2024-04-01;36;33;60
BADESCHUH-HE-42-SW;2024-05-01;77;33;60
BADESCHUH-HE-42-SW;2024-06-01;108;33;60
BADESCHUH-HE-42-SW;2024-07-01;121;33;60
BADESCHUH-HE-42-SW;2024-08-01;73;33;60
BADESCHUH-HE-42-SW;2024-09-01;33;33;60
BADESCHUH-HE-42-SW;2024-10-01;15;33;60
BADESCHUH-HE-42-SW;2024-11-01;11;33;60
BADESCHUH-HE-42-SW;2024-12-01;6;33;60
BADESCHUH-HE-43-BG;2023-01-01;3;2;60
BADESCHUH-HE-43-BG;2023-02-01;5;2;60
BADESCHUH-HE-43-BG;2023-03-01;10;2;60
BADESCHUH-HE-43-BG;2023-04-01;19;2;60
BADESCHUH-HE-43-BG;2023-05-01;33;2;60
BADESCHUH-HE-43-BG;2023-06-01;54;2;60
BADESCHUH-HE-43-BG;2023-07-01;43;2;60
BADESCHUH-HE-43-BG;2023-08-01;26;2;60
BADESCHUH-HE-43-BG;2023-09-01;17;2;60
BADESCHUH-HE-43-BG;2023-10-01;7;2;60
BADESCHUH-HE-43-BG;2023-11-01;3;2;60
BADESCHUH-HE-43-BG;2023-12-01;3;2;60
BADESCHUH-HE-43-BG;2024-01-01;3;2;60
BADESCHUH-HE-43-BG;2024-02-01;5;2;60
BADESCHUH-HE-43-BG;2024-03-01;10;2;60
BADESCHUH-HE-43-BG;2024-04-01;22;2;60
BADESCHUH-HE-43-BG;2024-05-01;24;2;60
BADESCHUH-HE-43-BG;2024-06-01;56;2;60
BADESCHUH-HE-43-BG;2024-07-01;34;2;60
BADESCHUH-HE-43-BG;2024-08-01;22;2;60
BADESCHUH-HE-43-BG;2024-09-01;18;2;60
BADESCHUH-HE-43-BG;2024-10-01;5;2;60
BADESCHUH-HE-43-BG;2024-11-01;4;2;60
BADESCHUH-HE-43-BG;2024-12-01;4;2;60
BADESCHUH-HE-43-RT;2023-01-01;3;6;60
BADESCHUH-HE-43-RT;2023-02-01;1;6;60
BADESCHUH-HE-43-RT;2023-03-01;11;6;60
BADESCHUH-HE-43-RT;2023-04-01;19;6;60
BADESCHUH-HE-43-RT;2023-05-01;25;6;60
BADESCHUH-HE-43-RT;2023-06-01;34;6;60
BADESCHUH-HE-43-RT;2023-07-01;32;6;60
BADESCHUH-HE-43-RT;2023-08-01;28;6;60
BADESCHUH-HE-43-RT;2023-09-01;17;6;60
BADESCHUH-HE-43-RT;2023-10-01;8;6;60
BADESCHUH-HE-43-RT;2023-11-01;3;6;60
BADESCHUH-HE-43-RT;2023-12-01;3;6;60
BADESCHUH-HE-43-RT;2024-01-01;2;6;60
BADESCHUH-HE-43-RT;2024-02-01;3;6;60
BADESCHUH-HE-43-RT;2024-03-01;6;6;60
BADESCHUH-HE-43-RT;2024-04-01;12;6;60
BADESCHUH-HE-43-RT;2024-05-01;29;6;60
BADESCHUH-HE-43-RT;2024-06-01;52;6;60
BADESCHUH-HE-43-RT;2024-07-01;36;6;60
BADESCHUH-HE-43-RT;2024-08-01;34;6;60
BADESCHUH-HE-43-RT;2024-09-01;15;6;60
BADESCHUH-HE-43-RT;2024-10-01;7;6;60
BADESCHUH-HE-43-RT;2024-11-01;3;6;60
BADESCHUH-HE-43-RT;2024-12-01;2;6;60
BADESCHUH-HE-43-WS;2023-01-01;6;15;60
BADESCHUH-HE-43-WS;2023-02-01;6;15;60
BADESCHUH-HE-43-WS;2023-03-01;16;15;60
BADESCHUH-HE-43-WS;2023-04-01;35;15;60
BADESCHUH-HE-43-WS;2023-05-01;72;15;60
BADESCHUH-HE-43-WS;2023-06-01;96;15;60
BADESCHUH-HE-43-WS;2023-07-01;86;15;60
BADESCHUH-HE-43-WS;2023-08-01;67;15;60
BADESCHUH-HE-43-WS;2023-09-01;49;15;60
BADESCHUH-HE-43-WS;2023-10-01;15;15;60
BADESCHUH-HE-43-WS;2023-11-01;9;15;60
BADESCHUH-HE-43-WS;2023-12-01;7;15;60
BADESCHUH-HE-43-WS;2024-01-01;8;15;60
BADESCHUH-HE-43-WS;2024-02-01;8;15;60
BADESCHUH-HE-43-WS;2024-03-01;20;15;60
BADESCHUH-HE-43-WS;2024-04-01;40;15;60
BADESCHUH-HE-43-WS;2024-05-01;63;15;60
BADESCHUH-HE-43-WS;2024-06-01;87;15;60
BADESCHUH-HE-43-WS;2024-07-01;109;15;60
BADESCHUH-HE-43-WS;2024-08-01;88;15;60
BADESCHUH-HE-43-WS;2024-09-01;36;15;60
BADESCHUH-HE-43-WS;2024-10-01;16;15;60
BADESCHUH-HE-43-WS;2024-11-01;9;15;60
BADESCHUH-HE-43-WS;2024-12-01;6;15;60
BADESCHUH-HE-44-RT;2023-01-01;2;9;60
BADESCHUH-HE-44-RT;2023-02-01;4;9;60
BADESCHUH-HE-44-RT;2023-03-01;7;9;60
BADESCHUH-HE-44-RT;2023-04-01;17;9;60
BADESCHUH-HE-44-RT;2023-05-01;28;9;60
BADESCHUH-HE-44-RT;2023-06-01;41;9;60
BADESCHUH-HE-44-RT;2023-07-01;47;9;60
BADESCHUH-HE-44-RT;2023-08-01;18;9;60
BADESCHUH-HE-44-RT;2023-09-01;12;9;60
BADESCHUH-HE-44-RT;2023-10-01;6;9;60
BADESCHUH-HE-44-RT;2023-11-01;3;9;60
BADESCHUH-HE-44-RT;2023-12-01;3;9;60
BADESCHUH-HE-44-RT;2024-01-01;2;9;60
BADESCHUH-HE-44-RT;2024-02-01;4;9;60
BADESCHUH-HE-44-RT;2024-03-01;10;9;60
BADESCHUH-HE-44-RT;2024-04-01;19;9;60
BADESCHUH-HE-44-RT;2024-05-01;21;9;60
BADESCHUH-HE-44-RT;2024-06-01;40;9;60
BADESCHUH-HE-44-RT;2024-07-01;46;9;60
BADESCHUH-HE-44-RT;2024-08-01;30;9;60
BADESCHUH-HE-44-RT;2024-09-01;19;9;60
BADESCHUH-HE-44-RT;2024-10-01;7;9;60
BADESCHUH-HE-44-RT;2024-11-01;5;9;60
BADESCHUH-HE-44-RT;2024-12-01;3;9;60
BADESCHUH-HE-44-WS;2023-01-01;4;45;60
BADESCHUH-HE-44-WS;2023-02-01;8;45;60
BADESCHUH-HE-44-WS;2023-03-01;16;45;60
BADESCHUH-HE-44-WS;2023-04-01;37;45;60
BADESCHUH-HE-44-WS;2023-05-01;66;45;60
BADESCHUH-HE-44-WS;2023-06-01;92;45;60
BADESCHUH-HE-44-WS;2023-07-01;70;45;60
BADESCHUH-HE-44-WS;2023-08-01;64;45;60
BADESCHUH-HE-44-WS;2023-09-01;38;45;60
BADESCHUH-HE-44-WS;2023-10-01;16;45;60
BADESCHUH-HE-44-WS;2023-11-01;8;45;60
BADESCHUH-HE-44-WS;2023-12-01;4;45;60
BADESCHUH-HE-44-WS;2024-01-01;6;45;60
BADESCHUH-HE-44-WS;2024-02-01;9;45;60
BADESCHUH-HE-44-WS;2024-03-01;20;45;60
BADESCHUH-HE-44-WS;2024-04-01;29;45;60
BADESCHUH-HE-44-WS;2024-05-01;42;45;60
BADESCHUH-HE-44-WS;2024-06-01;99;45;60
BADESCHUH-HE-44-WS;2024-07-01;70;45;60
BADESCHUH-HE-44-WS;2024-08-01;51;45;60
BADESCHUH-HE-44-WS;2024-09-01;29;45;60
BADESCHUH-HE-44-WS;2024-10-01;11;45;60
BADESCHUH-HE-44-WS;2024-11-01;9;45;60
BADESCHUH-HE-44-WS;2024-12-01;5;45;60
BADESCHUH-HE-45-BG;2023-01-01;2;3;60
BADESCHUH-HE-45-BG;2023-02-01;2;3;60
BADESCHUH-HE-45-BG;2023-03-01;5;3;60
BADESCHUH-HE-45-BG;2023-04-01;14;3;60
BADESCHUH-HE-45-BG;2023-05-01;30;3;60
BADESCHUH-HE-45-BG;2023-06-01;32;3;60
BADESCHUH-HE-45-BG;2023-07-01;19;3;60
BADESCHUH-HE-45-BG;2023-08-01;31;3;60
BADESCHUH-HE-45-BG;2023-09-01;13;3;60
BADESCHUH-HE-45-BG;2023-10-01;5;3;60
BADESCHUH-HE-45-BG;2023-11-01;2;3;60
BADESCHUH-HE-45-BG;2023-12-01;2;3;60
BADESCHUH-HE-45-BG;2024-01-01;2;3;60
BADESCHUH-HE-45-BG;2024-02-01;2;3;60
BADESCHUH-HE-45-BG;2024-03-01;6;3;60
BADESCHUH-HE-45-BG;2024-04-01;12;3;60
BADESCHUH-HE-45-BG;2024-05-01;11;3;60
BADESCHUH-HE-45-BG;2024-06-01;15;3;60
BADESCHUH-HE-45-BG;2024-07-01;30;3;60
BADESCHUH-HE-45-BG;2024-08-01;19;3;60
BADESCHUH-HE-45-BG;2024-09-01;11;3;60
BADESCHUH-HE-45-BG;2024-10-01;4;3;60
BADESCHUH-HE-45-BG;2024-11-01;2;3;60
BADESCHUH-HE-45-BG;2024-12-01;1;3;60
BADESCHUH-HE-45-BR;2023-01-01;3;10;60
BADESCHUH-HE-45-BR;2023-02-01;4;10;60
BADESCHUH-HE-45-BR;2023-03-01;9;10;60
BADESCHUH-HE-45-BR;2023-04-01;20;10;60
BADESCHUH-HE-45-BR;2023-05-01;30;10;60
BADESCHUH-HE-45-BR;2023-06-01;71;10;60
BADESCHUH-HE-45-BR;2023-07-01;57;10;60
BADESCHUH-HE-45-BR;2023-08-01;40;10;60
BADESCHUH-HE-45-BR;2023-09-01;19;10;60
BADESCHUH-HE-45-BR;2023-10-01;10;10;60
BADESCHUH-HE-45-BR;2023-11-01;5;10;60
BADESCHUH-HE-45-BR;2023-12-01;4;10;60
BADESCHUH-HE-45-BR;2024-01-01;4;10;60
BADESCHUH-HE-45-BR;2024-02-01;3;10;60
BADESCHUH-HE-45-BR;2024-03-01;11;10;60
BADESCHUH-HE-45-BR;2024-04-01;16;10;60
BADESCHUH-HE-45-BR;2024-05-01;30;10;60
BADESCHUH-HE-45-BR;2024-06-01;47;10;60
BADESCHUH-HE-45-BR;2024-07-01;59;10;60
BADESCHUH-HE-45-BR;2024-08-01;42;10;60
BADESCHUH-HE-45-BR;2024-09-01;22;10;60
BADESCHUH-HE-45-BR;2024-10-01;10;10;60
BADESCHUH-HE-45-BR;2024-11-01;6;10;60
BADESCHUH-HE-45-BR;2024-12-01;2;10;60
BADESCHUH-HE-45-SW;2023-01-01;6;6;60
BADESCHUH-HE-45-SW;2023-02-01;5;6;60
BADESCHUH-HE-45-SW;2023-03-01;14;6;60
BADESCHUH-HE-45-SW;2023-04-01;35;6;60
BADESCHUH-HE-45-SW;2023-05-01;52;6;60
BADESCHUH-HE-45-SW;2023-06-01;80;6;60
BADESCHUH-HE-45-SW;2023-07-01;35;6;60
BADESCHUH-HE-45-SW;2023-08-01;62;6;60
BADESCHUH-HE-45-SW;2023-09-01;30;6;60
BADESCHUH-HE-45-SW;2023-10-01;10;6;60
BADESCHUH-HE-45-SW;2023-11-01;7;6;60
BADESCHUH-HE-45-SW;2023-12-01;4;6;60
BADESCHUH-HE-45-SW;2024-01-01;4;6;60
BADESCHUH-HE-45-SW;2024-02-01;6;6;60
BADESCHUH-HE-45-SW;2024-03-01;14;6;60
BADESCHUH-HE-45-SW;2024-04-01;22;6;60
BADESCHUH-HE-45-SW;2024-05-01;52;6;60
BADESCHUH-HE-45-SW;2024-06-01;86;6;60
BADESCHUH-HE-45-SW;2024-07-01;44;6;60
BADESCHUH-HE-45-SW;2024-08-01;51;6;60
BADESCHUH-HE-45-SW;2024-09-01;26;6;60
BADESCHUH-HE-45-SW;2024-10-01;8;6;60
BADESCHUH-HE-45-SW;2024-11-01;6;6;60
BADESCHUH-HE-45-SW;2024-12-01;4;6;60
BUEROSCHUH-DA-36-BG;2023-01-01;6;3;35
BUEROSCHUH-DA-36-BG;2023-02-01;5;3;35
BUEROSCHUH-DA-36-BG;2023-03-01;8;3;35
BUEROSCHUH-DA-36-BG;2023-04-01;7;3;35
BUEROSCHUH-DA-36-BG;2023-05-01;7;3;35
BUEROSCHUH-DA-36-BG;2023-06-01;7;3;35
BUEROSCHUH-DA-36-BG;2023-07-01;5;3;35
BUEROSCHUH-DA-36-BG;2023-08-01;7;3;35
BUEROSCHUH-DA-36-BG;2023-09-01;7;3;35
BUEROSCHUH-DA-36-BG;2023-10-01;7;3;35
BUEROSCHUH-DA-36-BG;2023-11-01;9;3;35
BUEROSCHUH-DA-36-BG;2023-12-01;8;3;35
BUEROSCHUH-DA-36-BG;2024-01-01;6;3;35
BUEROSCHUH-DA-36-BG;2024-02-01;5;3;35
BUEROSCHUH-DA-36-BG;2024-03-01;8;3;35
BUEROSCHUH-DA-36-BG;2024-04-01;9;3;35
BUEROSCHUH-DA-36-BG;2024-05-01;6;3;35
BUEROSCHUH-DA-36-BG;2024-06-01;7;3;35
BUEROSCHUH-DA-36-BG;2024-07-01;6;3;35
BUEROSCHUH-DA-36-BG;2024-08-01;6;3;35
BUEROSCHUH-DA-36-BG;2024-09-01;5;3;35
BUEROSCHUH-DA-36-BG;2024-10-01;5;3;35
BUEROSCHUH-DA-36-BG;2024-11-01;6;3;35
BUEROSCHUH-DA-36-BG;2024-12-01;7;3;35
BUEROSCHUH-DA-36-BR;2023-01-01;9;24;35
BUEROSCHUH-DA-36-BR;2023-02-01;11;24;35
BUEROSCHUH-DA-36-BR;2023-03-01;15;24;35
BUEROSCHUH-DA-36-BR;2023-04-01;11;24;35
BUEROSCHUH-DA-36-BR;2023-05-01;13;24;35
BUEROSCHUH-DA-36-BR;2023-06-01;11;24;35
BUEROSCHUH-DA-36-BR;2023-07-01;11;24;35
BUEROSCHUH-DA-36-BR;2023-08-01;15;24;35
BUEROSCHUH-DA-36-BR;2023-09-01;15;24;35
BUEROSCHUH-DA-36-BR;2023-10-01;13;24;35
BUEROSCHUH-DA-36-BR;2023-11-01;14;24;35
BUEROSCHUH-DA-36-BR;2023-12-01;21;24;35
BUEROSCHUH-DA-36-BR;2024-01-01;9;24;35
BUEROSCHUH-DA-36-BR;2024-02-01;7;24;35
BUEROSCHUH-DA-36-BR;2024-03-01;18;24;35
BUEROSCHUH-DA-36-BR;2024-04-01;17;24;35
BUEROSCHUH-DA-36-BR;2024-05-01;15;24;35
BUEROSCHUH-DA-36-BR;2024-06-01;11;24;35
BUEROSCHUH-DA-36-BR;2024-07-01;10;24;35
BUEROSCHUH-DA-36-BR;2024-08-01;9;24;35
BUEROSCHUH-DA-36-BR;2024-09-01;15;24;35
BUEROSCHUH-DA-36-BR;2024-10-01;15;24;35
BUEROSCHUH-DA-36-BR;2024-11-01;16;24;35
BUEROSCHUH-DA-36-BR;2024-12-01;17;24;35
BUEROSCHUH-DA-36-WS;2023-01-01;10;24;35
BUEROSCHUH-DA-36-WS;2023-02-01;12;24;35
BUEROSCHUH-DA-36-WS;2023-03-01;17;24;35
BUEROSCHUH-DA-36-WS;2023-04-01;14;24;35
BUEROSCHUH-DA-36-WS;2023-05-01;15;24;35
BUEROSCHUH-DA-36-WS;2023-06-01;13;24;35
BUEROSCHUH-DA-36-WS;2023-07-01;9;24;35
BUEROSCHUH-DA-36-WS;2023-08-01;15;24;35
BUEROSCHUH-DA-36-WS;2023-09-01;14;24;35
BUEROSCHUH-DA-36-WS;2023-10-01;13;24;35
BUEROSCHUH-DA-36-WS;2023-11-01;12;24;35
BUEROSCHUH-DA-36-WS;2023-12-01;16;24;35
BUEROSCHUH-DA-36-WS;2024-01-01;13;24;35
BUEROSCHUH-DA-36-WS;2024-02-01;10;24;35
BUEROSCHUH-DA-36-WS;2024-03-01;17;24;35
BUEROSCHUH-DA-36-WS;2024-04-01;14;24;35
BUEROSCHUH-DA-36-WS;2024-05-01;13;24;35
BUEROSCHUH-DA-36-WS;2024-06-01;11;24;35
BUEROSCHUH-DA-36-WS;2024-07-01;11;24;35
BUEROSCHUH-DA-36-WS;2024-08-01;12;24;35
BUEROSCHUH-DA-36-WS;2024-09-01;11;24;35
BUEROSCHUH-DA-36-WS;2024-10-01;11;24;35
BUEROSCHUH-DA-36-WS;2024-11-01;13;24;35
BUEROSCHUH-DA-36-WS;2024-12-01;12;24;35
BUEROSCHUH-DA-38-RT;2023-01-01;11;20;35
BUEROSCHUH-DA-38-RT;2023-02-01;15;20;35
BUEROSCHUH-DA-38-RT;2023-03-01;10;20;35
BUEROSCHUH-DA-38-RT;2023-04-01;13;20;35
BUEROSCHUH-DA-38-RT;2023-05-01;20;20;35
BUEROSCHUH-DA-38-RT;2023-06-01;11;20;35
BUEROSCHUH-DA-38-RT;2023-07-01;12;20;35
BUEROSCHUH-DA-38-RT;2023-08-01;10;20;35
BUEROSCHUH-DA-38-RT;2023-09-01;13;20;35
BUEROSCHUH-DA-38-RT;2023-10-01;8;20;35
BUEROSCHUH-DA-38-RT;2023-11-01;12;20;35
BUEROSCHUH-DA-38-RT;2023-12-01;13;20;35
BUEROSCHUH-DA-38-RT;2024-01-01;8;20;35
BUEROSCHUH-DA-38-RT;2024-02-01;8;20;35
BUEROSCHUH-DA-38-RT;2024-03-01;10;20;35
BUEROSCHUH-DA-38-RT;2024-04-01;12;20;35
BUEROSCHUH-DA-38-RT;2024-05-01;11;20;35
BUEROSCHUH-DA-38-RT;2024-06-01;11;20;35
BUEROSCHUH-DA-38-RT;2024-07-01;7;20;35
BUEROSCHUH-DA-38-RT;2024-08-01;11;20;35
BUEROSCHUH-DA-38-RT;2024-09-01;10;20;35
BUEROSCHUH-DA-38-RT;2024-10-01;10;20;35
BUEROSCHUH-DA-38-RT;2024-11-01;9;20;35
BUEROSCHUH-DA-38-RT;2024-12-01;14;20;35
BUEROSCHUH-DA-39-BR;2023-01-01;27;31;35
BUEROSCHUH-DA-39-BR;2023-02-01;37;31;35
BUEROSCHUH-DA-39-BR;2023-03-01;24;31;35
BUEROSCHUH-DA-39-BR;2023-04-01;28;31;35
BUEROSCHUH-DA-39-BR;2023-05-01;29;31;35
BUEROSCHUH-DA-39-BR;2023-06-01;31;31;35
BUEROSCHUH-DA-39-BR;2023-07-01;25;31;35
BUEROSCHUH-DA-39-BR;2023-08-01;20;31;35
BUEROSCHUH-DA-39-BR;2023-09-01;36;31;35
BUEROSCHUH-DA-39-BR;2023-10-01;23;31;35
BUEROSCHUH-DA-39-BR;2023-11-01;19;31;35
BUEROSCHUH-DA-39-BR;2023-12-01;36;31;35
BUEROSCHUH-DA-39-BR;2024-01-01;20;31;35
BUEROSCHUH-DA-39-BR;2024-02-01;26;31;35
BUEROSCHUH-DA-39-BR;2024-03-01;30;31;35
BUEROSCHUH-DA-39-BR;2024-04-01;32;31;35
BUEROSCHUH-DA-39-BR;2024-05-01;22;31;35
BUEROSCHUH-DA-39-BR;2024-06-01;22;31;35
BUEROSCHUH-DA-39-BR;2024-07-01;19;31;35
BUEROSCHUH-DA-39-BR;2024-08-01;29;31;35
BUEROSCHUH-DA-39-BR;2024-09-01;34;31;35
BUEROSCHUH-DA-39-BR;2024-10-01;28;31;35
BUEROSCHUH-DA-39-BR;2024-11-01;24;31;35
BUEROSCHUH-DA-39-BR;2024-12-01;22;31;35
BUEROSCHUH-DA-39-GR;2023-01-01;15;39;35
BUEROSCHUH-DA-39-GR;2023-02-01;11;39;35
BUEROSCHUH-DA-39-GR;2023-03-01;19;39;35
BUEROSCHUH-DA-39-GR;2023-04-01;15;39;35
BUEROSCHUH-DA-39-GR;2023-05-01;19;39;35
BUEROSCHUH-DA-39-GR;2023-06-01;21;39;35
BUEROSCHUH-DA-39-GR;2023-07-01;17;39;35
BUEROSCHUH-DA-39-GR;2023-08-01;18;39;35
BUEROSCHUH-DA-39-GR;2023-09-01;20;39;35
BUEROSCHUH-DA-39-GR;2023-10-01;17;39;35
BUEROSCHUH-DA-39-GR;2023-11-01;15;39;35
BUEROSCHUH-DA-39-GR;2023-12-01;25;39;35
BUEROSCHUH-DA-39-GR;2024-01-01;13;39;35
BUEROSCHUH-DA-39-GR;2024-02-01;19;39;35
BUEROSCHUH-DA-39-GR;2024-03-01;21;39;35
BUEROSCHUH-DA-39-GR;2024-04-01;18;39;35
BUEROSCHUH-DA-39-GR;2024-05-01;13;39;35
BUEROSCHUH-DA-39-GR;2024-06-01;18;39;35
BUEROSCHUH-DA-39-GR;2024-07-01;23;39;35
BUEROSCHUH-DA-39-GR;2024-08-01;25;39;35
BUEROSCHUH-DA-39-GR;2024-09-01;18;39;35
BUEROSCHUH-DA-39-GR;2024-10-01;19;39;35
BUEROSCHUH-DA-39-GR;2024-11-01;16;39;35
BUEROSCHUH-DA-39-GR;2024-12-01;29;39;35
BUEROSCHUH-DA-40-BG;2023-01-01;12;105;35
BUEROSCHUH-DA-40-BG;2023-02-01;10;105;35
BUEROSCHUH-DA-40-BG;2023-03-01;10;105;35
BUEROSCHUH-DA-40-BG;2023-04-01;11;105;35
BUEROSCHUH-DA-40-BG;2023-05-01;13;105;35
BUEROSCHUH-DA-40-BG;2023-06-01;11;105;35
BUEROSCHUH-DA-40-BG;2023-07-01;11;105;35
BUEROSCHUH-DA-40-BG;2023-08-01;15;105;35
BUEROSCHUH-DA-40-BG;2023-09-01;17;105;35
BUEROSCHUH-DA-40-BG;2023-10-01;12;105;35
BUEROSCHUH-DA-40-BG;2023-11-01;14;105;35
BUEROSCHUH-DA-40-BG;2023-12-01;13;105;35
BUEROSCHUH-DA-40-BG;2024-01-01;14;105;35
BUEROSCHUH-DA-40-BG;2024-02-01;9;105;35
BUEROSCHUH-DA-40-BG;2024-03-01;18;105;35
BUEROSCHUH-DA-40-BG;2024-04-01;13;105;35
BUEROSCHUH-DA-40-BG;2024-05-01;14;105;35
BUEROSCHUH-DA-40-BG;2024-06-01;10;105;35
BUEROSCHUH-DA-40-BG;2024-07-01;10;105;35
BUEROSCHUH-DA-40-BG;2024-08-01;17;105;35
BUEROSCHUH-DA-40-BG;2024-09-01;17;105;35
BUEROSCHUH-DA-40-BG;2024-10-01;14;105;35
BUEROSCHUH-DA-40-BG;2024-11-01;17;105;35
BUEROSCHUH-DA-40-BG;2024-12-01;10;105;35
BUEROSCHUH-DA-40-GR;2023-01-01;9;27;35
BUEROSCHUH-DA-40-GR;2023-02-01;15;27;35
BUEROSCHUH-DA-40-GR;2023-03-01;19;27;35
BUEROSCHUH-DA-40-GR;2023-04-01;14;27;35
BUEROSCHUH-DA-40-GR;2023-05-01;19;27;35
BUEROSCHUH-DA-40-GR;2023-06-01;16;27;35
BUEROSCHUH-DA-40-GR;2023-07-01;17;27;35
BUEROSCHUH-DA-40-GR;2023-08-01;16;27;35
BUEROSCHUH-DA-40-GR;2023-09-01;17;27;35
BUEROSCHUH-DA-40-GR;2023-10-01;12;27;35
BUEROSCHUH-DA-40-GR;2023-11-01;13;27;35
BUEROSCHUH-DA-40-GR;2023-12-01;22;27;35
BUEROSCHUH-DA-40-GR;2024-01-01;14;27;35
BUEROSCHUH-DA-40-GR;2024-02-01;12;27;35
BUEROSCHUH-DA-40-GR;2024-03-01;17;27;35
BUEROSCHUH-DA-40-GR;2024-04-01;19;27;35
BUEROSCHUH-DA-40-GR;2024-05-01;12;27;35
BUEROSCHUH-DA-40-GR;2024-06-01;11;27;35
BUEROSCHUH-DA-40-GR;2024-07-01;11;27;35
BUEROSCHUH-DA-40-GR;2024-08-01;11;27;35
BUEROSCHUH-DA-40-GR;2024-09-01;16;27;35
BUEROSCHUH-DA-40-GR;2024-10-01;12;27;35
BUEROSCHUH-DA-40-GR;2024-11-01;13;27;35
BUEROSCHUH-DA-40-GR;2024-12-01;16;27;35
BUEROSCHUH-DA-41-GR;2023-01-01;7;7;35
BUEROSCHUH-DA-41-GR;2023-02-01;6;7;35
BUEROSCHUH-DA-41-GR;2023-03-01;8;7;35
BUEROSCHUH-DA-41-GR;2023-04-01;8;7;35
BUEROSCHUH-DA-41-GR;2023-05-01;7;7;35
BUEROSCHUH-DA-41-GR;2023-06-01;8;7;35
BUEROSCHUH-DA-41-GR;2023-07-01;8;7;35
BUEROSCHUH-DA-41-GR;2023-08-01;7;7;35
BUEROSCHUH-DA-41-GR;2023-09-01;11;7;35
BUEROSCHUH-DA-41-GR;2023-10-01;8;7;35
BUEROSCHUH-DA-41-GR;2023-11-01;6;7;35
BUEROSCHUH-DA-41-GR;2023-12-01;10;7;35
BUEROSCHUH-DA-41-GR;2024-01-01;9;7;35
BUEROSCHUH-DA-41-GR;2024-02-01;8;7;35
BUEROSCHUH-DA-41-GR;2024-03-01;7;7;35
BUEROSCHUH-DA-41-GR;2024-04-01;5;7;35
BUEROSCHUH-DA-41-GR;2024-05-01;9;7;35
BUEROSCHUH-DA-41-GR;2024-06-01;8;7;35
BUEROSCHUH-DA-41-GR;2024-07-01;7;7;35
BUEROSCHUH-DA-41-GR;2024-08-01;9;7;35
BUEROSCHUH-DA-41-GR;2024-09-01;10;7;35
BUEROSCHUH-DA-41-GR;2024-10-01;7;7;35
BUEROSCHUH-DA-41-GR;2024-11-01;10;7;35
BUEROSCHUH-DA-41-GR;2024-12-01;11;7;35
CHELSEABOOT-DA-36-BR;2023-01-01;9;41;55
CHELSEABOOT-DA-36-BR;2023-02-01;9;41;55
CHELSEABOOT-DA-36-BR;2023-03-01;16;41;55
CHELSEABOOT-DA-36-BR;2023-04-01;20;41;55
CHELSEABOOT-DA-36-BR;2023-05-01;18;41;55
CHELSEABOOT-DA-36-BR;2023-06-01;10;41;55
CHELSEABOOT-DA-36-BR;2023-07-01;11;41;55
CHELSEABOOT-DA-36-BR;2023-08-01;10;41;55
CHELSEABOOT-DA-36-BR;2023-09-01;18;41;55
CHELSEABOOT-DA-36-BR;2023-10-01;16;41;55
CHELSEABOOT-DA-36-BR;2023-11-01;10;41;55
CHELSEABOOT-DA-36-BR;2023-12-01;12;41;55
CHELSEABOOT-DA-36-BR;2024-01-01;7;41;55
CHELSEABOOT-DA-36-BR;2024-02-01;7;41;55
CHELSEABOOT-DA-36-BR;2024-03-01;12;41;55
CHELSEABOOT-DA-36-BR;2024-04-01;18;41;55
CHELSEABOOT-DA-36-BR;2024-05-01;10;41;55
CHELSEABOOT-DA-36-BR;2024-06-01;11;41;55
CHELSEABOOT-DA-36-BR;2024-07-01;8;41;55
CHELSEABOOT-DA-36-BR;2024-08-01;12;41;55
CHELSEABOOT-DA-36-BR;2024-09-01;18;41;55
CHELSEABOOT-DA-36-BR;2024-10-01;17;41;55
CHELSEABOOT-DA-36-BR;2024-11-01;10;41;55
CHELSEABOOT-DA-36-BR;2024-12-01;12;41;55
CHELSEABOOT-DA-36-NV;2023-01-01;8;17;55
CHELSEABOOT-DA-36-NV;2023-02-01;9;17;55
CHELSEABOOT-DA-36-NV;2023-03-01;11;17;55
CHELSEABOOT-DA-36-NV;2023-04-01;11;17;55
CHELSEABOOT-DA-36-NV;2023-05-01;11;17;55
CHELSEABOOT-DA-36-NV;2023-06-01;10;17;55
CHELSEABOOT-DA-36-NV;2023-07-01;9;17;55
CHELSEABOOT-DA-36-NV;2023-08-01;10;17;55
CHELSEABOOT-DA-36-NV;2023-09-01;15;17;55
CHELSEABOOT-DA-36-NV;2023-10-01;16;17;55
CHELSEABOOT-DA-36-NV;2023-11-01;7;17;55
CHELSEABOOT-DA-36-NV;2023-12-01;9;17;55
CHELSEABOOT-DA-36-NV;2024-01-01;11;17;55
CHELSEABOOT-DA-36-NV;2024-02-01;11;17;55
CHELSEABOOT-DA-36-NV;2024-03-01;17;17;55
CHELSEABOOT-DA-36-NV;2024-04-01;16;17;55
CHELSEABOOT-DA-36-NV;2024-05-01;12;17;55
CHELSEABOOT-DA-36-NV;2024-06-01;9;17;55
CHELSEABOOT-DA-36-NV;2024-07-01;9;17;55
CHELSEABOOT-DA-36-NV;2024-08-01;10;17;55
CHELSEABOOT-DA-36-NV;2024-09-01;16;17;55
CHELSEABOOT-DA-36-NV;2024-10-01;22;17;55
CHELSEABOOT-DA-36-NV;2024-11-01;11;17;55
CHELSEABOOT-DA-36-NV;2024-12-01;8;17;55
CHELSEABOOT-DA-36-WS;2023-01-01;9;51;55
CHELSEABOOT-DA-36-WS;2023-02-01;13;51;55
CHELSEABOOT-DA-36-WS;2023-03-01;19;51;55
CHELSEABOOT-DA-36-WS;2023-04-01;30;51;55
CHELSEABOOT-DA-36-WS;2023-05-01;15;51;55
CHELSEABOOT-DA-36-WS;2023-06-01;9;51;55
CHELSEABOOT-DA-36-WS;2023-07-01;10;51;55
CHELSEABOOT-DA-36-WS;2023-08-01;12;51;55
CHELSEABOOT-DA-36-WS;2023-09-01;22;51;55
CHELSEABOOT-DA-36-WS;2023-10-01;16;51;55
CHELSEABOOT-DA-36-WS;2023-11-01;15;51;55
CHELSEABOOT-DA-36-WS;2023-12-01;15;51;55
CHELSEABOOT-DA-36-WS;2024-01-01;10;51;55
CHELSEABOOT-DA-36-WS;2024-02-01;13;51;55
CHELSEABOOT-DA-36-WS;2024-03-01;17;51;55
CHELSEABOOT-DA-36-WS;2024-04-01;23;51;55
CHELSEABOOT-DA-36-WS;2024-05-01;19;51;55
CHELSEABOOT-DA-36-WS;2024-06-01;11;51;55
CHELSEABOOT-DA-36-WS;2024-07-01;8;51;55
CHELSEABOOT-DA-36-WS;2024-08-01;16;51;55
CHELSEABOOT-DA-36-WS;2024-09-01;25;51;55
CHELSEABOOT-DA-36-WS;2024-10-01;27;51;55
CHELSEABOOT-DA-36-WS;2024-11-01;22;51;55
CHELSEABOOT-DA-36-WS;2024-12-01;9;51;55
CHELSEABOOT-DA-37-RT;2023-01-01;7;66;55
CHELSEABOOT-DA-37-RT;2023-02-01;5;66;55
CHELSEABOOT-DA-37-RT;2023-03-01;14;66;55
CHELSEABOOT-DA-37-RT;2023-04-01;9;66;55
CHELSEABOOT-DA-37-RT;2023-05-01;12;66;55
CHELSEABOOT-DA-37-RT;2023-06-01;10;66;55
CHELSEABOOT-DA-37-RT;2023-07-01;6;66;55
CHELSEABOOT-DA-37-RT;2023-08-01;9;66;55
CHELSEABOOT-DA-37-RT;2023-09-01;17;66;55
CHELSEABOOT-DA-37-RT;2023-10-01;16;66;55
CHELSEABOOT-DA-37-RT;2023-11-01;13;66;55
CHELSEABOOT-DA-37-RT;2023-12-01;11;66;55
CHELSEABOOT-DA-37-RT;2024-01-01;8;66;55
CHELSEABOOT-DA-37-RT;2024-02-01;7;66;55
CHELSEABOOT-DA-37-RT;2024-03-01;15;66;55
CHELSEABOOT-DA-37-RT;2024-04-01;20;66;55
CHELSEABOOT-DA-37-RT;2024-05-01;14;66;55
CHELSEABOOT-DA-37-RT;2024-06-01;8;66;55
CHELSEABOOT-DA-37-RT;2024-07-01;9;66;55
CHELSEABOOT-DA-37-RT;2024-08-01;10;66;55
CHELSEABOOT-DA-37-RT;2024-09-01;19;66;55
CHELSEABOOT-DA-37-RT;2024-10-01;19;66;55
CHELSEABOOT-DA-37-RT;2024-11-01;10;66;55
CHELSEABOOT-DA-37-RT;2024-12-01;11;66;55
CHELSEABOOT-DA-38-BG;2023-01-01;16;12;55
CHELSEABOOT-DA-38-BG;2023-02-01;6;12;55
CHELSEABOOT-DA-38-BG;2023-03-01;28;12;55
CHELSEABOOT-DA-38-BG;2023-04-01;26;12;55
CHELSEABOOT-DA-38-BG;2023-05-01;19;12;55
CHELSEABOOT-DA-38-BG;2023-06-01;12;12;55
CHELSEABOOT-DA-38-BG;2023-07-01;10;12;55
CHELSEABOOT-DA-38-BG;2023-08-01;16;12;55
CHELSEABOOT-DA-38-BG;2023-09-01;24;12;55
CHELSEABOOT-DA-38-BG;2023-10-01;28;12;55
CHELSEABOOT-DA-38-BG;2023-11-01;12;12;55
CHELSEABOOT-DA-38-BG;2023-12-01;9;12;55
CHELSEABOOT-DA-38-BG;2024-01-01;14;12;55
CHELSEABOOT-DA-38-BG;2024-02-01;14;12;55
CHELSEABOOT-DA-38-BG;2024-03-01;20;12;55
CHELSEABOOT-DA-38-BG;2024-04-01;29;12;55
CHELSEABOOT-DA-38-BG;2024-05-01;13;12;55
CHELSEABOOT-DA-38-BG;2024-06-01;13;12;55
CHELSEABOOT-DA-38-BG;2024-07-01;8;12;55
CHELSEABOOT-DA-38-BG;2024-08-01;18;12;55
CHELSEABOOT-DA-38-BG;2024-09-01;23;12;55
CHELSEABOOT-DA-38-BG;2024-10-01;22;12;55
CHELSEABOOT-DA-38-BG;2024-11-01;14;12;55
CHELSEABOOT-DA-38-BG;2024-12-01;15;12;55
CHELSEABOOT-DA-39-BR;2023-01-01;22;32;55
CHELSEABOOT-DA-39-BR;2023-02-01;22;32;55
CHELSEABOOT-DA-39-BR;2023-03-01;31;32;55
CHELSEABOOT-DA-39-BR;2023-04-01;38;32;55
CHELSEABOOT-DA-39-BR;2023-05-01;34;32;55
CHELSEABOOT-DA-39-BR;2023-06-01;20;32;55
CHELSEABOOT-DA-39-BR;2023-07-01;20;32;55
CHELSEABOOT-DA-39-BR;2023-08-01;25;32;55
CHELSEABOOT-DA-39-BR;2023-09-01;41;32;55
CHELSEABOOT-DA-39-BR;2023-10-01;51;32;55
CHELSEABOOT-DA-39-BR;2023-11-01;27;32;55
CHELSEABOOT-DA-39-BR;2023-12-01;22;32;55
CHELSEABOOT-DA-39-BR;2024-01-01;27;32;55
CHELSEABOOT-DA-39-BR;2024-02-01;22;32;55
CHELSEABOOT-DA-39-BR;2024-03-01;40;32;55
CHELSEABOOT-DA-39-BR;2024-04-01;52;32;55
CHELSEABOOT-DA-39-BR;2024-05-01;23;32;55
CHELSEABOOT-DA-39-BR;2024-06-01;30;32;55
CHELSEABOOT-DA-39-BR;2024-07-01;25;32;55
CHELSEABOOT-DA-39-BR;2024-08-01;25;32;55
CHELSEABOOT-DA-39-BR;2024-09-01;47;32;55
CHELSEABOOT-DA-39-BR;2024-10-01;28;32;55
CHELSEABOOT-DA-39-BR;2024-11-01;33;32;55
CHELSEABOOT-DA-39-BR;2024-12-01;25;32;55
CHELSEABOOT-DA-39-NV;2023-01-01;13;23;55
CHELSEABOOT-DA-39-NV;2023-02-01;16;23;55
CHELSEABOOT-DA-39-NV;2023-03-01;31;23;55
CHELSEABOOT-DA-39-NV;2023-04-01;29;23;55
CHELSEABOOT-DA-39-NV;2023-05-01;24;23;55
CHELSEABOOT-DA-39-NV;2023-06-01;19;23;55
CHELSEABOOT-DA-39-NV;2023-07-01;19;23;55
CHELSEABOOT-DA-39-NV;2023-08-01;26;23;55
CHELSEABOOT-DA-39-NV;2023-09-01;40;23;55
CHELSEABOOT-DA-39-NV;2023-10-01;48;23;55
CHELSEABOOT-DA-39-NV;2023-11-01;27;23;55
CHELSEABOOT-DA-39-NV;2023-12-01;22;23;55
CHELSEABOOT-DA-39-NV;2024-01-01;16;23;55
CHELSEABOOT-DA-39-NV;2024-02-01;24;23;55
CHELSEABOOT-DA-39-NV;2024-03-01;36;23;55
CHELSEABOOT-DA-39-NV;2024-04-01;47;23;55
CHELSEABOOT-DA-39-NV;2024-05-01;18;23;55
CHELSEABOOT-DA-39-NV;2024-06-01;18;23;55
CHELSEABOOT-DA-39-NV;2024-07-01;15;23;55
CHELSEABOOT-DA-39-NV;2024-08-01;20;23;55
CHELSEABOOT-DA-39-NV;2024-09-01;42;23;55
CHELSEABOOT-DA-39-NV;2024-10-01;29;23;55
CHELSEABOOT-DA-39-NV;2024-11-01;29;23;55
CHELSEABOOT-DA-39-NV;2024-12-01;26;23;55
CHELSEABOOT-DA-40-BR;2023-01-01;18;119;55
CHELSEABOOT-DA-40-BR;2023-02-01;17;119;55
CHELSEABOOT-DA-40-BR;2023-03-01;31;119;55
CHELSEABOOT-DA-40-BR;2023-04-01;21;119;55
CHELSEABOOT-DA-40-BR;2023-05-01;20;119;55
CHELSEABOOT-DA-40-BR;2023-06-01;20;119;55
CHELSEABOOT-DA-40-BR;2023-07-01;19;119;55
CHELSEABOOT-DA-40-BR;2023-08-01;22;119;55
CHELSEABOOT-DA-40-BR;2023-09-01;33;119;55
CHELSEABOOT-DA-40-BR;2023-10-01;31;119;55
CHELSEABOOT-DA-40-BR;2023-11-01;31;119;55
CHELSEABOOT-DA-40-BR;2023-12-01;17;119;55
CHELSEABOOT-DA-40-BR;2024-01-01;13;119;55
CHELSEABOOT-DA-40-BR;2024-02-01;19;119;55
CHELSEABOOT-DA-40-BR;2024-03-01;25;119;55
CHELSEABOOT-DA-40-BR;2024-04-01;42;119;55
CHELSEABOOT-DA-40-BR;2024-05-01;20;119;55
CHELSEABOOT-DA-40-BR;2024-06-01;21;119;55
CHELSEABOOT-DA-40-BR;2024-07-01;20;119;55
CHELSEABOOT-DA-40-BR;2024-08-01;19;119;55
CHELSEABOOT-DA-40-BR;2024-09-01;31;119;55
CHELSEABOOT-DA-40-BR;2024-10-01;28;119;55
CHELSEABOOT-DA-40-BR;2024-11-01;22;119;55
CHELSEABOOT-DA-40-BR;2024-12-01;21;119;55
CHELSEABOOT-DA-40-GR;2023-01-01;12;49;55
CHELSEABOOT-DA-40-GR;2023-02-01;13;49;55
CHELSEABOOT-DA-40-GR;2023-03-01;28;49;55
CHELSEABOOT-DA-40-GR;2023-04-01;20;49;55
CHELSEABOOT-DA-40-GR;2023-05-01;18;49;55
CHELSEABOOT-DA-40-GR;2023-06-01;12;49;55
CHELSEABOOT-DA-40-GR;2023-07-01;9;49;55
CHELSEABOOT-DA-40-GR;2023-08-01;15;49;55
CHELSEABOOT-DA-40-GR;2023-09-01;17;49;55
CHELSEABOOT-DA-40-GR;2023-10-01;32;49;55
CHELSEABOOT-DA-40-GR;2023-11-01;21;49;55
CHELSEABOOT-DA-40-GR;2023-12-01;15;49;55
CHELSEABOOT-DA-40-GR;2024-01-01;13;49;55
CHELSEABOOT-DA-40-GR;2024-02-01;10;49;55
CHELSEABOOT-DA-40-GR;2024-03-01;24;49;55
CHELSEABOOT-DA-40-GR;2024-04-01;30;49;55
CHELSEABOOT-DA-40-GR;2024-05-01;20;49;55
CHELSEABOOT-DA-40-GR;2024-06-01;11;49;55
CHELSEABOOT-DA-40-GR;2024-07-01;12;49;55
CHELSEABOOT-DA-40-GR;2024-08-01;12;49;55
CHELSEABOOT-DA-40-GR;2024-09-01;28;49;55
CHELSEABOOT-DA-40-GR;2024-10-01;27;49;55
CHELSEABOOT-DA-40-GR;2024-11-01;22;49;55
CHELSEABOOT-DA-40-GR;2024-12-01;14;49;55
CHELSEABOOT-DA-40-RT;2023-01-01;5;12;55
CHELSEABOOT-DA-40-RT;2023-02-01;8;12;55
CHELSEABOOT-DA-40-RT;2023-03-01;13;12;55
CHELSEABOOT-DA-40-RT;2023-04-01;9;12;55
CHELSEABOOT-DA-40-RT;2023-05-01;13;12;55
CHELSEABOOT-DA-40-RT;2023-06-01;7;12;55
CHELSEABOOT-DA-40-RT;2023-07-01;7;12;55
CHELSEABOOT-DA-40-RT;2023-08-01;8;12;55
CHELSEABOOT-DA-40-RT;2023-09-01;12;12;55
CHELSEABOOT-DA-40-RT;2023-10-01;15;12;55
CHELSEABOOT-DA-40-RT;2023-11-01;9;12;55
CHELSEABOOT-DA-40-RT;2023-12-01;6;12;55
CHELSEABOOT-DA-40-RT;2024-01-01;7;12;55
CHELSEABOOT-DA-40-RT;2024-02-01;6;12;55
CHELSEABOOT-DA-40-RT;2024-03-01;14;12;55
CHELSEABOOT-DA-40-RT;2024-04-01;11;12;55
CHELSEABOOT-DA-40-RT;2024-05-01;10;12;55
CHELSEABOOT-DA-40-RT;2024-06-01;7;12;55
CHELSEABOOT-DA-40-RT;2024-07-01;8;12;55
CHELSEABOOT-DA-40-RT;2024-08-01;7;12;55
CHELSEABOOT-DA-40-RT;2024-09-01;10;12;55
CHELSEABOOT-DA-40-RT;2024-10-01;15;12;55
CHELSEABOOT-DA-40-RT;2024-11-01;9;12;55
CHELSEABOOT-DA-40-RT;2024-12-01;6;12;55
CHELSEABOOT-DA-41-SW;2023-01-01;15;22;55
CHELSEABOOT-DA-41-SW;2023-02-01;16;22;55
CHELSEABOOT-DA-41-SW;2023-03-01;27;22;55
CHELSEABOOT-DA-41-SW;2023-04-01;29;22;55
CHELSEABOOT-DA-41-SW;2023-05-01;15;22;55
CHELSEABOOT-DA-41-SW;2023-06-01;14;22;55
CHELSEABOOT-DA-41-SW;2023-07-01;15;22;55
CHELSEABOOT-DA-41-SW;2023-08-01;15;22;55
CHELSEABOOT-DA-41-SW;2023-09-01;26;22;55
CHELSEABOOT-DA-41-SW;2023-10-01;19;22;55
CHELSEABOOT-DA-41-SW;2023-11-01;21;22;55
CHELSEABOOT-DA-41-SW;2023-12-01;11;22;55
CHELSEABOOT-DA-41-SW;2024-01-01;11;22;55
CHELSEABOOT-DA-41-SW;2024-02-01;13;22;55
CHELSEABOOT-DA-41-SW;2024-03-01;23;22;55
CHELSEABOOT-DA-41-SW;2024-04-01;25;22;55
CHELSEABOOT-DA-41-SW;2024-05-01;9;22;55
CHELSEABOOT-DA-41-SW;2024-06-01;17;22;55
CHELSEABOOT-DA-41-SW;2024-07-01;12;22;55
CHELSEABOOT-DA-41-SW;2024-08-01;17;22;55
CHELSEABOOT-DA-41-SW;2024-09-01;17;22;55
CHELSEABOOT-DA-41-SW;2024-10-01;23;22;55
CHELSEABOOT-DA-41-SW;2024-11-01;18;22;55
CHELSEABOOT-DA-41-SW;2024-12-01;18;22;55
ESPADRILLE-DA-36-BG;2023-01-01;1;5;70
ESPADRILLE-DA-36-BG;2023-02-01;1;5;70
ESPADRILLE-DA-36-BG;2023-03-01;3;5;70
ESPADRILLE-DA-36-BG;2023-04-01;7;5;70
ESPADRILLE-DA-36-BG;2023-05-01;8;5;70
ESPADRILLE-DA-36-BG;2023-06-01;14;5;70
ESPADRILLE-DA-36-BG;2023-07-01;19;5;70
ESPADRILLE-DA-36-BG;2023-08-01;10;5;70
ESPADRILLE-DA-36-BG;2023-09-01;6;5;70
ESPADRILLE-DA-36-BG;2023-10-01;3;5;70
ESPADRILLE-DA-36-BG;2023-11-01;2;5;70
ESPADRILLE-DA-36-BG;2023-12-01;1;5;70
ESPADRILLE-DA-36-BG;2024-01-01;1;5;70
ESPADRILLE-DA-36-BG;2024-02-01;1;5;70
ESPADRILLE-DA-36-BG;2024-03-01;3;5;70
ESPADRILLE-DA-36-BG;2024-04-01;5;5;70
ESPADRILLE-DA-36-BG;2024-05-01;6;5;70
ESPADRILLE-DA-36-BG;2024-06-01;14;5;70
ESPADRILLE-DA-36-BG;2024-07-01;14;5;70
ESPADRILLE-DA-36-BG;2024-08-01;12;5;70
ESPADRILLE-DA-36-BG;2024-09-01;6;5;70
ESPADRILLE-DA-36-BG;2024-10-01;2;5;70
ESPADRILLE-DA-36-BG;2024-11-01;2;5;70
ESPADRILLE-DA-36-BG;2024-12-01;1;5;70
ESPADRILLE-DA-37-BR;2023-01-01;2;45;70
ESPADRILLE-DA-37-BR;2023-02-01;2;45;70
ESPADRILLE-DA-37-BR;2023-03-01;7;45;70
ESPADRILLE-DA-37-BR;2023-04-01;19;45;70
ESPADRILLE-DA-37-BR;2023-05-01;29;45;70
ESPADRILLE-DA-37-BR;2023-06-01;51;45;70
ESPADRILLE-DA-37-BR;2023-07-01;48;45;70
ESPADRILLE-DA-37-BR;2023-08-01;33;45;70
ESPADRILLE-DA-37-BR;2023-09-01;13;45;70
ESPADRILLE-DA-37-BR;2023-10-01;7;45;70
ESPADRILLE-DA-37-BR;2023-11-01;4;45;70
ESPADRILLE-DA-37-BR;2023-12-01;3;45;70
ESPADRILLE-DA-37-BR;2024-01-01;2;45;70
ESPADRILLE-DA-37-BR;2024-02-01;4;45;70
ESPADRILLE-DA-37-BR;2024-03-01;10;45;70
ESPADRILLE-DA-37-BR;2024-04-01;9;45;70
ESPADRILLE-DA-37-BR;2024-05-01;30;45;70
ESPADRILLE-DA-37-BR;2024-06-01;48;45;70
ESPADRILLE-DA-37-BR;2024-07-01;49;45;70
ESPADRILLE-DA-37-BR;2024-08-01;27;45;70
ESPADRILLE-DA-37-BR;2024-09-01;15;45;70
ESPADRILLE-DA-37-BR;2024-10-01;6;45;70
ESPADRILLE-DA-37-BR;2024-11-01;2;45;70
ESPADRILLE-DA-37-BR;2024-12-01;4;45;70
ESPADRILLE-DA-37-GR;2023-01-01;2;2;70
ESPADRILLE-DA-37-GR;2023-02-01;3;2;70
ESPADRILLE-DA-37-GR;2023-03-01;6;2;70
ESPADRILLE-DA-37-GR;2023-04-01;14;2;70
ESPADRILLE-DA-37-GR;2023-05-01;23;2;70
ESPADRILLE-DA-37-GR;2023-06-01;21;2;70
ESPADRILLE-DA-37-GR;2023-07-01;39;2;70
ESPADRILLE-DA-37-GR;2023-08-01;33;2;70
ESPADRILLE-DA-37-GR;2023-09-01;11;2;70
ESPADRILLE-DA-37-GR;2023-10-01;6;2;70
ESPADRILLE-DA-37-GR;2023-11-01;3;2;70
ESPADRILLE-DA-37-GR;2023-12-01;2;2;70
ESPADRILLE-DA-37-GR;2024-01-01;3;2;70
ESPADRILLE-DA-37-GR;2024-02-01;3;2;70
ESPADRILLE-DA-37-GR;2024-03-01;8;2;70
ESPADRILLE-DA-37-GR;2024-04-01;12;2;70
ESPADRILLE-DA-37-GR;2024-05-01;26;2;70
ESPADRILLE-DA-37-GR;2024-06-01;17;2;70
ESPADRILLE-DA-37-GR;2024-07-01;32;2;70
ESPADRILLE-DA-37-GR;2024-08-01;26;2;70
ESPADRILLE-DA-37-GR;2024-09-01;15;2;70
ESPADRILLE-DA-37-GR;2024-10-01;3;2;70
ESPADRILLE-DA-37-GR;2024-11-01;2;2;70
ESPADRILLE-DA-37-GR;2024-12-01;1;2;70
ESPADRILLE-DA-38-NV;2023-01-01;3;11;70
ESPADRILLE-DA-38-NV;2023-02-01;4;11;70
ESPADRILLE-DA-38-NV;2023-03-01;7;11;70
ESPADRILLE-DA-38-NV;2023-04-01;18;11;70
ESPADRILLE-DA-38-NV;2023-05-01;28;11;70
ESPADRILLE-DA-38-NV;2023-06-01;50;11;70
ESPADRILLE-DA-38-NV;2023-07-01;44;11;70
ESPADRILLE-DA-38-NV;2023-08-01;37;11;70
ESPADRILLE-DA-38-NV;2023-09-01;19;11;70
ESPADRILLE-DA-38-NV;2023-10-01;6;11;70
ESPADRILLE-DA-38-NV;2023-11-01;5;11;70
ESPADRILLE-DA-38-NV;2023-12-01;2;11;70
ESPADRILLE-DA-38-NV;2024-01-01;4;11;70
ESPADRILLE-DA-38-NV;2024-02-01;5;11;70
ESPADRILLE-DA-38-NV;2024-03-01;13;11;70
ESPADRILLE-DA-38-NV;2024-04-01;17;11;70
ESPADRILLE-DA-38-NV;2024-05-01;39;11;70
ESPADRILLE-DA-38-NV;2024-06-01;65;11;70
ESPADRILLE-DA-38-NV;2024-07-01;49;11;70
ESPADRILLE-DA-38-NV;2024-08-01;37;11;70
ESPADRILLE-DA-38-NV;2024-09-01;26;11;70
ESPADRILLE-DA-38-NV;2024-10-01;9;11;70
ESPADRILLE-DA-38-NV;2024-11-01;5;11;70
ESPADRILLE-DA-38-NV;2024-12-01;5;11;70
ESPADRILLE-DA-40-NV;2023-01-01;3;17;70
ESPADRILLE-DA-40-NV;2023-02-01;3;17;70
ESPADRILLE-DA-40-NV;2023-03-01;9;17;70
ESPADRILLE-DA-40-NV;2023-04-01;17;17;70
ESPADRILLE-DA-40-NV;2023-05-01;27;17;70
ESPADRILLE-DA-40-NV;2023-06-01;46;17;70
ESPADRILLE-DA-40-NV;2023-07-01;31;17;70
ESPADRILLE-DA-40-NV;2023-08-01;35;17;70
ESPADRILLE-DA-40-NV;2023-09-01;12;17;70
ESPADRILLE-DA-40-NV;2023-10-01;7;17;70
ESPADRILLE-DA-40-NV;2023-11-01;3;17;70
ESPADRILLE-DA-40-NV;2023-12-01;3;17;70
ESPADRILLE-DA-40-NV;2024-01-01;2;17;70
ESPADRILLE-DA-40-NV;2024-02-01;4;17;70
ESPADRILLE-DA-40-NV;2024-03-01;8;17;70
ESPADRILLE-DA-40-NV;2024-04-01;18;17;70
ESPADRILLE-DA-40-NV;2024-05-01;29;17;70
ESPADRILLE-DA-40-NV;2024-06-01;37;17;70
ESPADRILLE-DA-40-NV;2024-07-01;31;17;70
ESPADRILLE-DA-40-NV;2024-08-01;25;17;70
ESPADRILLE-DA-40-NV;2024-09-01;13;17;70
ESPADRILLE-DA-40-NV;2024-10-01;9;17;70
ESPADRILLE-DA-40-NV;2024-11-01;3;17;70
ESPADRILLE-DA-40-NV;2024-12-01;4;17;70
ESPADRILLE-DA-40-WS;2023-01-01;4;25;70
ESPADRILLE-DA-40-WS;2023-02-01;6;25;70
ESPADRILLE-DA-40-WS;2023-03-01;8;25;70
ESPADRILLE-DA-40-WS;2023-04-01;17;25;70
ESPADRILLE-DA-40-WS;2023-05-01;31;25;70
ESPADRILLE-DA-40-WS;2023-06-01;68;25;70
ESPADRILLE-DA-40-WS;2023-07-01;63;25;70
ESPADRILLE-DA-40-WS;2023-08-01;37;25;70
ESPADRILLE-DA-40-WS;2023-09-01;15;25;70
ESPADRILLE-DA-40-WS;2023-10-01;8;25;70
ESPADRILLE-DA-40-WS;2023-11-01;5;25;70
ESPADRILLE-DA-40-WS;2023-12-01;4;25;70
ESPADRILLE-DA-40-WS;2024-01-01;3;25;70
ESPADRILLE-DA-40-WS;2024-02-01;4;25;70
ESPADRILLE-DA-40-WS;2024-03-01;15;25;70
ESPADRILLE-DA-40-WS;2024-04-01;29;25;70
ESPADRILLE-DA-40-WS;2024-05-01;37;25;70
ESPADRILLE-DA-40-WS;2024-06-01;77;25;70
ESPADRILLE-DA-40-WS;2024-07-01;76;25;70
ESPADRILLE-DA-40-WS;2024-08-01;60;25;70
ESPADRILLE-DA-40-WS;2024-09-01;23;25;70
ESPADRILLE-DA-40-WS;2024-10-01;11;25;70
ESPADRILLE-DA-40-WS;2024-11-01;8;25;70
ESPADRILLE-DA-40-WS;2024-12-01;3;25;70
ESPADRILLE-DA-41-BR;2023-01-01;2;4;70
ESPADRILLE-DA-41-BR;2023-02-01;2;4;70
ESPADRILLE-DA-41-BR;2023-03-01;4;4;70
ESPADRILLE-DA-41-BR;2023-04-01;10;4;70
ESPADRILLE-DA-41-BR;2023-05-01;20;4;70
ESPADRILLE-DA-41-BR;2023-06-01;29;4;70
ESPADRILLE-DA-41-BR;2023-07-01;20;4;70
ESPADRILLE-DA-41-BR;2023-08-01;18;4;70
ESPADRILLE-DA-41-BR;2023-09-01;6;4;70
ESPADRILLE-DA-41-BR;2023-10-01;6;4;70
ESPADRILLE-DA-41-BR;2023-11-01;2;4;70
ESPADRILLE-DA-41-BR;2023-12-01;2;4;70
ESPADRILLE-DA-41-BR;2024-01-01;2;4;70
ESPADRILLE-DA-41-BR;2024-02-01;2;4;70
ESPADRILLE-DA-41-BR;2024-03-01;6;4;70
ESPADRILLE-DA-41-BR;2024-04-01;15;4;70
ESPADRILLE-DA-41-BR;2024-05-01;20;4;70
ESPADRILLE-DA-41-BR;2024-06-01;28;4;70
ESPADRILLE-DA-41-BR;2024-07-01;22;4;70
ESPADRILLE-DA-41-BR;2024-08-01;16;4;70
ESPADRILLE-DA-41-BR;2024-09-01;7;4;70
ESPADRILLE-DA-41-BR;2024-10-01;5;4;70
ESPADRILLE-DA-41-BR;2024-11-01;3;4;70
ESPADRILLE-DA-41-BR;2024-12-01;2;4;70
ESPADRILLE-DA-41-SW;2023-01-01;2;1;70
ESPADRILLE-DA-41-SW;2023-02-01;3;1;70
ESPADRILLE-DA-41-SW;2023-03-01;6;1;70
ESPADRILLE-DA-41-SW;2023-04-01;15;1;70
ESPADRILLE-DA-41-SW;2023-05-01;25;1;70
ESPADRILLE-DA-41-SW;2023-06-01;36;1;70
ESPADRILLE-DA-41-SW;2023-07-01;34;1;70
ESPADRILLE-DA-41-SW;2023-08-01;22;1;70
ESPADRILLE-DA-41-SW;2023-09-01;11;1;70
ESPADRILLE-DA-41-SW;2023-10-01;4;1;70
ESPADRILLE-DA-41-SW;2023-11-01;3;1;70
ESPADRILLE-DA-41-SW;2023-12-01;2;1;70
ESPADRILLE-DA-41-SW;2024-01-01;3;1;70
ESPADRILLE-DA-41-SW;2024-02-01;4;1;70
ESPADRILLE-DA-41-SW;2024-03-01;6;1;70
ESPADRILLE-DA-41-SW;2024-04-01;11;1;70
ESPADRILLE-DA-41-SW;2024-05-01;17;1;70
ESPADRILLE-DA-41-SW;2024-06-01;35;1;70
ESPADRILLE-DA-41-SW;2024-07-01;32;1;70
ESPADRILLE-DA-41-SW;2024-08-01;24;1;70
ESPADRILLE-DA-41-SW;2024-09-01;9;1;70
ESPADRILLE-DA-41-SW;2024-10-01;3;1;70
ESPADRILLE-DA-41-SW;2024-11-01;2;1;70
ESPADRILLE-DA-41-SW;2024-12-01;2;1;70
FILZPANTOFFEL-HE-40-SW;2023-01-01;17;51;21
FILZPANTOFFEL-HE-40-SW;2023-02-01;10;51;21
FILZPANTOFFEL-HE-40-SW;2023-03-01;8;51;21
FILZPANTOFFEL-HE-40-SW;2023-04-01;7;51;21
FILZPANTOFFEL-HE-40-SW;2023-05-01;5;51;21
FILZPANTOFFEL-HE-40-SW;2023-06-01;3;51;21
FILZPANTOFFEL-HE-40-SW;2023-07-01;4;51;21
FILZPANTOFFEL-HE-40-SW;2023-08-01;5;51;21
FILZPANTOFFEL-HE-40-SW;2023-09-01;11;51;21
FILZPANTOFFEL-HE-40-SW;2023-10-01;9;51;21
FILZPANTOFFEL-HE-40-SW;2023-11-01;25;51;21
FILZPANTOFFEL-HE-40-SW;2023-12-01;29;51;21
FILZPANTOFFEL-HE-40-SW;2024-01-01;15;51;21
FILZPANTOFFEL-HE-40-SW;2024-02-01;14;51;21
FILZPANTOFFEL-HE-40-SW;2024-03-01;7;51;21
FILZPANTOFFEL-HE-40-SW;2024-04-01;7;51;21
FILZPANTOFFEL-HE-40-SW;2024-05-01;4;51;21
FILZPANTOFFEL-HE-40-SW;2024-06-01;3;51;21
FILZPANTOFFEL-HE-40-SW;2024-07-01;4;51;21
FILZPANTOFFEL-HE-40-SW;2024-08-01;6;51;21
FILZPANTOFFEL-HE-40-SW;2024-09-01;11;51;21
FILZPANTOFFEL-HE-40-SW;2024-10-01;15;51;21
FILZPANTOFFEL-HE-40-SW;2024-11-01;22;51;21
FILZPANTOFFEL-HE-40-SW;2024-12-01;19;51;21
FILZPANTOFFEL-HE-42-WS;2023-01-01;29;178;21
FILZPANTOFFEL-HE-42-WS;2023-02-01;16;178;21
FILZPANTOFFEL-HE-42-WS;2023-03-01;18;178;21
FILZPANTOFFEL-HE-42-WS;2023-04-01;15;178;21
FILZPANTOFFEL-HE-42-WS;2023-05-01;7;178;21
FILZPANTOFFEL-HE-42-WS;2023-06-01;7;178;21
FILZPANTOFFEL-HE-42-WS;2023-07-01;7;178;21
FILZPANTOFFEL-HE-42-WS;2023-08-01;12;178;21
FILZPANTOFFEL-HE-42-WS;2023-09-01;19;178;21
FILZPANTOFFEL-HE-42-WS;2023-10-01;31;178;21
FILZPANTOFFEL-HE-42-WS;2023-11-01;31;178;21
FILZPANTOFFEL-HE-42-WS;2023-12-01;43;178;21
FILZPANTOFFEL-HE-42-WS;2024-01-01;28;178;21
FILZPANTOFFEL-HE-42-WS;2024-02-01;30;178;21
FILZPANTOFFEL-HE-42-WS;2024-03-01;17;178;21
FILZPANTOFFEL-HE-42-WS;2024-04-01;8;178;21
FILZPANTOFFEL-HE-42-WS;2024-05-01;9;178;21
FILZPANTOFFEL-HE-42-WS;2024-06-01;6;178;21
FILZPANTOFFEL-HE-42-WS;2024-07-01;8;178;21
FILZPANTOFFEL-HE-42-WS;2024-08-01;8;178;21
FILZPANTOFFEL-HE-42-WS;2024-09-01;21;178;21
FILZPANTOFFEL-HE-42-WS;2024-10-01;37;178;21
FILZPANTOFFEL-HE-42-WS;2024-11-01;59;178;21
FILZPANTOFFEL-HE-42-WS;2024-12-01;58;178;21
FILZPANTOFFEL-HE-43-NV;2023-01-01;27;92;21
FILZPANTOFFEL-HE-43-NV;2023-02-01;21;92;21
FILZPANTOFFEL-HE-43-NV;2023-03-01;19;92;21
FILZPANTOFFEL-HE-43-NV;2023-04-01;9;92;21
FILZPANTOFFEL-HE-43-NV;2023-05-01;9;92;21
FILZPANTOFFEL-HE-43-NV;2023-06-01;6;92;21
FILZPANTOFFEL-HE-43-NV;2023-07-01;7;92;21
FILZPANTOFFEL-HE-43-NV;2023-08-01;7;92;21
FILZPANTOFFEL-HE-43-NV;2023-09-01;20;92;21
FILZPANTOFFEL-HE-43-NV;2023-10-01;18;92;21
FILZPANTOFFEL-HE-43-NV;2023-11-01;43;92;21
FILZPANTOFFEL-HE-43-NV;2023-12-01;35;92;21
FILZPANTOFFEL-HE-43-NV;2024-01-01;24;92;21
FILZPANTOFFEL-HE-43-NV;2024-02-01;19;92;21
FILZPANTOFFEL-HE-43-NV;2024-03-01;15;92;21
FILZPANTOFFEL-HE-43-NV;2024-04-01;10;92;21
FILZPANTOFFEL-HE-43-NV;2024-05-01;9;92;21
FILZPANTOFFEL-HE-43-NV;2024-06-01;5;92;21
FILZPANTOFFEL-HE-43-NV;2024-07-01;5;92;21
FILZPANTOFFEL-HE-43-NV;2024-08-01;10;92;21
FILZPANTOFFEL-HE-43-NV;2024-09-01;15;92;21
FILZPANTOFFEL-HE-43-NV;2024-10-01;29;92;21
FILZPANTOFFEL-HE-43-NV;2024-11-01;41;92;21
FILZPANTOFFEL-HE-43-NV;2024-12-01;41;92;21
FILZPANTOFFEL-HE-43-RT;2023-01-01;15;42;21
FILZPANTOFFEL-HE-43-RT;2023-02-01;8;42;21
FILZPANTOFFEL-HE-43-RT;2023-03-01;7;42;21
FILZPANTOFFEL-HE-43-RT;2023-04-01;5;42;21
FILZPANTOFFEL-HE-43-RT;2023-05-01;4;42;21
FILZPANTOFFEL-HE-43-RT;2023-06-01;3;42;21
FILZPANTOFFEL-HE-43-RT;2023-07-01;4;42;21
FILZPANTOFFEL-HE-43-RT;2023-08-01;4;42;21
FILZPANTOFFEL-HE-43-RT;2023-09-01;9;42;21
FILZPANTOFFEL-HE-43-RT;2023-10-01;16;42;21
FILZPANTOFFEL-HE-43-RT;2023-11-01;15;42;21
FILZPANTOFFEL-HE-43-RT;2023-12-01;28;42;21
FILZPANTOFFEL-HE-43-RT;2024-01-01;16;42;21
FILZPANTOFFEL-HE-43-RT;2024-02-01;14;42;21
FILZPANTOFFEL-HE-43-RT;2024-03-01;9;42;21
FILZPANTOFFEL-HE-43-RT;2024-04-01;6;42;21
FILZPANTOFFEL-HE-43-RT;2024-05-01;3;42;21
FILZPANTOFFEL-HE-43-RT;2024-06-01;4;42;21
FILZPANTOFFEL-HE-43-RT;2024-07-01;4;42;21
FILZPANTOFFEL-HE-43-RT;2024-08-01;5;42;21
FILZPANTOFFEL-HE-43-RT;2024-09-01;13;42;21
FILZPANTOFFEL-HE-43-RT;2024-10-01;18;42;21
FILZPANTOFFEL-HE-43-RT;2024-11-01;22;42;21
FILZPANTOFFEL-HE-43-RT;2024-12-01;13;42;21
FILZPANTOFFEL-HE-43-SW;2023-01-01;37;32;21
FILZPANTOFFEL-HE-43-SW;2023-02-01;29;32;21
FILZPANTOFFEL-HE-43-SW;2023-03-01;25;32;21
FILZPANTOFFEL-HE-43-SW;2023-04-01;13;32;21
FILZPANTOFFEL-HE-43-SW;2023-05-01;11;32;21
FILZPANTOFFEL-HE-43-SW;2023-06-01;6;32;21
FILZPANTOFFEL-HE-43-SW;2023-07-01;11;32;21
FILZPANTOFFEL-HE-43-SW;2023-08-01;13;32;21
FILZPANTOFFEL-HE-43-SW;2023-09-01;23;32;21
FILZPANTOFFEL-HE-43-SW;2023-10-01;45;32;21
FILZPANTOFFEL-HE-43-SW;2023-11-01;58;32;21
FILZPANTOFFEL-HE-43-SW;2023-12-01;74;32;21
FILZPANTOFFEL-HE-43-SW;2024-01-01;54;32;21
FILZPANTOFFEL-HE-43-SW;2024-02-01;28;32;21
FILZPANTOFFEL-HE-43-SW;2024-03-01;17;32;21
FILZPANTOFFEL-HE-43-SW;2024-04-01;17;32;21
FILZPANTOFFEL-HE-43-SW;2024-05-01;12;32;21
FILZPANTOFFEL-HE-43-SW;2024-06-01;7;32;21
FILZPANTOFFEL-HE-43-SW;2024-07-01;5;32;21
FILZPANTOFFEL-HE-43-SW;2024-08-01;13;32;21
FILZPANTOFFEL-HE-43-SW;2024-09-01;29;32;21
FILZPANTOFFEL-HE-43-SW;2024-10-01;51;32;21
FILZPANTOFFEL-HE-43-SW;2024-11-01;43;32;21
FILZPANTOFFEL-HE-43-SW;2024-12-01;50;32;21
FILZPANTOFFEL-HE-44-RT;2023-01-01;14;58;21
FILZPANTOFFEL-HE-44-RT;2023-02-01;10;58;21
FILZPANTOFFEL-HE-44-RT;2023-03-01;9;58;21
FILZPANTOFFEL-HE-44-RT;2023-04-01;6;58;21
FILZPANTOFFEL-HE-44-RT;2023-05-01;3;58;21
FILZPANTOFFEL-HE-44-RT;2023-06-01;4;58;21
FILZPANTOFFEL-HE-44-RT;2023-07-01;3;58;21
FILZPANTOFFEL-HE-44-RT;2023-08-01;5;58;21
FILZPANTOFFEL-HE-44-RT;2023-09-01;9;58;21
FILZPANTOFFEL-HE-44-RT;2023-10-01;8;58;21
FILZPANTOFFEL-HE-44-RT;2023-11-01;27;58;21
FILZPANTOFFEL-HE-44-RT;2023-12-01;23;58;21
FILZPANTOFFEL-HE-44-RT;2024-01-01;12;58;21
FILZPANTOFFEL-HE-44-RT;2024-02-01;11;58;21
FILZPANTOFFEL-HE-44-RT;2024-03-01;6;58;21
FILZPANTOFFEL-HE-44-RT;2024-04-01;4;58;21
FILZPANTOFFEL-HE-44-RT;2024-05-01;3;58;21
FILZPANTOFFEL-HE-44-RT;2024-06-01;3;58;21
FILZPANTOFFEL-HE-44-RT;2024-07-01;2;58;21
FILZPANTOFFEL-HE-44-RT;2024-08-01;4;58;21
FILZPANTOFFEL-HE-44-RT;2024-09-01;8;58;21
FILZPANTOFFEL-HE-44-RT;2024-10-01;19;58;21
FILZPANTOFFEL-HE-44-RT;2024-11-01;23;58;21
FILZPANTOFFEL-HE-44-RT;2024-12-01;20;58;21
FILZPANTOFFEL-HE-45-WS;2023-01-01;21;45;21
FILZPANTOFFEL-HE-45-WS;2023-02-01;21;45;21
FILZPANTOFFEL-HE-45-WS;2023-03-01;12;45;21
FILZPANTOFFEL-HE-45-WS;2023-04-01;6;45;21
FILZPANTOFFEL-HE-45-WS;2023-05-01;6;45;21
FILZPANTOFFEL-HE-45-WS;2023-06-01;4;45;21
FILZPANTOFFEL-HE-45-WS;2023-07-01;4;45;21
FILZPANTOFFEL-HE-45-WS;2023-08-01;7;45;21
FILZPANTOFFEL-HE-45-WS;2023-09-01;10;45;21
FILZPANTOFFEL-HE-45-WS;2023-10-01;22;45;21
FILZPANTOFFEL-HE-45-WS;2023-11-01;32;45;21
FILZPANTOFFEL-HE-45-WS;2023-12-01;35;45;21
FILZPANTOFFEL-HE-45-WS;2024-01-01;22;45;21
FILZPANTOFFEL-HE-45-WS;2024-02-01;15;45;21
FILZPANTOFFEL-HE-45-WS;2024-03-01;15;45;21
FILZPANTOFFEL-HE-45-WS;2024-04-01;9;45;21
FILZPANTOFFEL-HE-45-WS;2024-05-01;8;45;21
FILZPANTOFFEL-HE-45-WS;2024-06-01;6;45;21
FILZPANTOFFEL-HE-45-WS;2024-07-01;7;45;21
FILZPANTOFFEL-HE-45-WS;2024-08-01;9;45;21
FILZPANTOFFEL-HE-45-WS;2024-09-01;15;45;21
FILZPANTOFFEL-HE-45-WS;2024-10-01;23;45;21
FILZPANTOFFEL-HE-45-WS;2024-11-01;18;45;21
FILZPANTOFFEL-HE-45-WS;2024-12-01;56;45;21
FILZPANTOFFEL-HE-46-WS;2023-01-01;12;10;21
FILZPANTOFFEL-HE-46-WS;2023-02-01;6;10;21
FILZPANTOFFEL-HE-46-WS;2023-03-01;5;10;21
FILZPANTOFFEL-HE-46-WS;2023-04-01;4;10;21
FILZPANTOFFEL-HE-46-WS;2023-05-01;3;10;21
FILZPANTOFFEL-HE-46-WS;2023-06-01;2;10;21
FILZPANTOFFEL-HE-46-WS;2023-07-01;3;10;21
FILZPANTOFFEL-HE-46-WS;2023-08-01;4;10;21
FILZPANTOFFEL-HE-46-WS;2023-09-01;6;10;21
FILZPANTOFFEL-HE-46-WS;2023-10-01;11;10;21
FILZPANTOFFEL-HE-46-WS;2023-11-01;17;10;21
FILZPANTOFFEL-HE-46-WS;2023-12-01;17;10;21
FILZPANTOFFEL-HE-46-WS;2024-01-01;13;10;21
FILZPANTOFFEL-HE-46-WS;2024-02-01;8;10;21
FILZPANTOFFEL-HE-46-WS;2024-03-01;6;10;21
FILZPANTOFFEL-HE-46-WS;2024-04-01;6;10;21
FILZPANTOFFEL-HE-46-WS;2024-05-01;4;10;21
FILZPANTOFFEL-HE-46-WS;2024-06-01;2;10;21
FILZPANTOFFEL-HE-46-WS;2024-07-01;3;10;21
FILZPANTOFFEL-HE-46-WS;2024-08-01;3;10;21
FILZPANTOFFEL-HE-46-WS;2024-09-01;5;10;21
FILZPANTOFFEL-HE-46-WS;2024-10-01;16;10;21
FILZPANTOFFEL-HE-46-WS;2024-11-01;20;10;21
FILZPANTOFFEL-HE-46-WS;2024-12-01;21;10;21
HALBSCHUH-HE-40-RT;2023-01-01;4;18;45
HALBSCHUH-HE-40-RT;2023-02-01;5;18;45
HALBSCHUH-HE-40-RT;2023-03-01;6;18;45
HALBSCHUH-HE-40-RT;2023-04-01;9;18;45
HALBSCHUH-HE-40-RT;2023-05-01;6;18;45
HALBSCHUH-HE-40-RT;2023-06-01;4;18;45
HALBSCHUH-HE-40-RT;2023-07-01;4;18;45
HALBSCHUH-HE-40-RT;2023-08-01;5;18;45
HALBSCHUH-HE-40-RT;2023-09-01;6;18;45
HALBSCHUH-HE-40-RT;2023-10-01;9;18;45
HALBSCHUH-HE-40-RT;2023-11-01;5;18;45
HALBSCHUH-HE-40-RT;2023-12-01;5;18;45
HALBSCHUH-HE-40-RT;2024-01-01;3;18;45
HALBSCHUH-HE-40-RT;2024-02-01;4;18;45
HALBSCHUH-HE-40-RT;2024-03-01;8;18;45
HALBSCHUH-HE-40-RT;2024-04-01;10;18;45
HALBSCHUH-HE-40-RT;2024-05-01;7;18;45
HALBSCHUH-HE-40-RT;2024-06-01;6;18;45
HALBSCHUH-HE-40-RT;2024-07-01;4;18;45
HALBSCHUH-HE-40-RT;2024-08-01;6;18;45
HALBSCHUH-HE-40-RT;2024-09-01;9;18;45
HALBSCHUH-HE-40-RT;2024-10-01;8;18;45
HALBSCHUH-HE-40-RT;2024-11-01;6;18;45
HALBSCHUH-HE-40-RT;2024-12-01;7;18;45
HALBSCHUH-HE-41-BG;2023-01-01;11;52;45
HALBSCHUH-HE-41-BG;2023-02-01;9;52;45
HALBSCHUH-HE-41-BG;2023-03-01;15;52;45
HALBSCHUH-HE-41-BG;2023-04-01;16;52;45
HALBSCHUH-HE-41-BG;2023-05-01;18;52;45
HALBSCHUH-HE-41-BG;2023-06-01;10;52;45
HALBSCHUH-HE-41-BG;2023-07-01;10;52;45
HALBSCHUH-HE-41-BG;2023-08-01;14;52;45
HALBSCHUH-HE-41-BG;2023-09-01;17;52;45
HALBSCHUH-HE-41-BG;2023-10-01;17;52;45
HALBSCHUH-HE-41-BG;2023-11-01;11;52;45
HALBSCHUH-HE-41-BG;2023-12-01;10;52;45
HALBSCHUH-HE-41-BG;2024-01-01;11;52;45
HALBSCHUH-HE-41-BG;2024-02-01;8;52;45
HALBSCHUH-HE-41-BG;2024-03-01;20;52;45
HALBSCHUH-HE-41-BG;2024-04-01;22;52;45
HALBSCHUH-HE-41-BG;2024-05-01;18;52;45
HALBSCHUH-HE-41-BG;2024-06-01;11;52;45
HALBSCHUH-HE-41-BG;2024-07-01;11;52;45
HALBSCHUH-HE-41-BG;2024-08-01;12;52;45
HALBSCHUH-HE-41-BG;2024-09-01;21;52;45
HALBSCHUH-HE-41-BG;2024-10-01;25;52;45
HALBSCHUH-HE-41-BG;2024-11-01;19;52;45
HALBSCHUH-HE-41-BG;2024-12-01;13;52;45
HALBSCHUH-HE-41-GR;2023-01-01;10;28;45
HALBSCHUH-HE-41-GR;2023-02-01;14;28;45
HALBSCHUH-HE-41-GR;2023-03-01;19;28;45
HALBSCHUH-HE-41-GR;2023-04-01;24;28;45
HALBSCHUH-HE-41-GR;2023-05-01;14;28;45
HALBSCHUH-HE-41-GR;2023-06-01;9;28;45
HALBSCHUH-HE-41-GR;2023-07-01;8;28;45
HALBSCHUH-HE-41-GR;2023-08-01;13;28;45
HALBSCHUH-HE-41-GR;2023-09-01;21;28;45
HALBSCHUH-HE-41-GR;2023-10-01;20;28;45
HALBSCHUH-HE-41-GR;2023-11-01;16;28;45
HALBSCHUH-HE-41-GR;2023-12-01;11;28;45
HALBSCHUH-HE-41-GR;2024-01-01;9;28;45
HALBSCHUH-HE-41-GR;2024-02-01;7;28;45
HALBSCHUH-HE-41-GR;2024-03-01;16;28;45
HALBSCHUH-HE-41-GR;2024-04-01;18;28;45
HALBSCHUH-HE-41-GR;2024-05-01;15;28;45
HALBSCHUH-HE-41-GR;2024-06-01;8;28;45
HALBSCHUH-HE-41-GR;2024-07-01;8;28;45
HALBSCHUH-HE-41-GR;2024-08-01;12;28;45
HALBSCHUH-HE-41-GR;2024-09-01;17;28;45
HALBSCHUH-HE-41-GR;2024-10-01;25;28;45
HALBSCHUH-HE-41-GR;2024-11-01;13;28;45
HALBSCHUH-HE-41-GR;2024-12-01;14;28;45
HALBSCHUH-HE-41-NV;2023-01-01;14;17;45
HALBSCHUH-HE-41-NV;2023-02-01;13;17;45
HALBSCHUH-HE-41-NV;2023-03-01;18;17;45
HALBSCHUH-HE-41-NV;2023-04-01;18;17;45
HALBSCHUH-HE-41-NV;2023-05-01;18;17;45
HALBSCHUH-HE-41-NV;2023-06-01;14;17;45
HALBSCHUH-HE-41-NV;2023-07-01;13;17;45
HALBSCHUH-HE-41-NV;2023-08-01;14;17;45
HALBSCHUH-HE-41-NV;2023-09-01;31;17;45
HALBSCHUH-HE-41-NV;2023-10-01;22;17;45
HALBSCHUH-HE-41-NV;2023-11-01;12;17;45
HALBSCHUH-HE-41-NV;2023-12-01;15;17;45
HALBSCHUH-HE-41-NV;2024-01-01;10;17;45
HALBSCHUH-HE-41-NV;2024-02-01;15;17;45
HALBSCHUH-HE-41-NV;2024-03-01;13;17;45
HALBSCHUH-HE-41-NV;2024-04-01;16;17;45
HALBSCHUH-HE-41-NV;2024-05-01;12;17;45
HALBSCHUH-HE-41-NV;2024-06-01;14;17;45
HALBSCHUH-HE-41-NV;2024-07-01;8;17;45
HALBSCHUH-HE-41-NV;2024-08-01;15;17;45
HALBSCHUH-HE-41-NV;2024-09-01;14;17;45
HALBSCHUH-HE-41-NV;2024-10-01;21;17;45
HALBSCHUH-HE-41-NV;2024-11-01;13;17;45
HALBSCHUH-HE-41-NV;2024-12-01;12;17;45
HALBSCHUH-HE-41-WS;2023-01-01;13;4;45
HALBSCHUH-HE-41-WS;2023-02-01;23;4;45
HALBSCHUH-HE-41-WS;2023-03-01;30;4;45
HALBSCHUH-HE-41-WS;2023-04-01;37;4;45
HALBSCHUH-HE-41-WS;2023-05-01;25;4;45
HALBSCHUH-HE-41-WS;2023-06-01;20;4;45
HALBSCHUH-HE-41-WS;2023-07-01;16;4;45
HALBSCHUH-HE-41-WS;2023-08-01;20;4;45
HALBSCHUH-HE-41-WS;2023-09-01;25;4;45
HALBSCHUH-HE-41-WS;2023-10-01;27;4;45
HALBSCHUH-HE-41-WS;2023-11-01;22;4;45
HALBSCHUH-HE-41-WS;2023-12-01;18;4;45
HALBSCHUH-HE-41-WS;2024-01-01;14;4;45
HALBSCHUH-HE-41-WS;2024-02-01;18;4;45
HALBSCHUH-HE-41-WS;2024-03-01;25;4;45
HALBSCHUH-HE-41-WS;2024-04-01;31;4;45
HALBSCHUH-HE-41-WS;2024-05-01;14;4;45
HALBSCHUH-HE-41-WS;2024-06-01;18;4;45
HALBSCHUH-HE-41-WS;2024-07-01;15;4;45
HALBSCHUH-HE-41-WS;2024-08-01;16;4;45
HALBSCHUH-HE-41-WS;2024-09-01;23;4;45
HALBSCHUH-HE-41-WS;2024-10-01;32;4;45
HALBSCHUH-HE-41-WS;2024-11-01;21;4;45
HALBSCHUH-HE-41-WS;2024-12-01;14;4;45
HALBSCHUH-HE-42-BR;2023-01-01;24;37;45
HALBSCHUH-HE-42-BR;2023-02-01;25;37;45
HALBSCHUH-HE-42-BR;2023-03-01;43;37;45
HALBSCHUH-HE-42-BR;2023-04-01;38;37;45
HALBSCHUH-HE-42-BR;2023-05-01;29;37;45
HALBSCHUH-HE-42-BR;2023-06-01;19;37;45
HALBSCHUH-HE-42-BR;2023-07-01;16;37;45
HALBSCHUH-HE-42-BR;2023-08-01;28;37;45
HALBSCHUH-HE-42-BR;2023-09-01;47;37;45
HALBSCHUH-HE-42-BR;2023-10-01;51;37;45
HALBSCHUH-HE-42-BR;2023-11-01;30;37;45
HALBSCHUH-HE-42-BR;2023-12-01;26;37;45
HALBSCHUH-HE-42-BR;2024-01-01;21;37;45
HALBSCHUH-HE-42-BR;2024-02-01;9;37;45
HALBSCHUH-HE-42-BR;2024-03-01;37;37;45
HALBSCHUH-HE-42-BR;2024-04-01;35;37;45
HALBSCHUH-HE-42-BR;2024-05-01;33;37;45
HALBSCHUH-HE-42-BR;2024-06-01;23;37;45
HALBSCHUH-HE-42-BR;2024-07-01;22;37;45
HALBSCHUH-HE-42-BR;2024-08-01;18;37;45
HALBSCHUH-HE-42-BR;2024-09-01;43;37;45
HALBSCHUH-HE-42-BR;2024-10-01;46;37;45
HALBSCHUH-HE-42-BR;2024-11-01;33;37;45
HALBSCHUH-HE-42-BR;2024-12-01;27;37;45
HALBSCHUH-HE-42-NV;2023-01-01;14;29;45
HALBSCHUH-HE-42-NV;2023-02-01;24;29;45
HALBSCHUH-HE-42-NV;2023-03-01;32;29;45
HALBSCHUH-HE-42-NV;2023-04-01;28;29;45
HALBSCHUH-HE-42-NV;2023-05-01;31;29;45
HALBSCHUH-HE-42-NV;2023-06-01;25;29;45
HALBSCHUH-HE-42-NV;2023-07-01;10;29;45
HALBSCHUH-HE-42-NV;2023-08-01;24;29;45
HALBSCHUH-HE-42-NV;2023-09-01;30;29;45
HALBSCHUH-HE-42-NV;2023-10-01;31;29;45
HALBSCHUH-HE-42-NV;2023-11-01;20;29;45
HALBSCHUH-HE-42-NV;2023-12-01;27;29;45
HALBSCHUH-HE-42-NV;2024-01-01;9;29;45
HALBSCHUH-HE-42-NV;2024-02-01;17;29;45
HALBSCHUH-HE-42-NV;2024-03-01;39;29;45
HALBSCHUH-HE-42-NV;2024-04-01;30;29;45
HALBSCHUH-HE-42-NV;2024-05-01;22;29;45
HALBSCHUH-HE-42-NV;2024-06-01;16;29;45
HALBSCHUH-HE-42-NV;2024-07-01;21;29;45
HALBSCHUH-HE-42-NV;2024-08-01;15;29;45
HALBSCHUH-HE-42-NV;2024-09-01;36;29;45
HALBSCHUH-HE-42-NV;2024-10-01;36;29;45
HALBSCHUH-HE-42-NV;2024-11-01;29;29;45
HALBSCHUH-HE-42-NV;2024-12-01;15;29;45
HALBSCHUH-HE-43-BR;2023-01-01;27;32;45
HALBSCHUH-HE-43-BR;2023-02-01;27;32;45
HALBSCHUH-HE-43-BR;2023-03-01;46;32;45
HALBSCHUH-HE-43-BR;2023-04-01;61;32;45
HALBSCHUH-HE-43-BR;2023-05-01;36;32;45
HALBSCHUH-HE-43-BR;2023-06-01;27;32;45
HALBSCHUH-HE-43-BR;2023-07-01;19;32;45
HALBSCHUH-HE-43-BR;2023-08-01;34;32;45
HALBSCHUH-HE-43-BR;2023-09-01;53;32;45
HALBSCHUH-HE-43-BR;2023-10-01;41;32;45
HALBSCHUH-HE-43-BR;2023-11-01;47;32;45
HALBSCHUH-HE-43-BR;2023-12-01;35;32;45
HALBSCHUH-HE-43-BR;2024-01-01;18;32;45
HALBSCHUH-HE-43-BR;2024-02-01;32;32;45
HALBSCHUH-HE-43-BR;2024-03-01;60;32;45
HALBSCHUH-HE-43-BR;2024-04-01;67;32;45
HALBSCHUH-HE-43-BR;2024-05-01;53;32;45
HALBSCHUH-HE-43-BR;2024-06-01;37;32;45
HALBSCHUH-HE-43-BR;2024-07-01;26;32;45
HALBSCHUH-HE-43-BR;2024-08-01;38;32;45
HALBSCHUH-HE-43-BR;2024-09-01;59;32;45
HALBSCHUH-HE-43-BR;2024-10-01;53;32;45
HALBSCHUH-HE-43-BR;2024-11-01;42;32;45
HALBSCHUH-HE-43-BR;2024-12-01;30;32;45
HALBSCHUH-HE-43-RT;2023-01-01;10;8;45
HALBSCHUH-HE-43-RT;2023-02-01;15;8;45
HALBSCHUH-HE-43-RT;2023-03-01;26;8;45
HALBSCHUH-HE-43-RT;2023-04-01;30;8;45
HALBSCHUH-HE-43-RT;2023-05-01;14;8;45
HALBSCHUH-HE-43-RT;2023-06-01;13;8;45
HALBSCHUH-HE-43-RT;2023-07-01;10;8;45
HALBSCHUH-HE-43-RT;2023-08-01;18;8;45
HALBSCHUH-HE-43-RT;2023-09-01;24;8;45
HALBSCHUH-HE-43-RT;2023-10-01;27;8;45
HALBSCHUH-HE-43-RT;2023-11-01;11;8;45
HALBSCHUH-HE-43-RT;2023-12-01;12;8;45
HALBSCHUH-HE-43-RT;2024-01-01;12;8;45
HALBSCHUH-HE-43-RT;2024-02-01;12;8;45
HALBSCHUH-HE-43-RT;2024-03-01;18;8;45
HALBSCHUH-HE-43-RT;2024-04-01;23;8;45
HALBSCHUH-HE-43-RT;2024-05-01;19;8;45
HALBSCHUH-HE-43-RT;2024-06-01;14;8;45
HALBSCHUH-HE-43-RT;2024-07-01;8;8;45
HALBSCHUH-HE-43-RT;2024-08-01;8;8;45
HALBSCHUH-HE-43-RT;2024-09-01;26;8;45
HALBSCHUH-HE-43-RT;2024-10-01;16;8;45
HALBSCHUH-HE-43-RT;2024-11-01;21;8;45
HALBSCHUH-HE-43-RT;2024-12-01;18;8;45
HALBSCHUH-HE-44-BR;2023-01-01;23;123;45
HALBSCHUH-HE-44-BR;2023-02-01;24;123;45
HALBSCHUH-HE-44-BR;2023-03-01;43;123;45
HALBSCHUH-HE-44-BR;2023-04-01;47;123;45
HALBSCHUH-HE-44-BR;2023-05-01;38;123;45
HALBSCHUH-HE-44-BR;2023-06-01;26;123;45
HALBSCHUH-HE-44-BR;2023-07-01;23;123;45
HALBSCHUH-HE-44-BR;2023-08-01;33;123;45
HALBSCHUH-HE-44-BR;2023-09-01;33;123;45
HALBSCHUH-HE-44-BR;2023-10-01;50;123;45
HALBSCHUH-HE-44-BR;2023-11-01;21;123;45
HALBSCHUH-HE-44-BR;2023-12-01;19;123;45
HALBSCHUH-HE-44-BR;2024-01-01;29;123;45
HALBSCHUH-HE-44-BR;2024-02-01;27;123;45
HALBSCHUH-HE-44-BR;2024-03-01;50;123;45
HALBSCHUH-HE-44-BR;2024-04-01;56;123;45
HALBSCHUH-HE-44-BR;2024-05-01;34;123;45
HALBSCHUH-HE-44-BR;2024-06-01;25;123;45
HALBSCHUH-HE-44-BR;2024-07-01;28;123;45
HALBSCHUH-HE-44-BR;2024-08-01;33;123;45
HALBSCHUH-HE-44-BR;2024-09-01;33;123;45
HALBSCHUH-HE-44-BR;2024-10-01;57;123;45
HALBSCHUH-HE-44-BR;2024-11-01;36;123;45
HALBSCHUH-HE-44-BR;2024-12-01;30;123;45
HALBSCHUH-HE-44-SW;2023-01-01;29;89;45
HALBSCHUH-HE-44-SW;2023-02-01;31;89;45
HALBSCHUH-HE-44-SW;2023-03-01;71;89;45
HALBSCHUH-HE-44-SW;2023-04-01;61;89;45
HALBSCHUH-HE-44-SW;2023-05-01;52;89;45
HALBSCHUH-HE-44-SW;2023-06-01;37;89;45
HALBSCHUH-HE-44-SW;2023-07-01;18;89;45
HALBSCHUH-HE-44-SW;2023-08-01;44;89;45
HALBSCHUH-HE-44-SW;2023-09-01;71;89;45
HALBSCHUH-HE-44-SW;2023-10-01;77;89;45
HALBSCHUH-HE-44-SW;2023-11-01;52;89;45
HALBSCHUH-HE-44-SW;2023-12-01;23;89;45
HALBSCHUH-HE-44-SW;2024-01-01;41;89;45
HALBSCHUH-HE-44-SW;2024-02-01;36;89;45
HALBSCHUH-HE-44-SW;2024-03-01;58;89;45
HALBSCHUH-HE-44-SW;2024-04-01;76;89;45
HALBSCHUH-HE-44-SW;2024-05-01;49;89;45
HALBSCHUH-HE-44-SW;2024-06-01;38;89;45
HALBSCHUH-HE-44-SW;2024-07-01;33;89;45
HALBSCHUH-HE-44-SW;2024-08-01;38;89;45
HALBSCHUH-HE-44-SW;2024-09-01;68;89;45
HALBSCHUH-HE-44-SW;2024-10-01;56;89;45
HALBSCHUH-HE-44-SW;2024-11-01;45;89;45
HALBSCHUH-HE-44-SW;2024-12-01;48;89;45
HALBSCHUH-HE-44-WS;2023-01-01;25;38;45
HALBSCHUH-HE-44-WS;2023-02-01;28;38;45
HALBSCHUH-HE-44-WS;2023-03-01;26;38;45
HALBSCHUH-HE-44-WS;2023-04-01;57;38;45
HALBSCHUH-HE-44-WS;2023-05-01;42;38;45
HALBSCHUH-HE-44-WS;2023-06-01;26;38;45
HALBSCHUH-HE-44-WS;2023-07-01;25;38;45
HALBSCHUH-HE-44-WS;2023-08-01;33;38;45
HALBSCHUH-HE-44-WS;2023-09-01;49;38;45
HALBSCHUH-HE-44-WS;2023-10-01;31;38;45
HALBSCHUH-HE-44-WS;2023-11-01;30;38;45
HALBSCHUH-HE-44-WS;2023-12-01;25;38;45
HALBSCHUH-HE-44-WS;2024-01-01;27;38;45
HALBSCHUH-HE-44-WS;2024-02-01;30;38;45
HALBSCHUH-HE-44-WS;2024-03-01;48;38;45
HALBSCHUH-HE-44-WS;2024-04-01;46;38;45
HALBSCHUH-HE-44-WS;2024-05-01;36;38;45
HALBSCHUH-HE-44-WS;2024-06-01;30;38;45
HALBSCHUH-HE-44-WS;2024-07-01;15;38;45
HALBSCHUH-HE-44-WS;2024-08-01;20;38;45
HALBSCHUH-HE-44-WS;2024-09-01;46;38;45
HALBSCHUH-HE-44-WS;2024-10-01;36;38;45
HALBSCHUH-HE-44-WS;2024-11-01;37;38;45
HALBSCHUH-HE-44-WS;2024-12-01;26;38;45
HALBSCHUH-HE-45-RT;2023-01-01;7;26;45
HALBSCHUH-HE-45-RT;2023-02-01;6;26;45
HALBSCHUH-HE-45-RT;2023-03-01;12;26;45
HALBSCHUH-HE-45-RT;2023-04-01;16;26;45
HALBSCHUH-HE-45-RT;2023-05-01;12;26;45
HALBSCHUH-HE-45-RT;2023-06-01;6;26;45
HALBSCHUH-HE-45-RT;2023-07-01;6;26;45
HALBSCHUH-HE-45-RT;2023-08-01;11;26;45
HALBSCHUH-HE-45-RT;2023-09-01;18;26;45
HALBSCHUH-HE-45-RT;2023-10-01;13;26;45
HALBSCHUH-HE-45-RT;2023-11-01;10;26;45
HALBSCHUH-HE-45-RT;2023-12-01;7;26;45
HALBSCHUH-HE-45-RT;2024-01-01;6;26;45
HALBSCHUH-HE-45-RT;2024-02-01;10;26;45
HALBSCHUH-HE-45-RT;2024-03-01;12;26;45
HALBSCHUH-HE-45-RT;2024-04-01;17;26;45
HALBSCHUH-HE-45-RT;2024-05-01;9;26;45
HALBSCHUH-HE-45-RT;2024-06-01;8;26;45
HALBSCHUH-HE-45-RT;2024-07-01;6;26;45
HALBSCHUH-HE-45-RT;2024-08-01;10;26;45
HALBSCHUH-HE-45-RT;2024-09-01;13;26;45
HALBSCHUH-HE-45-RT;2024-10-01;19;26;45
HALBSCHUH-HE-45-RT;2024-11-01;10;26;45
HALBSCHUH-HE-45-RT;2024-12-01;10;26;45
HALLENSCHUH-KI-28-BG;2023-01-01;10;14;45
HALLENSCHUH-KI-28-BG;2023-02-01;10;14;45
HALLENSCHUH-KI-28-BG;2023-03-01;14;14;45
HALLENSCHUH-KI-28-BG;2023-04-01;9;14;45
HALLENSCHUH-KI-28-BG;2023-05-01;7;14;45
HALLENSCHUH-KI-28-BG;2023-06-01;12;14;45
HALLENSCHUH-KI-28-BG;2023-07-01;11;14;45
HALLENSCHUH-KI-28-BG;2023-08-01;11;14;45
HALLENSCHUH-KI-28-BG;2023-09-01;8;14;45
HALLENSCHUH-KI-28-BG;2023-10-01;13;14;45
HALLENSCHUH-KI-28-BG;2023-11-01;9;14;45
HALLENSCHUH-KI-28-BG;2023-12-01;15;14;45
HALLENSCHUH-KI-28-BG;2024-01-01;10;14;45
HALLENSCHUH-KI-28-BG;2024-02-01;11;14;45
HALLENSCHUH-KI-28-BG;2024-03-01;12;14;45
HALLENSCHUH-KI-28-BG;2024-04-01;11;14;45
HALLENSCHUH-KI-28-BG;2024-05-01;12;14;45
HALLENSCHUH-KI-28-BG;2024-06-01;12;14;45
HALLENSCHUH-KI-28-BG;2024-07-01;10;14;45
HALLENSCHUH-KI-28-BG;2024-08-01;11;14;45
HALLENSCHUH-KI-28-BG;2024-09-01;13;14;45
HALLENSCHUH-KI-28-BG;2024-10-01;10;14;45
HALLENSCHUH-KI-28-BG;2024-11-01;13;14;45
HALLENSCHUH-KI-28-BG;2024-12-01;18;14;45
HALLENSCHUH-KI-30-GR;2023-01-01;20;10;45
HALLENSCHUH-KI-30-GR;2023-02-01;13;10;45
HALLENSCHUH-KI-30-GR;2023-03-01;16;10;45
HALLENSCHUH-KI-30-GR;2023-04-01;23;10;45
HALLENSCHUH-KI-30-GR;2023-05-01;21;10;45
HALLENSCHUH-KI-30-GR;2023-06-01;13;10;45
HALLENSCHUH-KI-30-GR;2023-07-01;12;10;45
HALLENSCHUH-KI-30-GR;2023-08-01;17;10;45
HALLENSCHUH-KI-30-GR;2023-09-01;20;10;45
HALLENSCHUH-KI-30-GR;2023-10-01;22;10;45
HALLENSCHUH-KI-30-GR;2023-11-01;16;10;45
HALLENSCHUH-KI-30-GR;2023-12-01;27;10;45
HALLENSCHUH-KI-30-GR;2024-01-01;23;10;45
HALLENSCHUH-KI-30-GR;2024-02-01;17;10;45
HALLENSCHUH-KI-30-GR;2024-03-01;21;10;45
HALLENSCHUH-KI-30-GR;2024-04-01;20;10;45
HALLENSCHUH-KI-30-GR;2024-05-01;16;10;45
HALLENSCHUH-KI-30-GR;2024-06-01;15;10;45
HALLENSCHUH-KI-30-GR;2024-07-01;17;10;45
HALLENSCHUH-KI-30-GR;2024-08-01;17;10;45
HALLENSCHUH-KI-30-GR;2024-09-01;19;10;45
HALLENSCHUH-KI-30-GR;2024-10-01;20;10;45
HALLENSCHUH-KI-30-GR;2024-11-01;6;10;45
HALLENSCHUH-KI-30-GR;2024-12-01;23;10;45
HALLENSCHUH-KI-32-GR;2023-01-01;20;29;45
HALLENSCHUH-KI-32-GR;2023-02-01;16;29;45
HALLENSCHUH-KI-32-GR;2023-03-01;25;29;45
HALLENSCHUH-KI-32-GR;2023-04-01;25;29;45
HALLENSCHUH-KI-32-GR;2023-05-01;29;29;45
HALLENSCHUH-KI-32-GR;2023-06-01;24;29;45
HALLENSCHUH-KI-32-GR;2023-07-01;20;29;45
HALLENSCHUH-KI-32-GR;2023-08-01;19;29;45
HALLENSCHUH-KI-32-GR;2023-09-01;16;29;45
HALLENSCHUH-KI-32-GR;2023-10-01;22;29;45
HALLENSCHUH-KI-32-GR;2023-11-01;20;29;45
HALLENSCHUH-KI-32-GR;2023-12-01;28;29;45
HALLENSCHUH-KI-32-GR;2024-01-01;12;29;45
HALLENSCHUH-KI-32-GR;2024-02-01;14;29;45
HALLENSCHUH-KI-32-GR;2024-03-01;22;29;45
HALLENSCHUH-KI-32-GR;2024-04-01;17;29;45
HALLENSCHUH-KI-32-GR;2024-05-01;13;29;45
HALLENSCHUH-KI-32-GR;2024-06-01;14;29;45
HALLENSCHUH-KI-32-GR;2024-07-01;17;29;45
HALLENSCHUH-KI-32-GR;2024-08-01;18;29;45
HALLENSCHUH-KI-32-GR;2024-09-01;18;29;45
HALLENSCHUH-KI-32-GR;2024-10-01;17;29;45
HALLENSCHUH-KI-32-GR;2024-11-01;16;29;45
HALLENSCHUH-KI-32-GR;2024-12-01;13;29;45
HALLENSCHUH-KI-34-RT;2023-01-01;10;23;45
HALLENSCHUH-KI-34-RT;2023-02-01;11;23;45
HALLENSCHUH-KI-34-RT;2023-03-01;13;23;45
HALLENSCHUH-KI-34-RT;2023-04-01;15;23;45
HALLENSCHUH-KI-34-RT;2023-05-01;10;23;45
HALLENSCHUH-KI-34-RT;2023-06-01;10;23;45
HALLENSCHUH-KI-34-RT;2023-07-01;10;23;45
HALLENSCHUH-KI-34-RT;2023-08-01;7;23;45
HALLENSCHUH-KI-34-RT;2023-09-01;10;23;45
HALLENSCHUH-KI-34-RT;2023-10-01;6;23;45
HALLENSCHUH-KI-34-RT;2023-11-01;11;23;45
HALLENSCHUH-KI-34-RT;2023-12-01;14;23;45
HALLENSCHUH-KI-34-RT;2024-01-01;12;23;45
HALLENSCHUH-KI-34-RT;2024-02-01;12;23;45
HALLENSCHUH-KI-34-RT;2024-03-01;10;23;45
HALLENSCHUH-KI-34-RT;2024-04-01;13;23;45
HALLENSCHUH-KI-34-RT;2024-05-01;12;23;45
HALLENSCHUH-KI-34-RT;2024-06-01;7;23;45
HALLENSCHUH-KI-34-RT;2024-07-01;9;23;45
HALLENSCHUH-KI-34-RT;2024-08-01;10;23;45
HALLENSCHUH-KI-34-RT;2024-09-01;7;23;45
HALLENSCHUH-KI-34-RT;2024-10-01;11;23;45
HALLENSCHUH-KI-34-RT;2024-11-01;11;23;45
HALLENSCHUH-KI-34-RT;2024-12-01;11;23;45
HALLENSCHUH-KI-35-GR;2023-01-01;10;64;45
HALLENSCHUH-KI-35-GR;2023-02-01;15;64;45
HALLENSCHUH-KI-35-GR;2023-03-01;14;64;45
HALLENSCHUH-KI-35-GR;2023-04-01;14;64;45
HALLENSCHUH-KI-35-GR;2023-05-01;15;64;45
HALLENSCHUH-KI-35-GR;2023-06-01;15;64;45
HALLENSCHUH-KI-35-GR;2023-07-01;13;64;45
HALLENSCHUH-KI-35-GR;2023-08-01;9;64;45
HALLENSCHUH-KI-35-GR;2023-09-01;11;64;45
HALLENSCHUH-KI-35-GR;2023-10-01;13;64;45
HALLENSCHUH-KI-35-GR;2023-11-01;9;64;45
HALLENSCHUH-KI-35-GR;2023-12-01;8;64;45
HALLENSCHUH-KI-35-GR;2024-01-01;15;64;45
HALLENSCHUH-KI-35-GR;2024-02-01;12;64;45
HALLENSCHUH-KI-35-GR;2024-03-01;10;64;45
HALLENSCHUH-KI-35-GR;2024-04-01;13;64;45
HALLENSCHUH-KI-35-GR;2024-05-01;17;64;45
HALLENSCHUH-KI-35-GR;2024-06-01;13;64;45
HALLENSCHUH-KI-35-GR;2024-07-01;9;64;45
HALLENSCHUH-KI-35-GR;2024-08-01;15;64;45
HALLENSCHUH-KI-35-GR;2024-09-01;15;64;45
HALLENSCHUH-KI-35-GR;2024-10-01;13;64;45
HALLENSCHUH-KI-35-GR;2024-11-01;17;64;45
HALLENSCHUH-KI-35-GR;2024-12-01;14;64;45
HALLENSCHUH-KI-35-RT;2023-01-01;9;63;45
HALLENSCHUH-KI-35-RT;2023-02-01;9;63;45
HALLENSCHUH-KI-35-RT;2023-03-01;9;63;45
HALLENSCHUH-KI-35-RT;2023-04-01;13;63;45
HALLENSCHUH-KI-35-RT;2023-05-01;8;63;45
HALLENSCHUH-KI-35-RT;2023-06-01;9;63;45
HALLENSCHUH-KI-35-RT;2023-07-01;10;63;45
HALLENSCHUH-KI-35-RT;2023-08-01;8;63;45
HALLENSCHUH-KI-35-RT;2023-09-01;10;63;45
HALLENSCHUH-KI-35-RT;2023-10-01;8;63;45
HALLENSCHUH-KI-35-RT;2023-11-01;11;63;45
HALLENSCHUH-KI-35-RT;2023-12-01;10;63;45
HALLENSCHUH-KI-35-RT;2024-01-01;8;63;45
HALLENSCHUH-KI-35-RT;2024-02-01;9;63;45
HALLENSCHUH-KI-35-RT;2024-03-01;12;63;45
HALLENSCHUH-KI-35-RT;2024-04-01;11;63;45
HALLENSCHUH-KI-35-RT;2024-05-01;13;63;45
HALLENSCHUH-KI-35-RT;2024-06-01;10;63;45
HALLENSCHUH-KI-35-RT;2024-07-01;12;63;45
HALLENSCHUH-KI-35-RT;2024-08-01;11;63;45
HALLENSCHUH-KI-35-RT;2024-09-01;11;63;45
HALLENSCHUH-KI-35-RT;2024-10-01;10;63;45
HALLENSCHUH-KI-35-RT;2024-11-01;13;63;45
HALLENSCHUH-KI-35-RT;2024-12-01;13;63;45
HALLENSCHUH-KI-35-SW;2023-01-01;25;11;45
HALLENSCHUH-KI-35-SW;2023-02-01;18;11;45
HALLENSCHUH-KI-35-SW;2023-03-01;18;11;45
HALLENSCHUH-KI-35-SW;2023-04-01;32;11;45
HALLENSCHUH-KI-35-SW;2023-05-01;29;11;45
HALLENSCHUH-KI-35-SW;2023-06-01;18;11;45
HALLENSCHUH-KI-35-SW;2023-07-01;25;11;45
HALLENSCHUH-KI-35-SW;2023-08-01;15;11;45
HALLENSCHUH-KI-35-SW;2023-09-01;23;11;45
HALLENSCHUH-KI-35-SW;2023-10-01;23;11;45
HALLENSCHUH-KI-35-SW;2023-11-01;21;11;45
HALLENSCHUH-KI-35-SW;2023-12-01;26;11;45
HALLENSCHUH-KI-35-SW;2024-01-01;18;11;45
HALLENSCHUH-KI-35-SW;2024-02-01;27;11;45
HALLENSCHUH-KI-35-SW;2024-03-01;26;11;45
HALLENSCHUH-KI-35-SW;2024-04-01;15;11;45
HALLENSCHUH-KI-35-SW;2024-05-01;18;11;45
HALLENSCHUH-KI-35-SW;2024-06-01;21;11;45
HALLENSCHUH-KI-35-SW;2024-07-01;17;11;45
HALLENSCHUH-KI-35-SW;2024-08-01;24;11;45
HALLENSCHUH-KI-35-SW;2024-09-01;22;11;45
HALLENSCHUH-KI-35-SW;2024-10-01;17;11;45
HALLENSCHUH-KI-35-SW;2024-11-01;12;11;45
HALLENSCHUH-KI-35-SW;2024-12-01;22;11;45
HALLENSCHUH-KI-35-WS;2023-01-01;16;26;45
HALLENSCHUH-KI-35-WS;2023-02-01;16;26;45
HALLENSCHUH-KI-35-WS;2023-03-01;18;26;45
HALLENSCHUH-KI-35-WS;2023-04-01;24;26;45
HALLENSCHUH-KI-35-WS;2023-05-01;18;26;45
HALLENSCHUH-KI-35-WS;2023-06-01;16;26;45
HALLENSCHUH-KI-35-WS;2023-07-01;17;26;45
HALLENSCHUH-KI-35-WS;2023-08-01;23;26;45
HALLENSCHUH-KI-35-WS;2023-09-01;25;26;45
HALLENSCHUH-KI-35-WS;2023-10-01;20;26;45
HALLENSCHUH-KI-35-WS;2023-11-01;21;26;45
HALLENSCHUH-KI-35-WS;2023-12-01;25;26;45
HALLENSCHUH-KI-35-WS;2024-01-01;16;26;45
HALLENSCHUH-KI-35-WS;2024-02-01;15;26;45
HALLENSCHUH-KI-35-WS;2024-03-01;23;26;45
HALLENSCHUH-KI-35-WS;2024-04-01;19;26;45
HALLENSCHUH-KI-35-WS;2024-05-01;19;26;45
HALLENSCHUH-KI-35-WS;2024-06-01;22;26;45
HALLENSCHUH-KI-35-WS;2024-07-01;15;26;45
HALLENSCHUH-KI-35-WS;2024-08-01;18;26;45
HALLENSCHUH-KI-35-WS;2024-09-01;18;26;45
HALLENSCHUH-KI-35-WS;2024-10-01;17;26;45
HALLENSCHUH-KI-35-WS;2024-11-01;17;26;45
HALLENSCHUH-KI-35-WS;2024-12-01;24;26;45
HAUSSCHUH-DA-36-BR;2023-01-01;18;11;25
HAUSSCHUH-DA-36-BR;2023-02-01;15;11;25
HAUSSCHUH-DA-36-BR;2023-03-01;9;11;25
HAUSSCHUH-DA-36-BR;2023-04-01;7;11;25
HAUSSCHUH-DA-36-BR;2023-05-01;4;11;25
HAUSSCHUH-DA-36-BR;2023-06-01;3;11;25
HAUSSCHUH-DA-36-BR;2023-07-01;5;11;25
HAUSSCHUH-DA-36-BR;2023-08-01;8;11;25
HAUSSCHUH-DA-36-BR;2023-09-01;13;11;25
HAUSSCHUH-DA-36-BR;2023-10-01;11;11;25
HAUSSCHUH-DA-36-BR;2023-11-01;26;11;25
HAUSSCHUH-DA-36-BR;2023-12-01;31;11;25
HAUSSCHUH-DA-36-BR;2024-01-01;16;11;25
HAUSSCHUH-DA-36-BR;2024-02-01;16;11;25
HAUSSCHUH-DA-36-BR;2024-03-01;11;11;25
HAUSSCHUH-DA-36-BR;2024-04-01;6;11;25
HAUSSCHUH-DA-36-BR;2024-05-01;4;11;25
HAUSSCHUH-DA-36-BR;2024-06-01;4;11;25
HAUSSCHUH-DA-36-BR;2024-07-01;4;11;25
HAUSSCHUH-DA-36-BR;2024-08-01;8;11;25
HAUSSCHUH-DA-36-BR;2024-09-01;13;11;25
HAUSSCHUH-DA-36-BR;2024-10-01;21;11;25
HAUSSCHUH-DA-36-BR;2024-11-01;24;11;25
HAUSSCHUH-DA-36-BR;2024-12-01;24;11;25
HAUSSCHUH-DA-36-NV;2023-01-01;11;18;25
HAUSSCHUH-DA-36-NV;2023-02-01;7;18;25
HAUSSCHUH-DA-36-NV;2023-03-01;6;18;25
HAUSSCHUH-DA-36-NV;2023-04-01;6;18;25
HAUSSCHUH-DA-36-NV;2023-05-01;5;18;25
HAUSSCHUH-DA-36-NV;2023-06-01;3;18;25
HAUSSCHUH-DA-36-NV;2023-07-01;4;18;25
HAUSSCHUH-DA-36-NV;2023-08-01;4;18;25
HAUSSCHUH-DA-36-NV;2023-09-01;9;18;25
HAUSSCHUH-DA-36-NV;2023-10-01;16;18;25
HAUSSCHUH-DA-36-NV;2023-11-01;13;18;25
HAUSSCHUH-DA-36-NV;2023-12-01;26;18;25
HAUSSCHUH-DA-36-NV;2024-01-01;15;18;25
HAUSSCHUH-DA-36-NV;2024-02-01;11;18;25
HAUSSCHUH-DA-36-NV;2024-03-01;8;18;25
HAUSSCHUH-DA-36-NV;2024-04-01;4;18;25
HAUSSCHUH-DA-36-NV;2024-05-01;4;18;25
HAUSSCHUH-DA-36-NV;2024-06-01;3;18;25
HAUSSCHUH-DA-36-NV;2024-07-01;4;18;25
HAUSSCHUH-DA-36-NV;2024-08-01;5;18;25
HAUSSCHUH-DA-36-NV;2024-09-01;9;18;25
HAUSSCHUH-DA-36-NV;2024-10-01;11;18;25
HAUSSCHUH-DA-36-NV;2024-11-01;24;18;25
HAUSSCHUH-DA-36-NV;2024-12-01;27;18;25
HAUSSCHUH-DA-36-RT;2023-01-01;9;26;25
HAUSSCHUH-DA-36-RT;2023-02-01;5;26;25
HAUSSCHUH-DA-36-RT;2023-03-01;5;26;25
HAUSSCHUH-DA-36-RT;2023-04-01;3;26;25
HAUSSCHUH-DA-36-RT;2023-05-01;2;26;25
HAUSSCHUH-DA-36-RT;2023-06-01;2;26;25
HAUSSCHUH-DA-36-RT;2023-07-01;2;26;25
HAUSSCHUH-DA-36-RT;2023-08-01;2;26;25
HAUSSCHUH-DA-36-RT;2023-09-01;5;26;25
HAUSSCHUH-DA-36-RT;2023-10-01;10;26;25
HAUSSCHUH-DA-36-RT;2023-11-01;15;26;25
HAUSSCHUH-DA-36-RT;2023-12-01;13;26;25
HAUSSCHUH-DA-36-RT;2024-01-01;8;26;25
HAUSSCHUH-DA-36-RT;2024-02-01;7;26;25
HAUSSCHUH-DA-36-RT;2024-03-01;5;26;25
HAUSSCHUH-DA-36-RT;2024-04-01;4;26;25
HAUSSCHUH-DA-36-RT;2024-05-01;3;26;25
HAUSSCHUH-DA-36-RT;2024-06-01;1;26;25
HAUSSCHUH-DA-36-RT;2024-07-01;2;26;25
HAUSSCHUH-DA-36-RT;2024-08-01;3;26;25
HAUSSCHUH-DA-36-RT;2024-09-01;6;26;25
HAUSSCHUH-DA-36-RT;2024-10-01;7;26;25
HAUSSCHUH-DA-36-RT;2024-11-01;14;26;25
HAUSSCHUH-DA-36-RT;2024-12-01;13;26;25
HAUSSCHUH-DA-36-WS;2023-01-01;15;245;25
HAUSSCHUH-DA-36-WS;2023-02-01;18;245;25
HAUSSCHUH-DA-36-WS;2023-03-01;10;245;25
HAUSSCHUH-DA-36-WS;2023-04-01;7;245;25
HAUSSCHUH-DA-36-WS;2023-05-01;4;245;25
HAUSSCHUH-DA-36-WS;2023-06-01;4;245;25
HAUSSCHUH-DA-36-WS;2023-07-01;3;245;25
HAUSSCHUH-DA-36-WS;2023-08-01;6;245;25
HAUSSCHUH-DA-36-WS;2023-09-01;8;245;25
HAUSSCHUH-DA-36-WS;2023-10-01;18;245;25
HAUSSCHUH-DA-36-WS;2023-11-01;18;245;25
HAUSSCHUH-DA-36-WS;2023-12-01;33;245;25
HAUSSCHUH-DA-36-WS;2024-01-01;23;245;25
HAUSSCHUH-DA-36-WS;2024-02-01;17;245;25
HAUSSCHUH-DA-36-WS;2024-03-01;9;245;25
HAUSSCHUH-DA-36-WS;2024-04-01;10;245;25
HAUSSCHUH-DA-36-WS;2024-05-01;5;245;25
HAUSSCHUH-DA-36-WS;2024-06-01;4;245;25
HAUSSCHUH-DA-36-WS;2024-07-01;6;245;25
HAUSSCHUH-DA-36-WS;2024-08-01;6;245;25
HAUSSCHUH-DA-36-WS;2024-09-01;16;245;25
HAUSSCHUH-DA-36-WS;2024-10-01;15;245;25
HAUSSCHUH-DA-36-WS;2024-11-01;33;245;25
HAUSSCHUH-DA-36-WS;2024-12-01;39;245;25
HAUSSCHUH-DA-37-BR;2023-01-01;30;18;25
HAUSSCHUH-DA-37-BR;2023-02-01;20;18;25
HAUSSCHUH-DA-37-BR;2023-03-01;15;18;25
HAUSSCHUH-DA-37-BR;2023-04-01;12;18;25
HAUSSCHUH-DA-37-BR;2023-05-01;6;18;25
HAUSSCHUH-DA-37-BR;2023-06-01;5;18;25
HAUSSCHUH-DA-37-BR;2023-07-01;4;18;25
HAUSSCHUH-DA-37-BR;2023-08-01;8;18;25
HAUSSCHUH-DA-37-BR;2023-09-01;20;18;25
HAUSSCHUH-DA-37-BR;2023-10-01;35;18;25
HAUSSCHUH-DA-37-BR;2023-11-01;37;18;25
HAUSSCHUH-DA-37-BR;2023-12-01;26;18;25
HAUSSCHUH-DA-37-BR;2024-01-01;26;18;25
HAUSSCHUH-DA-37-BR;2024-02-01;19;18;25
HAUSSCHUH-DA-37-BR;2024-03-01;14;18;25
HAUSSCHUH-DA-37-BR;2024-04-01;13;18;25
HAUSSCHUH-DA-37-BR;2024-05-01;6;18;25
HAUSSCHUH-DA-37-BR;2024-06-01;6;18;25
HAUSSCHUH-DA-37-BR;2024-07-01;7;18;25
HAUSSCHUH-DA-37-BR;2024-08-01;8;18;25
HAUSSCHUH-DA-37-BR;2024-09-01;14;18;25
HAUSSCHUH-DA-37-BR;2024-10-01;30;18;25
HAUSSCHUH-DA-37-BR;2024-11-01;30;18;25
HAUSSCHUH-DA-37-BR;2024-12-01;34;18;25
HAUSSCHUH-DA-37-GR;2023-01-01;17;7;25
HAUSSCHUH-DA-37-GR;2023-02-01;15;7;25
HAUSSCHUH-DA-37-GR;2023-03-01;8;7;25
HAUSSCHUH-DA-37-GR;2023-04-01;9;7;25
HAUSSCHUH-DA-37-GR;2023-05-01;4;7;25
HAUSSCHUH-DA-37-GR;2023-06-01;4;7;25
HAUSSCHUH-DA-37-GR;2023-07-01;5;7;25
HAUSSCHUH-DA-37-GR;2023-08-01;5;7;25
HAUSSCHUH-DA-37-GR;2023-09-01;12;7;25
HAUSSCHUH-DA-37-GR;2023-10-01;13;7;25
HAUSSCHUH-DA-37-GR;2023-11-01;16;7;25
HAUSSCHUH-DA-37-GR;2023-12-01;35;7;25
HAUSSCHUH-DA-37-GR;2024-01-01;17;7;25
HAUSSCHUH-DA-37-GR;2024-02-01;18;7;25
HAUSSCHUH-DA-37-GR;2024-03-01;8;7;25
HAUSSCHUH-DA-37-GR;2024-04-01;7;7;25
HAUSSCHUH-DA-37-GR;2024-05-01;4;7;25
HAUSSCHUH-DA-37-GR;2024-06-01;4;7;25
HAUSSCHUH-DA-37-GR;2024-07-01;5;7;25
HAUSSCHUH-DA-37-GR;2024-08-01;8;7;25
HAUSSCHUH-DA-37-GR;2024-09-01;11;7;25
HAUSSCHUH-DA-37-GR;2024-10-01;18;7;25
HAUSSCHUH-DA-37-GR;2024-11-01;25;7;25
HAUSSCHUH-DA-37-GR;2024-12-01;25;7;25
HAUSSCHUH-DA-37-RT;2023-01-01;14;73;25
HAUSSCHUH-DA-37-RT;2023-02-01;8;73;25
HAUSSCHUH-DA-37-RT;2023-03-01;6;73;25
HAUSSCHUH-DA-37-RT;2023-04-01;4;73;25
HAUSSCHUH-DA-37-RT;2023-05-01;3;73;25
HAUSSCHUH-DA-37-RT;2023-06-01;2;73;25
HAUSSCHUH-DA-37-RT;2023-07-01;3;73;25
HAUSSCHUH-DA-37-RT;2023-08-01;3;73;25
HAUSSCHUH-DA-37-RT;2023-09-01;6;73;25
HAUSSCHUH-DA-37-RT;2023-10-01;13;73;25
HAUSSCHUH-DA-37-RT;2023-11-01;15;73;25
HAUSSCHUH-DA-37-RT;2023-12-01;16;73;25
HAUSSCHUH-DA-37-RT;2024-01-01;12;73;25
HAUSSCHUH-DA-37-RT;2024-02-01;6;73;25
HAUSSCHUH-DA-37-RT;2024-03-01;9;73;25
HAUSSCHUH-DA-37-RT;2024-04-01;4;73;25
HAUSSCHUH-DA-37-RT;2024-05-01;3;73;25
HAUSSCHUH-DA-37-RT;2024-06-01;3;73;25
HAUSSCHUH-DA-37-RT;2024-07-01;3;73;25
HAUSSCHUH-DA-37-RT;2024-08-01;4;73;25
HAUSSCHUH-DA-37-RT;2024-09-01;8;73;25
HAUSSCHUH-DA-37-RT;2024-10-01;13;73;25
HAUSSCHUH-DA-37-RT;2024-11-01;18;73;25
HAUSSCHUH-DA-37-RT;2024-12-01;19;73;25
HAUSSCHUH-DA-38-BG;2023-01-01;25;39;25
HAUSSCHUH-DA-38-BG;2023-02-01;13;39;25
HAUSSCHUH-DA-38-BG;2023-03-01;12;39;25
HAUSSCHUH-DA-38-BG;2023-04-01;9;39;25
HAUSSCHUH-DA-38-BG;2023-05-01;7;39;25
HAUSSCHUH-DA-38-BG;2023-06-01;4;39;25
HAUSSCHUH-DA-38-BG;2023-07-01;5;39;25
HAUSSCHUH-DA-38-BG;2023-08-01;6;39;25
HAUSSCHUH-DA-38-BG;2023-09-01;14;39;25
HAUSSCHUH-DA-38-BG;2023-10-01;31;39;25
HAUSSCHUH-DA-38-BG;2023-11-01;32;39;25
HAUSSCHUH-DA-38-BG;2023-12-01;34;39;25
HAUSSCHUH-DA-38-BG;2024-01-01;19;39;25
HAUSSCHUH-DA-38-BG;2024-02-01;17;39;25
HAUSSCHUH-DA-38-BG;2024-03-01;12;39;25
HAUSSCHUH-DA-38-BG;2024-04-01;6;39;25
HAUSSCHUH-DA-38-BG;2024-05-01;5;39;25
HAUSSCHUH-DA-38-BG;2024-06-01;4;39;25
HAUSSCHUH-DA-38-BG;2024-07-01;4;39;25
HAUSSCHUH-DA-38-BG;2024-08-01;7;39;25
HAUSSCHUH-DA-38-BG;2024-09-01;14;39;25
HAUSSCHUH-DA-38-BG;2024-10-01;26;39;25
HAUSSCHUH-DA-38-BG;2024-11-01;21;39;25
HAUSSCHUH-DA-38-BG;2024-12-01;29;39;25
HAUSSCHUH-DA-38-BR;2023-01-01;33;54;25
HAUSSCHUH-DA-38-BR;2023-02-01;18;54;25
HAUSSCHUH-DA-38-BR;2023-03-01;21;54;25
HAUSSCHUH-DA-38-BR;2023-04-01;18;54;25
HAUSSCHUH-DA-38-BR;2023-05-01;9;54;25
HAUSSCHUH-DA-38-BR;2023-06-01;8;54;25
HAUSSCHUH-DA-38-BR;2023-07-01;8;54;25
HAUSSCHUH-DA-38-BR;2023-08-01;11;54;25
HAUSSCHUH-DA-38-BR;2023-09-01;25;54;25
HAUSSCHUH-DA-38-BR;2023-10-01;25;54;25
HAUSSCHUH-DA-38-BR;2023-11-01;42;54;25
HAUSSCHUH-DA-38-BR;2023-12-01;52;54;25
HAUSSCHUH-DA-38-BR;2024-01-01;32;54;25
HAUSSCHUH-DA-38-BR;2024-02-01;24;54;25
HAUSSCHUH-DA-38-BR;2024-03-01;19;54;25
HAUSSCHUH-DA-38-BR;2024-04-01;16;54;25
HAUSSCHUH-DA-38-BR;2024-05-01;10;54;25
HAUSSCHUH-DA-38-BR;2024-06-01;7;54;25
HAUSSCHUH-DA-38-BR;2024-07-01;6;54;25
HAUSSCHUH-DA-38-BR;2024-08-01;14;54;25
HAUSSCHUH-DA-38-BR;2024-09-01;11;54;25
HAUSSCHUH-DA-38-BR;2024-10-01;33;54;25
HAUSSCHUH-DA-38-BR;2024-11-01;42;54;25
HAUSSCHUH-DA-38-BR;2024-12-01;47;54;25
HAUSSCHUH-DA-38-RT;2023-01-01;22;67;25
HAUSSCHUH-DA-38-RT;2023-02-01;12;67;25
HAUSSCHUH-DA-38-RT;2023-03-01;7;67;25
HAUSSCHUH-DA-38-RT;2023-04-01;7;67;25
HAUSSCHUH-DA-38-RT;2023-05-01;5;67;25
HAUSSCHUH-DA-38-RT;2023-06-01;4;67;25
HAUSSCHUH-DA-38-RT;2023-07-01;4;67;25
HAUSSCHUH-DA-38-RT;2023-08-01;5;67;25
HAUSSCHUH-DA-38-RT;2023-09-01;10;67;25
HAUSSCHUH-DA-38-RT;2023-10-01;14;67;25
HAUSSCHUH-DA-38-RT;2023-11-01;28;67;25
HAUSSCHUH-DA-38-RT;2023-12-01;33;67;25
HAUSSCHUH-DA-38-RT;2024-01-01;22;67;25
HAUSSCHUH-DA-38-RT;2024-02-01;11;67;25
HAUSSCHUH-DA-38-RT;2024-03-01;8;67;25
HAUSSCHUH-DA-38-RT;2024-04-01;4;67;25
HAUSSCHUH-DA-38-RT;2024-05-01;5;67;25
HAUSSCHUH-DA-38-RT;2024-06-01;5;67;25
HAUSSCHUH-DA-38-RT;2024-07-01;3;67;25
HAUSSCHUH-DA-38-RT;2024-08-01;6;67;25
HAUSSCHUH-DA-38-RT;2024-09-01;13;67;25
HAUSSCHUH-DA-38-RT;2024-10-01;17;67;25
HAUSSCHUH-DA-38-RT;2024-11-01;30;67;25
HAUSSCHUH-DA-38-RT;2024-12-01;23;67;25
HAUSSCHUH-DA-38-SW;2023-01-01;41;278;25
HAUSSCHUH-DA-38-SW;2023-02-01;40;278;25
HAUSSCHUH-DA-38-SW;2023-03-01;30;278;25
HAUSSCHUH-DA-38-SW;2023-04-01;13;278;25
HAUSSCHUH-DA-38-SW;2023-05-01;16;278;25
HAUSSCHUH-DA-38-SW;2023-06-01;11;278;25
HAUSSCHUH-DA-38-SW;2023-07-01;11;278;25
HAUSSCHUH-DA-38-SW;2023-08-01;12;278;25
HAUSSCHUH-DA-38-SW;2023-09-01;34;278;25
HAUSSCHUH-DA-38-SW;2023-10-01;57;278;25
HAUSSCHUH-DA-38-SW;2023-11-01;94;278;25
HAUSSCHUH-DA-38-SW;2023-12-01;111;278;25
HAUSSCHUH-DA-38-SW;2024-01-01;44;278;25
HAUSSCHUH-DA-38-SW;2024-02-01;43;278;25
HAUSSCHUH-DA-38-SW;2024-03-01;25;278;25
HAUSSCHUH-DA-38-SW;2024-04-01;19;278;25
HAUSSCHUH-DA-38-SW;2024-05-01;15;278;25
HAUSSCHUH-DA-38-SW;2024-06-01;12;278;25
HAUSSCHUH-DA-38-SW;2024-07-01;13;278;25
HAUSSCHUH-DA-38-SW;2024-08-01;14;278;25
HAUSSCHUH-DA-38-SW;2024-09-01;42;278;25
HAUSSCHUH-DA-38-SW;2024-10-01;49;278;25
HAUSSCHUH-DA-38-SW;2024-11-01;73;278;25
HAUSSCHUH-DA-38-SW;2024-12-01;90;278;25
HAUSSCHUH-DA-39-BR;2023-01-01;44;68;25
HAUSSCHUH-DA-39-BR;2023-02-01;37;68;25
HAUSSCHUH-DA-39-BR;2023-03-01;24;68;25
HAUSSCHUH-DA-39-BR;2023-04-01;17;68;25
HAUSSCHUH-DA-39-BR;2023-05-01;4;68;25
HAUSSCHUH-DA-39-BR;2023-06-01;10;68;25
HAUSSCHUH-DA-39-BR;2023-07-01;10;68;25
HAUSSCHUH-DA-39-BR;2023-08-01;17;68;25
HAUSSCHUH-DA-39-BR;2023-09-01;28;68;25
HAUSSCHUH-DA-39-BR;2023-10-01;32;68;25
HAUSSCHUH-DA-39-BR;2023-11-01;44;68;25
HAUSSCHUH-DA-39-BR;2023-12-01;51;68;25
HAUSSCHUH-DA-39-BR;2024-01-01;39;68;25
HAUSSCHUH-DA-39-BR;2024-02-01;35;68;25
HAUSSCHUH-DA-39-BR;2024-03-01;30;68;25
HAUSSCHUH-DA-39-BR;2024-04-01;19;68;25
HAUSSCHUH-DA-39-BR;2024-05-01;12;68;25
HAUSSCHUH-DA-39-BR;2024-06-01;10;68;25
HAUSSCHUH-DA-39-BR;2024-07-01;11;68;25
HAUSSCHUH-DA-39-BR;2024-08-01;14;68;25
HAUSSCHUH-DA-39-BR;2024-09-01;25;68;25
HAUSSCHUH-DA-39-BR;2024-10-01;47;68;25
HAUSSCHUH-DA-39-BR;2024-11-01;58;68;25
HAUSSCHUH-DA-39-BR;2024-12-01;81;68;25
HAUSSCHUH-DA-39-GR;2023-01-01;31;112;25
HAUSSCHUH-DA-39-GR;2023-02-01;16;112;25
HAUSSCHUH-DA-39-GR;2023-03-01;18;112;25
HAUSSCHUH-DA-39-GR;2023-04-01;13;112;25
HAUSSCHUH-DA-39-GR;2023-05-01;9;112;25
HAUSSCHUH-DA-39-GR;2023-06-01;7;112;25
HAUSSCHUH-DA-39-GR;2023-07-01;7;112;25
HAUSSCHUH-DA-39-GR;2023-08-01;13;112;25
HAUSSCHUH-DA-39-GR;2023-09-01;22;112;25
HAUSSCHUH-DA-39-GR;2023-10-01;32;112;25
HAUSSCHUH-DA-39-GR;2023-11-01;62;112;25
HAUSSCHUH-DA-39-GR;2023-12-01;51;112;25
HAUSSCHUH-DA-39-GR;2024-01-01;37;112;25
HAUSSCHUH-DA-39-GR;2024-02-01;26;112;25
HAUSSCHUH-DA-39-GR;2024-03-01;17;112;25
HAUSSCHUH-DA-39-GR;2024-04-01;13;112;25
HAUSSCHUH-DA-39-GR;2024-05-01;13;112;25
HAUSSCHUH-DA-39-GR;2024-06-01;7;112;25
HAUSSCHUH-DA-39-GR;2024-07-01;6;112;25
HAUSSCHUH-DA-39-GR;2024-08-01;11;112;25
HAUSSCHUH-DA-39-GR;2024-09-01;25;112;25
HAUSSCHUH-DA-39-GR;2024-10-01;36;112;25
HAUSSCHUH-DA-39-GR;2024-11-01;52;112;25
HAUSSCHUH-DA-39-GR;2024-12-01;60;112;25
HAUSSCHUH-DA-39-RT;2023-01-01;25;58;25
HAUSSCHUH-DA-39-RT;2023-02-01;16;58;25
HAUSSCHUH-DA-39-RT;2023-03-01;11;58;25
HAUSSCHUH-DA-39-RT;2023-04-01;10;58;25
HAUSSCHUH-DA-39-RT;2023-05-01;5;58;25
HAUSSCHUH-DA-39-RT;2023-06-01;5;58;25
HAUSSCHUH-DA-39-RT;2023-07-01;5;58;25
HAUSSCHUH-DA-39-RT;2023-08-01;4;58;25
HAUSSCHUH-DA-39-RT;2023-09-01;11;58;25
HAUSSCHUH-DA-39-RT;2023-10-01;17;58;25
HAUSSCHUH-DA-39-RT;2023-11-01;15;58;25
HAUSSCHUH-DA-39-RT;2023-12-01;26;58;25
HAUSSCHUH-DA-39-RT;2024-01-01;19;58;25
HAUSSCHUH-DA-39-RT;2024-02-01;11;58;25
HAUSSCHUH-DA-39-RT;2024-03-01;7;58;25
HAUSSCHUH-DA-39-RT;2024-04-01;4;58;25
HAUSSCHUH-DA-39-RT;2024-05-01;4;58;25
HAUSSCHUH-DA-39-RT;2024-06-01;4;58;25
HAUSSCHUH-DA-39-RT;2024-07-01;4;58;25
HAUSSCHUH-DA-39-RT;2024-08-01;5;58;25
HAUSSCHUH-DA-39-RT;2024-09-01;11;58;25
HAUSSCHUH-DA-39-RT;2024-10-01;12;58;25
HAUSSCHUH-DA-39-RT;2024-11-01;20;58;25
HAUSSCHUH-DA-39-RT;2024-12-01;18;58;25
HAUSSCHUH-DA-41-BG;2023-01-01;15;135;25
HAUSSCHUH-DA-41-BG;2023-02-01;7;135;25
HAUSSCHUH-DA-41-BG;2023-03-01;5;135;25
HAUSSCHUH-DA-41-BG;2023-04-01;4;135;25
HAUSSCHUH-DA-41-BG;2023-05-01;3;135;25
HAUSSCHUH-DA-41-BG;2023-06-01;3;135;25
HAUSSCHUH-DA-41-BG;2023-07-01;2;135;25
HAUSSCHUH-DA-41-BG;2023-08-01;3;135;25
HAUSSCHUH-DA-41-BG;2023-09-01;7;135;25
HAUSSCHUH-DA-41-BG;2023-10-01;9;135;25
HAUSSCHUH-DA-41-BG;2023-11-01;17;135;25
HAUSSCHUH-DA-41-BG;2023-12-01;16;135;25
HAUSSCHUH-DA-41-BG;2024-01-01;14;135;25
HAUSSCHUH-DA-41-BG;2024-02-01;9;135;25
HAUSSCHUH-DA-41-BG;2024-03-01;6;135;25
HAUSSCHUH-DA-41-BG;2024-04-01;4;135;25
HAUSSCHUH-DA-41-BG;2024-05-01;3;135;25
HAUSSCHUH-DA-41-BG;2024-06-01;3;135;25
HAUSSCHUH-DA-41-BG;2024-07-01;2;135;25
HAUSSCHUH-DA-41-BG;2024-08-01;4;135;25
HAUSSCHUH-DA-41-BG;2024-09-01;4;135;25
HAUSSCHUH-DA-41-BG;2024-10-01;15;135;25
HAUSSCHUH-DA-41-BG;2024-11-01;19;135;25
HAUSSCHUH-DA-41-BG;2024-12-01;23;135;25
HAUSSCHUH-DA-41-RT;2023-01-01;8;7;25
HAUSSCHUH-DA-41-RT;2023-02-01;4;7;25
HAUSSCHUH-DA-41-RT;2023-03-01;4;7;25
HAUSSCHUH-DA-41-RT;2023-04-01;4;7;25
HAUSSCHUH-DA-41-RT;2023-05-01;2;7;25
HAUSSCHUH-DA-41-RT;2023-06-01;2;7;25
HAUSSCHUH-DA-41-RT;2023-07-01;2;7;25
HAUSSCHUH-DA-41-RT;2023-08-01;3;7;25
HAUSSCHUH-DA-41-RT;2023-09-01;6;7;25
HAUSSCHUH-DA-41-RT;2023-10-01;12;7;25
HAUSSCHUH-DA-41-RT;2023-11-01;13;7;25
HAUSSCHUH-DA-41-RT;2023-12-01;10;7;25
HAUSSCHUH-DA-41-RT;2024-01-01;8;7;25
HAUSSCHUH-DA-41-RT;2024-02-01;7;7;25
HAUSSCHUH-DA-41-RT;2024-03-01;5;7;25
HAUSSCHUH-DA-41-RT;2024-04-01;3;7;25
HAUSSCHUH-DA-41-RT;2024-05-01;2;7;25
HAUSSCHUH-DA-41-RT;2024-06-01;2;7;25
HAUSSCHUH-DA-41-RT;2024-07-01;3;7;25
HAUSSCHUH-DA-41-RT;2024-08-01;3;7;25
HAUSSCHUH-DA-41-RT;2024-09-01;5;7;25
HAUSSCHUH-DA-41-RT;2024-10-01;9;7;25
HAUSSCHUH-DA-41-RT;2024-11-01;17;7;25
HAUSSCHUH-DA-41-RT;2024-12-01;11;7;25
KINDERSNEAKER-KI-28-BR;2023-01-01;17;17;55
KINDERSNEAKER-KI-28-BR;2023-02-01;22;17;55
KINDERSNEAKER-KI-28-BR;2023-03-01;24;17;55
KINDERSNEAKER-KI-28-BR;2023-04-01;27;17;55
KINDERSNEAKER-KI-28-BR;2023-05-01;27;17;55
KINDERSNEAKER-KI-28-BR;2023-06-01;19;17;55
KINDERSNEAKER-KI-28-BR;2023-07-01;35;17;55
KINDERSNEAKER-KI-28-BR;2023-08-01;57;17;55
KINDERSNEAKER-KI-28-BR;2023-09-01;34;17;55
KINDERSNEAKER-KI-28-BR;2023-10-01;27;17;55
KINDERSNEAKER-KI-28-BR;2023-11-01;25;17;55
KINDERSNEAKER-KI-28-BR;2023-12-01;43;17;55
KINDERSNEAKER-KI-28-BR;2024-01-01;18;17;55
KINDERSNEAKER-KI-28-BR;2024-02-01;26;17;55
KINDERSNEAKER-KI-28-BR;2024-03-01;20;17;55
KINDERSNEAKER-KI-28-BR;2024-04-01;27;17;55
KINDERSNEAKER-KI-28-BR;2024-05-01;32;17;55
KINDERSNEAKER-KI-28-BR;2024-06-01;23;17;55
KINDERSNEAKER-KI-28-BR;2024-07-01;35;17;55
KINDERSNEAKER-KI-28-BR;2024-08-01;82;17;55
KINDERSNEAKER-KI-28-BR;2024-09-01;65;17;55
KINDERSNEAKER-KI-28-BR;2024-10-01;32;17;55
KINDERSNEAKER-KI-28-BR;2024-11-01;30;17;55
KINDERSNEAKER-KI-28-BR;2024-12-01;37;17;55
KINDERSNEAKER-KI-30-BG;2023-01-01;14;34;55
KINDERSNEAKER-KI-30-BG;2023-02-01;17;34;55
KINDERSNEAKER-KI-30-BG;2023-03-01;14;34;55
KINDERSNEAKER-KI-30-BG;2023-04-01;14;34;55
KINDERSNEAKER-KI-30-BG;2023-05-01;21;34;55
KINDERSNEAKER-KI-30-BG;2023-06-01;24;34;55
KINDERSNEAKER-KI-30-BG;2023-07-01;25;34;55
KINDERSNEAKER-KI-30-BG;2023-08-01;59;34;55
KINDERSNEAKER-KI-30-BG;2023-09-01;41;34;55
KINDERSNEAKER-KI-30-BG;2023-10-01;16;34;55
KINDERSNEAKER-KI-30-BG;2023-11-01;19;34;55
KINDERSNEAKER-KI-30-BG;2023-12-01;31;34;55
KINDERSNEAKER-KI-30-BG;2024-01-01;22;34;55
KINDERSNEAKER-KI-30-BG;2024-02-01;22;34;55
KINDERSNEAKER-KI-30-BG;2024-03-01;26;34;55
KINDERSNEAKER-KI-30-BG;2024-04-01;31;34;55
KINDERSNEAKER-KI-30-BG;2024-05-01;33;34;55
KINDERSNEAKER-KI-30-BG;2024-06-01;18;34;55
KINDERSNEAKER-KI-30-BG;2024-07-01;35;34;55
KINDERSNEAKER-KI-30-BG;2024-08-01;54;34;55
KINDERSNEAKER-KI-30-BG;2024-09-01;46;34;55
KINDERSNEAKER-KI-30-BG;2024-10-01;25;34;55
KINDERSNEAKER-KI-30-BG;2024-11-01;17;34;55
KINDERSNEAKER-KI-30-BG;2024-12-01;27;34;55
KINDERSNEAKER-KI-32-RT;2023-01-01;16;27;55
KINDERSNEAKER-KI-32-RT;2023-02-01;18;27;55
KINDERSNEAKER-KI-32-RT;2023-03-01;19;27;55
KINDERSNEAKER-KI-32-RT;2023-04-01;22;27;55
KINDERSNEAKER-KI-32-RT;2023-05-01;13;27;55
KINDERSNEAKER-KI-32-RT;2023-06-01;23;27;55
KINDERSNEAKER-KI-32-RT;2023-07-01;15;27;55
KINDERSNEAKER-KI-32-RT;2023-08-01;47;27;55
KINDERSNEAKER-KI-32-RT;2023-09-01;36;27;55
KINDERSNEAKER-KI-32-RT;2023-10-01;20;27;55
KINDERSNEAKER-KI-32-RT;2023-11-01;16;27;55
KINDERSNEAKER-KI-32-RT;2023-12-01;22;27;55
KINDERSNEAKER-KI-32-RT;2024-01-01;19;27;55
KINDERSNEAKER-KI-32-RT;2024-02-01;20;27;55
KINDERSNEAKER-KI-32-RT;2024-03-01;20;27;55
KINDERSNEAKER-KI-32-RT;2024-04-01;17;27;55
KINDERSNEAKER-KI-32-RT;2024-05-01;17;27;55
KINDERSNEAKER-KI-32-RT;2024-06-01;18;27;55
KINDERSNEAKER-KI-32-RT;2024-07-01;17;27;55
KINDERSNEAKER-KI-32-RT;2024-08-01;44;27;55
KINDERSNEAKER-KI-32-RT;2024-09-01;27;27;55
KINDERSNEAKER-KI-32-RT;2024-10-01;22;27;55
KINDERSNEAKER-KI-32-RT;2024-11-01;12;27;55
KINDERSNEAKER-KI-32-RT;2024-12-01;29;27;55
KINDERSNEAKER-KI-34-BR;2023-01-01;26;34;55
KINDERSNEAKER-KI-34-BR;2023-02-01;29;34;55
KINDERSNEAKER-KI-34-BR;2023-03-01;42;34;55
KINDERSNEAKER-KI-34-BR;2023-04-01;35;34;55
KINDERSNEAKER-KI-34-BR;2023-05-01;38;34;55
KINDERSNEAKER-KI-34-BR;2023-06-01;27;34;55
KINDERSNEAKER-KI-34-BR;2023-07-01;28;34;55
KINDERSNEAKER-KI-34-BR;2023-08-01;56;34;55
KINDERSNEAKER-KI-34-BR;2023-09-01;61;34;55
KINDERSNEAKER-KI-34-BR;2023-10-01;49;34;55
KINDERSNEAKER-KI-34-BR;2023-11-01;35;34;55
KINDERSNEAKER-KI-34-BR;2023-12-01;53;34;55
KINDERSNEAKER-KI-34-BR;2024-01-01;20;34;55
KINDERSNEAKER-KI-34-BR;2024-02-01;32;34;55
KINDERSNEAKER-KI-34-BR;2024-03-01;29;34;55
KINDERSNEAKER-KI-34-BR;2024-04-01;34;34;55
KINDERSNEAKER-KI-34-BR;2024-05-01;29;34;55
KINDERSNEAKER-KI-34-BR;2024-06-01;23;34;55
KINDERSNEAKER-KI-34-BR;2024-07-01;43;34;55
KINDERSNEAKER-KI-34-BR;2024-08-01;70;34;55
KINDERSNEAKER-KI-34-BR;2024-09-01;59;34;55
KINDERSNEAKER-KI-34-BR;2024-10-01;27;34;55
KINDERSNEAKER-KI-34-BR;2024-11-01;20;34;55
KINDERSNEAKER-KI-34-BR;2024-12-01;53;34;55
KINDERSNEAKER-KI-34-NV;2023-01-01;26;73;55
KINDERSNEAKER-KI-34-NV;2023-02-01;33;73;55
KINDERSNEAKER-KI-34-NV;2023-03-01;27;73;55
KINDERSNEAKER-KI-34-NV;2023-04-01;35;73;55
KINDERSNEAKER-KI-34-NV;2023-05-01;33;73;55
KINDERSNEAKER-KI-34-NV;2023-06-01;25;73;55
KINDERSNEAKER-KI-34-NV;2023-07-01;41;73;55
KINDERSNEAKER-KI-34-NV;2023-08-01;70;73;55
KINDERSNEAKER-KI-34-NV;2023-09-01;68;73;55
KINDERSNEAKER-KI-34-NV;2023-10-01;28;73;55
KINDERSNEAKER-KI-34-NV;2023-11-01;25;73;55
KINDERSNEAKER-KI-34-NV;2023-12-01;43;73;55
KINDERSNEAKER-KI-34-NV;2024-01-01;24;73;55
KINDERSNEAKER-KI-34-NV;2024-02-01;27;73;55
KINDERSNEAKER-KI-34-NV;2024-03-01;38;73;55
KINDERSNEAKER-KI-34-NV;2024-04-01;37;73;55
KINDERSNEAKER-KI-34-NV;2024-05-01;32;73;55
KINDERSNEAKER-KI-34-NV;2024-06-01;17;73;55
KINDERSNEAKER-KI-34-NV;2024-07-01;39;73;55
KINDERSNEAKER-KI-34-NV;2024-08-01;70;73;55
KINDERSNEAKER-KI-34-NV;2024-09-01;57;73;55
KINDERSNEAKER-KI-34-NV;2024-10-01;49;73;55
KINDERSNEAKER-KI-34-NV;2024-11-01;25;73;55
KINDERSNEAKER-KI-34-NV;2024-12-01;60;73;55
KINDERSNEAKER-KI-34-RT;2023-01-01;12;22;55
KINDERSNEAKER-KI-34-RT;2023-02-01;15;22;55
KINDERSNEAKER-KI-34-RT;2023-03-01;18;22;55
KINDERSNEAKER-KI-34-RT;2023-04-01;20;22;55
KINDERSNEAKER-KI-34-RT;2023-05-01;23;22;55
KINDERSNEAKER-KI-34-RT;2023-06-01;16;22;55
KINDERSNEAKER-KI-34-RT;2023-07-01;28;22;55
KINDERSNEAKER-KI-34-RT;2023-08-01;43;22;55
KINDERSNEAKER-KI-34-RT;2023-09-01;36;22;55
KINDERSNEAKER-KI-34-RT;2023-10-01;16;22;55
KINDERSNEAKER-KI-34-RT;2023-11-01;15;22;55
KINDERSNEAKER-KI-34-RT;2023-12-01;13;22;55
KINDERSNEAKER-KI-34-RT;2024-01-01;11;22;55
KINDERSNEAKER-KI-34-RT;2024-02-01;12;22;55
KINDERSNEAKER-KI-34-RT;2024-03-01;20;22;55
KINDERSNEAKER-KI-34-RT;2024-04-01;22;22;55
KINDERSNEAKER-KI-34-RT;2024-05-01;12;22;55
KINDERSNEAKER-KI-34-RT;2024-06-01;17;22;55
KINDERSNEAKER-KI-34-RT;2024-07-01;19;22;55
KINDERSNEAKER-KI-34-RT;2024-08-01;38;22;55
KINDERSNEAKER-KI-34-RT;2024-09-01;43;22;55
KINDERSNEAKER-KI-34-RT;2024-10-01;15;22;55
KINDERSNEAKER-KI-34-RT;2024-11-01;15;22;55
KINDERSNEAKER-KI-34-RT;2024-12-01;26;22;55
KINDERSNEAKER-KI-35-WS;2023-01-01;27;24;55
KINDERSNEAKER-KI-35-WS;2023-02-01;29;24;55
KINDERSNEAKER-KI-35-WS;2023-03-01;30;24;55
KINDERSNEAKER-KI-35-WS;2023-04-01;36;24;55
KINDERSNEAKER-KI-35-WS;2023-05-01;50;24;55
KINDERSNEAKER-KI-35-WS;2023-06-01;24;24;55
KINDERSNEAKER-KI-35-WS;2023-07-01;31;24;55
KINDERSNEAKER-KI-35-WS;2023-08-01;79;24;55
KINDERSNEAKER-KI-35-WS;2023-09-01;70;24;55
KINDERSNEAKER-KI-35-WS;2023-10-01;21;24;55
KINDERSNEAKER-KI-35-WS;2023-11-01;24;24;55
KINDERSNEAKER-KI-35-WS;2023-12-01;37;24;55
KINDERSNEAKER-KI-35-WS;2024-01-01;25;24;55
KINDERSNEAKER-KI-35-WS;2024-02-01;38;24;55
KINDERSNEAKER-KI-35-WS;2024-03-01;28;24;55
KINDERSNEAKER-KI-35-WS;2024-04-01;40;24;55
KINDERSNEAKER-KI-35-WS;2024-05-01;36;24;55
KINDERSNEAKER-KI-35-WS;2024-06-01;19;24;55
KINDERSNEAKER-KI-35-WS;2024-07-01;44;24;55
KINDERSNEAKER-KI-35-WS;2024-08-01;100;24;55
KINDERSNEAKER-KI-35-WS;2024-09-01;67;24;55
KINDERSNEAKER-KI-35-WS;2024-10-01;39;24;55
KINDERSNEAKER-KI-35-WS;2024-11-01;28;24;55
KINDERSNEAKER-KI-35-WS;2024-12-01;39;24;55
LAMMFELLBOOT-DA-36-BG;2023-01-01;7;55;110
LAMMFELLBOOT-DA-36-BG;2023-02-01;6;55;110
LAMMFELLBOOT-DA-36-BG;2023-03-01;3;55;110
LAMMFELLBOOT-DA-36-BG;2023-04-01;1;55;110
LAMMFELLBOOT-DA-36-BG;2023-05-01;1;55;110
LAMMFELLBOOT-DA-36-BG;2023-06-01;0;55;110
LAMMFELLBOOT-DA-36-BG;2023-07-01;1;55;110
LAMMFELLBOOT-DA-36-BG;2023-08-01;1;55;110
LAMMFELLBOOT-DA-36-BG;2023-09-01;3;55;110
LAMMFELLBOOT-DA-36-BG;2023-10-01;7;55;110
LAMMFELLBOOT-DA-36-BG;2023-11-01;12;55;110
LAMMFELLBOOT-DA-36-BG;2023-12-01;13;55;110
LAMMFELLBOOT-DA-36-BG;2024-01-01;6;55;110
LAMMFELLBOOT-DA-36-BG;2024-02-01;4;55;110
LAMMFELLBOOT-DA-36-BG;2024-03-01;1;55;110
LAMMFELLBOOT-DA-36-BG;2024-04-01;2;55;110
LAMMFELLBOOT-DA-36-BG;2024-05-01;1;55;110
LAMMFELLBOOT-DA-36-BG;2024-06-01;1;55;110
LAMMFELLBOOT-DA-36-BG;2024-07-01;1;55;110
LAMMFELLBOOT-DA-36-BG;2024-08-01;1;55;110
LAMMFELLBOOT-DA-36-BG;2024-09-01;2;55;110
LAMMFELLBOOT-DA-36-BG;2024-10-01;7;55;110
LAMMFELLBOOT-DA-36-BG;2024-11-01;11;55;110
LAMMFELLBOOT-DA-36-BG;2024-12-01;15;55;110
LAMMFELLBOOT-DA-36-BR;2023-01-01;12;36;110
LAMMFELLBOOT-DA-36-BR;2023-02-01;10;36;110
LAMMFELLBOOT-DA-36-BR;2023-03-01;4;36;110
LAMMFELLBOOT-DA-36-BR;2023-04-01;2;36;110
LAMMFELLBOOT-DA-36-BR;2023-05-01;1;36;110
LAMMFELLBOOT-DA-36-BR;2023-06-01;1;36;110
LAMMFELLBOOT-DA-36-BR;2023-07-01;1;36;110
LAMMFELLBOOT-DA-36-BR;2023-08-01;2;36;110
LAMMFELLBOOT-DA-36-BR;2023-09-01;4;36;110
LAMMFELLBOOT-DA-36-BR;2023-10-01;10;36;110
LAMMFELLBOOT-DA-36-BR;2023-11-01;16;36;110
LAMMFELLBOOT-DA-36-BR;2023-12-01;17;36;110
LAMMFELLBOOT-DA-36-BR;2024-01-01;10;36;110
LAMMFELLBOOT-DA-36-BR;2024-02-01;9;36;110
LAMMFELLBOOT-DA-36-BR;2024-03-01;4;36;110
LAMMFELLBOOT-DA-36-BR;2024-04-01;2;36;110
LAMMFELLBOOT-DA-36-BR;2024-05-01;2;36;110
LAMMFELLBOOT-DA-36-BR;2024-06-01;1;36;110
LAMMFELLBOOT-DA-36-BR;2024-07-01;1;36;110
LAMMFELLBOOT-DA-36-BR;2024-08-01;2;36;110
LAMMFELLBOOT-DA-36-BR;2024-09-01;4;36;110
LAMMFELLBOOT-DA-36-BR;2024-10-01;9;36;110
LAMMFELLBOOT-DA-36-BR;2024-11-01;16;36;110
LAMMFELLBOOT-DA-36-BR;2024-12-01;28;36;110
LAMMFELLBOOT-DA-36-RT;2023-01-01;5;7;110
LAMMFELLBOOT-DA-36-RT;2023-02-01;4;7;110
LAMMFELLBOOT-DA-36-RT;2023-03-01;2;7;110
LAMMFELLBOOT-DA-36-RT;2023-04-01;1;7;110
LAMMFELLBOOT-DA-36-RT;2023-05-01;1;7;110
LAMMFELLBOOT-DA-36-RT;2023-06-01;0;7;110
LAMMFELLBOOT-DA-36-RT;2023-07-01;0;7;110
LAMMFELLBOOT-DA-36-RT;2023-08-01;1;7;110
LAMMFELLBOOT-DA-36-RT;2023-09-01;2;7;110
LAMMFELLBOOT-DA-36-RT;2023-10-01;6;7;110
LAMMFELLBOOT-DA-36-RT;2023-11-01;8;7;110
LAMMFELLBOOT-DA-36-RT;2023-12-01;9;7;110
LAMMFELLBOOT-DA-36-RT;2024-01-01;5;7;110
LAMMFELLBOOT-DA-36-RT;2024-02-01;5;7;110
LAMMFELLBOOT-DA-36-RT;2024-03-01;2;7;110
LAMMFELLBOOT-DA-36-RT;2024-04-01;1;7;110
LAMMFELLBOOT-DA-36-RT;2024-05-01;1;7;110
LAMMFELLBOOT-DA-36-RT;2024-06-01;0;7;110
LAMMFELLBOOT-DA-36-RT;2024-07-01;0;7;110
LAMMFELLBOOT-DA-36-RT;2024-08-01;1;7;110
LAMMFELLBOOT-DA-36-RT;2024-09-01;3;7;110
LAMMFELLBOOT-DA-36-RT;2024-10-01;6;7;110
LAMMFELLBOOT-DA-36-RT;2024-11-01;8;7;110
LAMMFELLBOOT-DA-36-RT;2024-12-01;10;7;110
LAMMFELLBOOT-DA-36-WS;2023-01-01;16;31;110
LAMMFELLBOOT-DA-36-WS;2023-02-01;10;31;110
LAMMFELLBOOT-DA-36-WS;2023-03-01;6;31;110
LAMMFELLBOOT-DA-36-WS;2023-04-01;2;31;110
LAMMFELLBOOT-DA-36-WS;2023-05-01;1;31;110
LAMMFELLBOOT-DA-36-WS;2023-06-01;1;31;110
LAMMFELLBOOT-DA-36-WS;2023-07-01;1;31;110
LAMMFELLBOOT-DA-36-WS;2023-08-01;2;31;110
LAMMFELLBOOT-DA-36-WS;2023-09-01;4;31;110
LAMMFELLBOOT-DA-36-WS;2023-10-01;15;31;110
LAMMFELLBOOT-DA-36-WS;2023-11-01;16;31;110
LAMMFELLBOOT-DA-36-WS;2023-12-01;21;31;110
LAMMFELLBOOT-DA-36-WS;2024-01-01;14;31;110
LAMMFELLBOOT-DA-36-WS;2024-02-01;11;31;110
LAMMFELLBOOT-DA-36-WS;2024-03-01;3;31;110
LAMMFELLBOOT-DA-36-WS;2024-04-01;3;31;110
LAMMFELLBOOT-DA-36-WS;2024-05-01;2;31;110
LAMMFELLBOOT-DA-36-WS;2024-06-01;1;31;110
LAMMFELLBOOT-DA-36-WS;2024-07-01;1;31;110
LAMMFELLBOOT-DA-36-WS;2024-08-01;2;31;110
LAMMFELLBOOT-DA-36-WS;2024-09-01;6;31;110
LAMMFELLBOOT-DA-36-WS;2024-10-01;16;31;110
LAMMFELLBOOT-DA-36-WS;2024-11-01;19;31;110
LAMMFELLBOOT-DA-36-WS;2024-12-01;23;31;110
LAMMFELLBOOT-DA-37-GR;2023-01-01;14;23;110
LAMMFELLBOOT-DA-37-GR;2023-02-01;8;23;110
LAMMFELLBOOT-DA-37-GR;2023-03-01;5;23;110
LAMMFELLBOOT-DA-37-GR;2023-04-01;2;23;110
LAMMFELLBOOT-DA-37-GR;2023-05-01;2;23;110
LAMMFELLBOOT-DA-37-GR;2023-06-01;1;23;110
LAMMFELLBOOT-DA-37-GR;2023-07-01;1;23;110
LAMMFELLBOOT-DA-37-GR;2023-08-01;2;23;110
LAMMFELLBOOT-DA-37-GR;2023-09-01;5;23;110
LAMMFELLBOOT-DA-37-GR;2023-10-01;12;23;110
LAMMFELLBOOT-DA-37-GR;2023-11-01;29;23;110
LAMMFELLBOOT-DA-37-GR;2023-12-01;26;23;110
LAMMFELLBOOT-DA-37-GR;2024-01-01;16;23;110
LAMMFELLBOOT-DA-37-GR;2024-02-01;11;23;110
LAMMFELLBOOT-DA-37-GR;2024-03-01;4;23;110
LAMMFELLBOOT-DA-37-GR;2024-04-01;3;23;110
LAMMFELLBOOT-DA-37-GR;2024-05-01;2;23;110
LAMMFELLBOOT-DA-37-GR;2024-06-01;1;23;110
LAMMFELLBOOT-DA-37-GR;2024-07-01;1;23;110
LAMMFELLBOOT-DA-37-GR;2024-08-01;2;23;110
LAMMFELLBOOT-DA-37-GR;2024-09-01;5;23;110
LAMMFELLBOOT-DA-37-GR;2024-10-01;11;23;110
LAMMFELLBOOT-DA-37-GR;2024-11-01;14;23;110
LAMMFELLBOOT-DA-37-GR;2024-12-01;27;23;110
LAMMFELLBOOT-DA-37-WS;2023-01-01;25;42;110
LAMMFELLBOOT-DA-37-WS;2023-02-01;16;42;110
LAMMFELLBOOT-DA-37-WS;2023-03-01;8;42;110
LAMMFELLBOOT-DA-37-WS;2023-04-01;4;42;110
LAMMFELLBOOT-DA-37-WS;2023-05-01;2;42;110
LAMMFELLBOOT-DA-37-WS;2023-06-01;1;42;110
LAMMFELLBOOT-DA-37-WS;2023-07-01;1;42;110
LAMMFELLBOOT-DA-37-WS;2023-08-01;3;42;110
LAMMFELLBOOT-DA-37-WS;2023-09-01;9;42;110
LAMMFELLBOOT-DA-37-WS;2023-10-01;17;42;110
LAMMFELLBOOT-DA-37-WS;2023-11-01;27;42;110
LAMMFELLBOOT-DA-37-WS;2023-12-01;38;42;110
LAMMFELLBOOT-DA-37-WS;2024-01-01;15;42;110
LAMMFELLBOOT-DA-37-WS;2024-02-01;18;42;110
LAMMFELLBOOT-DA-37-WS;2024-03-01;7;42;110
LAMMFELLBOOT-DA-37-WS;2024-04-01;3;42;110
LAMMFELLBOOT-DA-37-WS;2024-05-01;2;42;110
LAMMFELLBOOT-DA-37-WS;2024-06-01;1;42;110
LAMMFELLBOOT-DA-37-WS;2024-07-01;1;42;110
LAMMFELLBOOT-DA-37-WS;2024-08-01;3;42;110
LAMMFELLBOOT-DA-37-WS;2024-09-01;9;42;110
LAMMFELLBOOT-DA-37-WS;2024-10-01;11;42;110
LAMMFELLBOOT-DA-37-WS;2024-11-01;30;42;110
LAMMFELLBOOT-DA-37-WS;2024-12-01;37;42;110
LAMMFELLBOOT-DA-38-BG;2023-01-01;13;15;110
LAMMFELLBOOT-DA-38-BG;2023-02-01;13;15;110
LAMMFELLBOOT-DA-38-BG;2023-03-01;7;15;110
LAMMFELLBOOT-DA-38-BG;2023-04-01;2;15;110
LAMMFELLBOOT-DA-38-BG;2023-05-01;2;15;110
LAMMFELLBOOT-DA-38-BG;2023-06-01;1;15;110
LAMMFELLBOOT-DA-38-BG;2023-07-01;1;15;110
LAMMFELLBOOT-DA-38-BG;2023-08-01;3;15;110
LAMMFELLBOOT-DA-38-BG;2023-09-01;6;15;110
LAMMFELLBOOT-DA-38-BG;2023-10-01;18;15;110
LAMMFELLBOOT-DA-38-BG;2023-11-01;23;15;110
LAMMFELLBOOT-DA-38-BG;2023-12-01;25;15;110
LAMMFELLBOOT-DA-38-BG;2024-01-01;16;15;110
LAMMFELLBOOT-DA-38-BG;2024-02-01;15;15;110
LAMMFELLBOOT-DA-38-BG;2024-03-01;7;15;110
LAMMFELLBOOT-DA-38-BG;2024-04-01;3;15;110
LAMMFELLBOOT-DA-38-BG;2024-05-01;2;15;110
LAMMFELLBOOT-DA-38-BG;2024-06-01;1;15;110
LAMMFELLBOOT-DA-38-BG;2024-07-01;1;15;110
LAMMFELLBOOT-DA-38-BG;2024-08-01;3;15;110
LAMMFELLBOOT-DA-38-BG;2024-09-01;7;15;110
LAMMFELLBOOT-DA-38-BG;2024-10-01;20;15;110
LAMMFELLBOOT-DA-38-BG;2024-11-01;20;15;110
LAMMFELLBOOT-DA-38-BG;2024-12-01;27;15;110
LAMMFELLBOOT-DA-38-BR;2023-01-01;22;77;110
LAMMFELLBOOT-DA-38-BR;2023-02-01;16;77;110
LAMMFELLBOOT-DA-38-BR;2023-03-01;7;77;110
LAMMFELLBOOT-DA-38-BR;2023-04-01;6;77;110
LAMMFELLBOOT-DA-38-BR;2023-05-01;3;77;110
LAMMFELLBOOT-DA-38-BR;2023-06-01;2;77;110
LAMMFELLBOOT-DA-38-BR;2023-07-01;2;77;110
LAMMFELLBOOT-DA-38-BR;2023-08-01;3;77;110
LAMMFELLBOOT-DA-38-BR;2023-09-01;10;77;110
LAMMFELLBOOT-DA-38-BR;2023-10-01;25;77;110
LAMMFELLBOOT-DA-38-BR;2023-11-01;40;77;110
LAMMFELLBOOT-DA-38-BR;2023-12-01;50;77;110
LAMMFELLBOOT-DA-38-BR;2024-01-01;31;77;110
LAMMFELLBOOT-DA-38-BR;2024-02-01;19;77;110
LAMMFELLBOOT-DA-38-BR;2024-03-01;10;77;110
LAMMFELLBOOT-DA-38-BR;2024-04-01;4;77;110
LAMMFELLBOOT-DA-38-BR;2024-05-01;2;77;110
LAMMFELLBOOT-DA-38-BR;2024-06-01;2;77;110
LAMMFELLBOOT-DA-38-BR;2024-07-01;2;77;110
LAMMFELLBOOT-DA-38-BR;2024-08-01;3;77;110
LAMMFELLBOOT-DA-38-BR;2024-09-01;12;77;110
LAMMFELLBOOT-DA-38-BR;2024-10-01;32;77;110
LAMMFELLBOOT-DA-38-BR;2024-11-01;43;77;110
LAMMFELLBOOT-DA-38-BR;2024-12-01;56;77;110
LAMMFELLBOOT-DA-38-GR;2023-01-01;17;245;110
LAMMFELLBOOT-DA-38-GR;2023-02-01;14;245;110
LAMMFELLBOOT-DA-38-GR;2023-03-01;8;245;110
LAMMFELLBOOT-DA-38-GR;2023-04-01;4;245;110
LAMMFELLBOOT-DA-38-GR;2023-05-01;2;245;110
LAMMFELLBOOT-DA-38-GR;2023-06-01;1;245;110
LAMMFELLBOOT-DA-38-GR;2023-07-01;1;245;110
LAMMFELLBOOT-DA-38-GR;2023-08-01;3;245;110
LAMMFELLBOOT-DA-38-GR;2023-09-01;7;245;110
LAMMFELLBOOT-DA-38-GR;2023-10-01;20;245;110
LAMMFELLBOOT-DA-38-GR;2023-11-01;34;245;110
LAMMFELLBOOT-DA-38-GR;2023-12-01;34;245;110
LAMMFELLBOOT-DA-38-GR;2024-01-01;23;245;110
LAMMFELLBOOT-DA-38-GR;2024-02-01;14;245;110
LAMMFELLBOOT-DA-38-GR;2024-03-01;8;245;110
LAMMFELLBOOT-DA-38-GR;2024-04-01;4;245;110
LAMMFELLBOOT-DA-38-GR;2024-05-01;2;245;110
LAMMFELLBOOT-DA-38-GR;2024-06-01;2;245;110
LAMMFELLBOOT-DA-38-GR;2024-07-01;2;245;110
LAMMFELLBOOT-DA-38-GR;2024-08-01;3;245;110
LAMMFELLBOOT-DA-38-GR;2024-09-01;8;245;110
LAMMFELLBOOT-DA-38-GR;2024-10-01;14;245;110
LAMMFELLBOOT-DA-38-GR;2024-11-01;31;245;110
LAMMFELLBOOT-DA-38-GR;2024-12-01;45;245;110
LAMMFELLBOOT-DA-38-NV;2023-01-01;19;87;110
LAMMFELLBOOT-DA-38-NV;2023-02-01;18;87;110
LAMMFELLBOOT-DA-38-NV;2023-03-01;10;87;110
LAMMFELLBOOT-DA-38-NV;2023-04-01;5;87;110
LAMMFELLBOOT-DA-38-NV;2023-05-01;2;87;110
LAMMFELLBOOT-DA-38-NV;2023-06-01;1;87;110
LAMMFELLBOOT-DA-38-NV;2023-07-01;2;87;110
LAMMFELLBOOT-DA-38-NV;2023-08-01;3;87;110
LAMMFELLBOOT-DA-38-NV;2023-09-01;7;87;110
LAMMFELLBOOT-DA-38-NV;2023-10-01;20;87;110
LAMMFELLBOOT-DA-38-NV;2023-11-01;23;87;110
LAMMFELLBOOT-DA-38-NV;2023-12-01;36;87;110
LAMMFELLBOOT-DA-38-NV;2024-01-01;23;87;110
LAMMFELLBOOT-DA-38-NV;2024-02-01;17;87;110
LAMMFELLBOOT-DA-38-NV;2024-03-01;8;87;110
LAMMFELLBOOT-DA-38-NV;2024-04-01;3;87;110
LAMMFELLBOOT-DA-38-NV;2024-05-01;2;87;110
LAMMFELLBOOT-DA-38-NV;2024-06-01;1;87;110
LAMMFELLBOOT-DA-38-NV;2024-07-01;1;87;110
LAMMFELLBOOT-DA-38-NV;2024-08-01;3;87;110
LAMMFELLBOOT-DA-38-NV;2024-09-01;8;87;110
LAMMFELLBOOT-DA-38-NV;2024-10-01;17;87;110
LAMMFELLBOOT-DA-38-NV;2024-11-01;26;87;110
LAMMFELLBOOT-DA-38-NV;2024-12-01;22;87;110
LAMMFELLBOOT-DA-38-RT;2023-01-01;11;27;110
LAMMFELLBOOT-DA-38-RT;2023-02-01;8;27;110
LAMMFELLBOOT-DA-38-RT;2023-03-01;4;27;110
LAMMFELLBOOT-DA-38-RT;2023-04-01;3;27;110
LAMMFELLBOOT-DA-38-RT;2023-05-01;1;27;110
LAMMFELLBOOT-DA-38-RT;2023-06-01;1;27;110
LAMMFELLBOOT-DA-38-RT;2023-07-01;1;27;110
LAMMFELLBOOT-DA-38-RT;2023-08-01;2;27;110
LAMMFELLBOOT-DA-38-RT;2023-09-01;5;27;110
LAMMFELLBOOT-DA-38-RT;2023-10-01;12;27;110
LAMMFELLBOOT-DA-38-RT;2023-11-01;12;27;110
LAMMFELLBOOT-DA-38-RT;2023-12-01;26;27;110
LAMMFELLBOOT-DA-38-RT;2024-01-01;20;27;110
LAMMFELLBOOT-DA-38-RT;2024-02-01;10;27;110
LAMMFELLBOOT-DA-38-RT;2024-03-01;5;27;110
LAMMFELLBOOT-DA-38-RT;2024-04-01;2;27;110
LAMMFELLBOOT-DA-38-RT;2024-05-01;1;27;110
LAMMFELLBOOT-DA-38-RT;2024-06-01;1;27;110
LAMMFELLBOOT-DA-38-RT;2024-07-01;1;27;110
LAMMFELLBOOT-DA-38-RT;2024-08-01;1;27;110
LAMMFELLBOOT-DA-38-RT;2024-09-01;6;27;110
LAMMFELLBOOT-DA-38-RT;2024-10-01;15;27;110
LAMMFELLBOOT-DA-38-RT;2024-11-01;9;27;110
LAMMFELLBOOT-DA-38-RT;2024-12-01;19;27;110
LAMMFELLBOOT-DA-39-BR;2023-01-01;28;18;110
LAMMFELLBOOT-DA-39-BR;2023-02-01;18;18;110
LAMMFELLBOOT-DA-39-BR;2023-03-01;8;18;110
LAMMFELLBOOT-DA-39-BR;2023-04-01;4;18;110
LAMMFELLBOOT-DA-39-BR;2023-05-01;3;18;110
LAMMFELLBOOT-DA-39-BR;2023-06-01;1;18;110
LAMMFELLBOOT-DA-39-BR;2023-07-01;2;18;110
LAMMFELLBOOT-DA-39-BR;2023-08-01;3;18;110
LAMMFELLBOOT-DA-39-BR;2023-09-01;14;18;110
LAMMFELLBOOT-DA-39-BR;2023-10-01;27;18;110
LAMMFELLBOOT-DA-39-BR;2023-11-01;39;18;110
LAMMFELLBOOT-DA-39-BR;2023-12-01;52;18;110
LAMMFELLBOOT-DA-39-BR;2024-01-01;23;18;110
LAMMFELLBOOT-DA-39-BR;2024-02-01;16;18;110
LAMMFELLBOOT-DA-39-BR;2024-03-01;10;18;110
LAMMFELLBOOT-DA-39-BR;2024-04-01;5;18;110
LAMMFELLBOOT-DA-39-BR;2024-05-01;3;18;110
LAMMFELLBOOT-DA-39-BR;2024-06-01;2;18;110
LAMMFELLBOOT-DA-39-BR;2024-07-01;2;18;110
LAMMFELLBOOT-DA-39-BR;2024-08-01;3;18;110
LAMMFELLBOOT-DA-39-BR;2024-09-01;12;18;110
LAMMFELLBOOT-DA-39-BR;2024-10-01;19;18;110
LAMMFELLBOOT-DA-39-BR;2024-11-01;34;18;110
LAMMFELLBOOT-DA-39-BR;2024-12-01;43;18;110
LAMMFELLBOOT-DA-40-BG;2023-01-01;9;38;110
LAMMFELLBOOT-DA-40-BG;2023-02-01;7;38;110
LAMMFELLBOOT-DA-40-BG;2023-03-01;3;38;110
LAMMFELLBOOT-DA-40-BG;2023-04-01;1;38;110
LAMMFELLBOOT-DA-40-BG;2023-05-01;2;38;110
LAMMFELLBOOT-DA-40-BG;2023-06-01;1;38;110
LAMMFELLBOOT-DA-40-BG;2023-07-01;1;38;110
LAMMFELLBOOT-DA-40-BG;2023-08-01;2;38;110
LAMMFELLBOOT-DA-40-BG;2023-09-01;4;38;110
LAMMFELLBOOT-DA-40-BG;2023-10-01;15;38;110
LAMMFELLBOOT-DA-40-BG;2023-11-01;17;38;110
LAMMFELLBOOT-DA-40-BG;2023-12-01;20;38;110
LAMMFELLBOOT-DA-40-BG;2024-01-01;17;38;110
LAMMFELLBOOT-DA-40-BG;2024-02-01;12;38;110
LAMMFELLBOOT-DA-40-BG;2024-03-01;4;38;110
LAMMFELLBOOT-DA-40-BG;2024-04-01;2;38;110
LAMMFELLBOOT-DA-40-BG;2024-05-01;2;38;110
LAMMFELLBOOT-DA-40-BG;2024-06-01;1;38;110
LAMMFELLBOOT-DA-40-BG;2024-07-01;1;38;110
LAMMFELLBOOT-DA-40-BG;2024-08-01;2;38;110
LAMMFELLBOOT-DA-40-BG;2024-09-01;6;38;110
LAMMFELLBOOT-DA-40-BG;2024-10-01;15;38;110
LAMMFELLBOOT-DA-40-BG;2024-11-01;15;38;110
LAMMFELLBOOT-DA-40-BG;2024-12-01;23;38;110
LAMMFELLBOOT-DA-40-GR;2023-01-01;16;36;110
LAMMFELLBOOT-DA-40-GR;2023-02-01;10;36;110
LAMMFELLBOOT-DA-40-GR;2023-03-01;6;36;110
LAMMFELLBOOT-DA-40-GR;2023-04-01;3;36;110
LAMMFELLBOOT-DA-40-GR;2023-05-01;2;36;110
LAMMFELLBOOT-DA-40-GR;2023-06-01;1;36;110
LAMMFELLBOOT-DA-40-GR;2023-07-01;1;36;110
LAMMFELLBOOT-DA-40-GR;2023-08-01;3;36;110
LAMMFELLBOOT-DA-40-GR;2023-09-01;8;36;110
LAMMFELLBOOT-DA-40-GR;2023-10-01;13;36;110
LAMMFELLBOOT-DA-40-GR;2023-11-01;22;36;110
LAMMFELLBOOT-DA-40-GR;2023-12-01;20;36;110
LAMMFELLBOOT-DA-40-GR;2024-01-01;16;36;110
LAMMFELLBOOT-DA-40-GR;2024-02-01;9;36;110
LAMMFELLBOOT-DA-40-GR;2024-03-01;5;36;110
LAMMFELLBOOT-DA-40-GR;2024-04-01;3;36;110
LAMMFELLBOOT-DA-40-GR;2024-05-01;2;36;110
LAMMFELLBOOT-DA-40-GR;2024-06-01;1;36;110
LAMMFELLBOOT-DA-40-GR;2024-07-01;1;36;110
LAMMFELLBOOT-DA-40-GR;2024-08-01;3;36;110
LAMMFELLBOOT-DA-40-GR;2024-09-01;7;36;110
LAMMFELLBOOT-DA-40-GR;2024-10-01;13;36;110
LAMMFELLBOOT-DA-40-GR;2024-11-01;25;36;110
LAMMFELLBOOT-DA-40-GR;2024-12-01;24;36;110
LAUFSCHUH-HE-40-BR;2023-01-01;19;30;35
LAUFSCHUH-HE-40-BR;2023-02-01;18;30;35
LAUFSCHUH-HE-40-BR;2023-03-01;24;30;35
LAUFSCHUH-HE-40-BR;2023-04-01;19;30;35
LAUFSCHUH-HE-40-BR;2023-05-01;26;30;35
LAUFSCHUH-HE-40-BR;2023-06-01;24;30;35
LAUFSCHUH-HE-40-BR;2023-07-01;16;30;35
LAUFSCHUH-HE-40-BR;2023-08-01;21;30;35
LAUFSCHUH-HE-40-BR;2023-09-01;28;30;35
LAUFSCHUH-HE-40-BR;2023-10-01;17;30;35
LAUFSCHUH-HE-40-BR;2023-11-01;17;30;35
LAUFSCHUH-HE-40-BR;2023-12-01;18;30;35
LAUFSCHUH-HE-40-BR;2024-01-01;18;30;35
LAUFSCHUH-HE-40-BR;2024-02-01;17;30;35
LAUFSCHUH-HE-40-BR;2024-03-01;18;30;35
LAUFSCHUH-HE-40-BR;2024-04-01;25;30;35
LAUFSCHUH-HE-40-BR;2024-05-01;16;30;35
LAUFSCHUH-HE-40-BR;2024-06-01;22;30;35
LAUFSCHUH-HE-40-BR;2024-07-01;15;30;35
LAUFSCHUH-HE-40-BR;2024-08-01;16;30;35
LAUFSCHUH-HE-40-BR;2024-09-01;21;30;35
LAUFSCHUH-HE-40-BR;2024-10-01;19;30;35
LAUFSCHUH-HE-40-BR;2024-11-01;17;30;35
LAUFSCHUH-HE-40-BR;2024-12-01;21;30;35
LAUFSCHUH-HE-40-GR;2023-01-01;12;22;35
LAUFSCHUH-HE-40-GR;2023-02-01;11;22;35
LAUFSCHUH-HE-40-GR;2023-03-01;16;22;35
LAUFSCHUH-HE-40-GR;2023-04-01;21;22;35
LAUFSCHUH-HE-40-GR;2023-05-01;12;22;35
LAUFSCHUH-HE-40-GR;2023-06-01;16;22;35
LAUFSCHUH-HE-40-GR;2023-07-01;14;22;35
LAUFSCHUH-HE-40-GR;2023-08-01;20;22;35
LAUFSCHUH-HE-40-GR;2023-09-01;20;22;35
LAUFSCHUH-HE-40-GR;2023-10-01;16;22;35
LAUFSCHUH-HE-40-GR;2023-11-01;15;22;35
LAUFSCHUH-HE-40-GR;2023-12-01;14;22;35
LAUFSCHUH-HE-40-GR;2024-01-01;12;22;35
LAUFSCHUH-HE-40-GR;2024-02-01;16;22;35
LAUFSCHUH-HE-40-GR;2024-03-01;11;22;35
LAUFSCHUH-HE-40-GR;2024-04-01;13;22;35
LAUFSCHUH-HE-40-GR;2024-05-01;14;22;35
LAUFSCHUH-HE-40-GR;2024-06-01;13;22;35
LAUFSCHUH-HE-40-GR;2024-07-01;11;22;35
LAUFSCHUH-HE-40-GR;2024-08-01;18;22;35
LAUFSCHUH-HE-40-GR;2024-09-01;15;22;35
LAUFSCHUH-HE-40-GR;2024-10-01;11;22;35
LAUFSCHUH-HE-40-GR;2024-11-01;16;22;35
LAUFSCHUH-HE-40-GR;2024-12-01;22;22;35
LAUFSCHUH-HE-40-NV;2023-01-01;15;21;35
LAUFSCHUH-HE-40-NV;2023-02-01;17;21;35
LAUFSCHUH-HE-40-NV;2023-03-01;20;21;35
LAUFSCHUH-HE-40-NV;2023-04-01;18;21;35
LAUFSCHUH-HE-40-NV;2023-05-01;18;21;35
LAUFSCHUH-HE-40-NV;2023-06-01;19;21;35
LAUFSCHUH-HE-40-NV;2023-07-01;17;21;35
LAUFSCHUH-HE-40-NV;2023-08-01;19;21;35
LAUFSCHUH-HE-40-NV;2023-09-01;17;21;35
LAUFSCHUH-HE-40-NV;2023-10-01;14;21;35
LAUFSCHUH-HE-40-NV;2023-11-01;14;21;35
LAUFSCHUH-HE-40-NV;2023-12-01;25;21;35
LAUFSCHUH-HE-40-NV;2024-01-01;18;21;35
LAUFSCHUH-HE-40-NV;2024-02-01;19;21;35
LAUFSCHUH-HE-40-NV;2024-03-01;16;21;35
LAUFSCHUH-HE-40-NV;2024-04-01;21;21;35
LAUFSCHUH-HE-40-NV;2024-05-01;24;21;35
LAUFSCHUH-HE-40-NV;2024-06-01;16;21;35
LAUFSCHUH-HE-40-NV;2024-07-01;18;21;35
LAUFSCHUH-HE-40-NV;2024-08-01;17;21;35
LAUFSCHUH-HE-40-NV;2024-09-01;28;21;35
LAUFSCHUH-HE-40-NV;2024-10-01;19;21;35
LAUFSCHUH-HE-40-NV;2024-11-01;11;21;35
LAUFSCHUH-HE-40-NV;2024-12-01;17;21;35
LAUFSCHUH-HE-40-WS;2023-01-01;24;61;35
LAUFSCHUH-HE-40-WS;2023-02-01;20;61;35
LAUFSCHUH-HE-40-WS;2023-03-01;23;61;35
LAUFSCHUH-HE-40-WS;2023-04-01;23;61;35
LAUFSCHUH-HE-40-WS;2023-05-01;19;61;35
LAUFSCHUH-HE-40-WS;2023-06-01;17;61;35
LAUFSCHUH-HE-40-WS;2023-07-01;18;61;35
LAUFSCHUH-HE-40-WS;2023-08-01;27;61;35
LAUFSCHUH-HE-40-WS;2023-09-01;24;61;35
LAUFSCHUH-HE-40-WS;2023-10-01;30;61;35
LAUFSCHUH-HE-40-WS;2023-11-01;10;61;35
LAUFSCHUH-HE-40-WS;2023-12-01;34;61;35
LAUFSCHUH-HE-40-WS;2024-01-01;19;61;35
LAUFSCHUH-HE-40-WS;2024-02-01;25;61;35
LAUFSCHUH-HE-40-WS;2024-03-01;25;61;35
LAUFSCHUH-HE-40-WS;2024-04-01;23;61;35
LAUFSCHUH-HE-40-WS;2024-05-01;29;61;35
LAUFSCHUH-HE-40-WS;2024-06-01;22;61;35
LAUFSCHUH-HE-40-WS;2024-07-01;26;61;35
LAUFSCHUH-HE-40-WS;2024-08-01;23;61;35
LAUFSCHUH-HE-40-WS;2024-09-01;24;61;35
LAUFSCHUH-HE-40-WS;2024-10-01;29;61;35
LAUFSCHUH-HE-40-WS;2024-11-01;26;61;35
LAUFSCHUH-HE-40-WS;2024-12-01;20;61;35
LAUFSCHUH-HE-41-GR;2023-01-01;19;116;35
LAUFSCHUH-HE-41-GR;2023-02-01;19;116;35
LAUFSCHUH-HE-41-GR;2023-03-01;13;116;35
LAUFSCHUH-HE-41-GR;2023-04-01;23;116;35
LAUFSCHUH-HE-41-GR;2023-05-01;28;116;35
LAUFSCHUH-HE-41-GR;2023-06-01;17;116;35
LAUFSCHUH-HE-41-GR;2023-07-01;25;116;35
LAUFSCHUH-HE-41-GR;2023-08-01;22;116;35
LAUFSCHUH-HE-41-GR;2023-09-01;27;116;35
LAUFSCHUH-HE-41-GR;2023-10-01;31;116;35
LAUFSCHUH-HE-41-GR;2023-11-01;25;116;35
LAUFSCHUH-HE-41-GR;2023-12-01;19;116;35
LAUFSCHUH-HE-41-GR;2024-01-01;18;116;35
LAUFSCHUH-HE-41-GR;2024-02-01;19;116;35
LAUFSCHUH-HE-41-GR;2024-03-01;21;116;35
LAUFSCHUH-HE-41-GR;2024-04-01;29;116;35
LAUFSCHUH-HE-41-GR;2024-05-01;26;116;35
LAUFSCHUH-HE-41-GR;2024-06-01;22;116;35
LAUFSCHUH-HE-41-GR;2024-07-01;24;116;35
LAUFSCHUH-HE-41-GR;2024-08-01;22;116;35
LAUFSCHUH-HE-41-GR;2024-09-01;31;116;35
LAUFSCHUH-HE-41-GR;2024-10-01;27;116;35
LAUFSCHUH-HE-41-GR;2024-11-01;22;116;35
LAUFSCHUH-HE-41-GR;2024-12-01;33;116;35
LAUFSCHUH-HE-41-RT;2023-01-01;12;37;35
LAUFSCHUH-HE-41-RT;2023-02-01;15;37;35
LAUFSCHUH-HE-41-RT;2023-03-01;17;37;35
LAUFSCHUH-HE-41-RT;2023-04-01;15;37;35
LAUFSCHUH-HE-41-RT;2023-05-01;21;37;35
LAUFSCHUH-HE-41-RT;2023-06-01;17;37;35
LAUFSCHUH-HE-41-RT;2023-07-01;16;37;35
LAUFSCHUH-HE-41-RT;2023-08-01;14;37;35
LAUFSCHUH-HE-41-RT;2023-09-01;21;37;35
LAUFSCHUH-HE-41-RT;2023-10-01;19;37;35
LAUFSCHUH-HE-41-RT;2023-11-01;15;37;35
LAUFSCHUH-HE-41-RT;2023-12-01;20;37;35
LAUFSCHUH-HE-41-RT;2024-01-01;13;37;35
LAUFSCHUH-HE-41-RT;2024-02-01;11;37;35
LAUFSCHUH-HE-41-RT;2024-03-01;15;37;35
LAUFSCHUH-HE-41-RT;2024-04-01;20;37;35
LAUFSCHUH-HE-41-RT;2024-05-01;20;37;35
LAUFSCHUH-HE-41-RT;2024-06-01;12;37;35
LAUFSCHUH-HE-41-RT;2024-07-01;19;37;35
LAUFSCHUH-HE-41-RT;2024-08-01;17;37;35
LAUFSCHUH-HE-41-RT;2024-09-01;16;37;35
LAUFSCHUH-HE-41-RT;2024-10-01;19;37;35
LAUFSCHUH-HE-41-RT;2024-11-01;18;37;35
LAUFSCHUH-HE-41-RT;2024-12-01;26;37;35
LAUFSCHUH-HE-41-SW;2023-01-01;37;141;35
LAUFSCHUH-HE-41-SW;2023-02-01;28;141;35
LAUFSCHUH-HE-41-SW;2023-03-01;43;141;35
LAUFSCHUH-HE-41-SW;2023-04-01;41;141;35
LAUFSCHUH-HE-41-SW;2023-05-01;41;141;35
LAUFSCHUH-HE-41-SW;2023-06-01;40;141;35
LAUFSCHUH-HE-41-SW;2023-07-01;34;141;35
LAUFSCHUH-HE-41-SW;2023-08-01;50;141;35
LAUFSCHUH-HE-41-SW;2023-09-01;43;141;35
LAUFSCHUH-HE-41-SW;2023-10-01;58;141;35
LAUFSCHUH-HE-41-SW;2023-11-01;37;141;35
LAUFSCHUH-HE-41-SW;2023-12-01;69;141;35
LAUFSCHUH-HE-41-SW;2024-01-01;37;141;35
LAUFSCHUH-HE-41-SW;2024-02-01;42;141;35
LAUFSCHUH-HE-41-SW;2024-03-01;30;141;35
LAUFSCHUH-HE-41-SW;2024-04-01;48;141;35
LAUFSCHUH-HE-41-SW;2024-05-01;24;141;35
LAUFSCHUH-HE-41-SW;2024-06-01;43;141;35
LAUFSCHUH-HE-41-SW;2024-07-01;50;141;35
LAUFSCHUH-HE-41-SW;2024-08-01;52;141;35
LAUFSCHUH-HE-41-SW;2024-09-01;52;141;35
LAUFSCHUH-HE-41-SW;2024-10-01;38;141;35
LAUFSCHUH-HE-41-SW;2024-11-01;30;141;35
LAUFSCHUH-HE-41-SW;2024-12-01;48;141;35
LAUFSCHUH-HE-42-BG;2023-01-01;20;101;35
LAUFSCHUH-HE-42-BG;2023-02-01;28;101;35
LAUFSCHUH-HE-42-BG;2023-03-01;38;101;35
LAUFSCHUH-HE-42-BG;2023-04-01;13;101;35
LAUFSCHUH-HE-42-BG;2023-05-01;41;101;35
LAUFSCHUH-HE-42-BG;2023-06-01;27;101;35
LAUFSCHUH-HE-42-BG;2023-07-01;31;101;35
LAUFSCHUH-HE-42-BG;2023-08-01;27;101;35
LAUFSCHUH-HE-42-BG;2023-09-01;40;101;35
LAUFSCHUH-HE-42-BG;2023-10-01;51;101;35
LAUFSCHUH-HE-42-BG;2023-11-01;36;101;35
LAUFSCHUH-HE-42-BG;2023-12-01;28;101;35
LAUFSCHUH-HE-42-BG;2024-01-01;25;101;35
LAUFSCHUH-HE-42-BG;2024-02-01;27;101;35
LAUFSCHUH-HE-42-BG;2024-03-01;26;101;35
LAUFSCHUH-HE-42-BG;2024-04-01;37;101;35
LAUFSCHUH-HE-42-BG;2024-05-01;39;101;35
LAUFSCHUH-HE-42-BG;2024-06-01;32;101;35
LAUFSCHUH-HE-42-BG;2024-07-01;28;101;35
LAUFSCHUH-HE-42-BG;2024-08-01;35;101;35
LAUFSCHUH-HE-42-BG;2024-09-01;30;101;35
LAUFSCHUH-HE-42-BG;2024-10-01;22;101;35
LAUFSCHUH-HE-42-BG;2024-11-01;32;101;35
LAUFSCHUH-HE-42-BG;2024-12-01;41;101;35
LAUFSCHUH-HE-42-BR;2023-01-01;43;209;35
LAUFSCHUH-HE-42-BR;2023-02-01;27;209;35
LAUFSCHUH-HE-42-BR;2023-03-01;34;209;35
LAUFSCHUH-HE-42-BR;2023-04-01;42;209;35
LAUFSCHUH-HE-42-BR;2023-05-01;57;209;35
LAUFSCHUH-HE-42-BR;2023-06-01;55;209;35
LAUFSCHUH-HE-42-BR;2023-07-01;35;209;35
LAUFSCHUH-HE-42-BR;2023-08-01;48;209;35
LAUFSCHUH-HE-42-BR;2023-09-01;44;209;35
LAUFSCHUH-HE-42-BR;2023-10-01;52;209;35
LAUFSCHUH-HE-42-BR;2023-11-01;60;209;35
LAUFSCHUH-HE-42-BR;2023-12-01;48;209;35
LAUFSCHUH-HE-42-BR;2024-01-01;38;209;35
LAUFSCHUH-HE-42-BR;2024-02-01;42;209;35
LAUFSCHUH-HE-42-BR;2024-03-01;42;209;35
LAUFSCHUH-HE-42-BR;2024-04-01;37;209;35
LAUFSCHUH-HE-42-BR;2024-05-01;38;209;35
LAUFSCHUH-HE-42-BR;2024-06-01;33;209;35
LAUFSCHUH-HE-42-BR;2024-07-01;30;209;35
LAUFSCHUH-HE-42-BR;2024-08-01;30;209;35
LAUFSCHUH-HE-42-BR;2024-09-01;39;209;35
LAUFSCHUH-HE-42-BR;2024-10-01;36;209;35
LAUFSCHUH-HE-42-BR;2024-11-01;31;209;35
LAUFSCHUH-HE-42-BR;2024-12-01;61;209;35
LAUFSCHUH-HE-43-BG;2023-01-01;29;73;35
LAUFSCHUH-HE-43-BG;2023-02-01;37;73;35
LAUFSCHUH-HE-43-BG;2023-03-01;27;73;35
LAUFSCHUH-HE-43-BG;2023-04-01;35;73;35
LAUFSCHUH-HE-43-BG;2023-05-01;38;73;35
LAUFSCHUH-HE-43-BG;2023-06-01;29;73;35
LAUFSCHUH-HE-43-BG;2023-07-01;33;73;35
LAUFSCHUH-HE-43-BG;2023-08-01;27;73;35
LAUFSCHUH-HE-43-BG;2023-09-01;35;73;35
LAUFSCHUH-HE-43-BG;2023-10-01;34;73;35
LAUFSCHUH-HE-43-BG;2023-11-01;33;73;35
LAUFSCHUH-HE-43-BG;2023-12-01;31;73;35
LAUFSCHUH-HE-43-BG;2024-01-01;33;73;35
LAUFSCHUH-HE-43-BG;2024-02-01;32;73;35
LAUFSCHUH-HE-43-BG;2024-03-01;39;73;35
LAUFSCHUH-HE-43-BG;2024-04-01;49;73;35
LAUFSCHUH-HE-43-BG;2024-05-01;14;73;35
LAUFSCHUH-HE-43-BG;2024-06-01;35;73;35
LAUFSCHUH-HE-43-BG;2024-07-01;36;73;35
LAUFSCHUH-HE-43-BG;2024-08-01;32;73;35
LAUFSCHUH-HE-43-BG;2024-09-01;41;73;35
LAUFSCHUH-HE-43-BG;2024-10-01;36;73;35
LAUFSCHUH-HE-43-BG;2024-11-01;35;73;35
LAUFSCHUH-HE-43-BG;2024-12-01;45;73;35
LAUFSCHUH-HE-44-BG;2023-01-01;29;35;35
LAUFSCHUH-HE-44-BG;2023-02-01;32;35;35
LAUFSCHUH-HE-44-BG;2023-03-01;40;35;35
LAUFSCHUH-HE-44-BG;2023-04-01;38;35;35
LAUFSCHUH-HE-44-BG;2023-05-01;37;35;35
LAUFSCHUH-HE-44-BG;2023-06-01;39;35;35
LAUFSCHUH-HE-44-BG;2023-07-01;33;35;35
LAUFSCHUH-HE-44-BG;2023-08-01;22;35;35
LAUFSCHUH-HE-44-BG;2023-09-01;29;35;35
LAUFSCHUH-HE-44-BG;2023-10-01;31;35;35
LAUFSCHUH-HE-44-BG;2023-11-01;27;35;35
LAUFSCHUH-HE-44-BG;2023-12-01;41;35;35
LAUFSCHUH-HE-44-BG;2024-01-01;31;35;35
LAUFSCHUH-HE-44-BG;2024-02-01;32;35;35
LAUFSCHUH-HE-44-BG;2024-03-01;31;35;35
LAUFSCHUH-HE-44-BG;2024-04-01;29;35;35
LAUFSCHUH-HE-44-BG;2024-05-01;41;35;35
LAUFSCHUH-HE-44-BG;2024-06-01;36;35;35
LAUFSCHUH-HE-44-BG;2024-07-01;15;35;35
LAUFSCHUH-HE-44-BG;2024-08-01;27;35;35
LAUFSCHUH-HE-44-BG;2024-09-01;49;35;35
LAUFSCHUH-HE-44-BG;2024-10-01;45;35;35
LAUFSCHUH-HE-44-BG;2024-11-01;41;35;35
LAUFSCHUH-HE-44-BG;2024-12-01;36;35;35
LAUFSCHUH-HE-44-GR;2023-01-01;27;30;35
LAUFSCHUH-HE-44-GR;2023-02-01;37;30;35
LAUFSCHUH-HE-44-GR;2023-03-01;39;30;35
LAUFSCHUH-HE-44-GR;2023-04-01;49;30;35
LAUFSCHUH-HE-44-GR;2023-05-01;48;30;35
LAUFSCHUH-HE-44-GR;2023-06-01;23;30;35
LAUFSCHUH-HE-44-GR;2023-07-01;46;30;35
LAUFSCHUH-HE-44-GR;2023-08-01;45;30;35
LAUFSCHUH-HE-44-GR;2023-09-01;51;30;35
LAUFSCHUH-HE-44-GR;2023-10-01;38;30;35
LAUFSCHUH-HE-44-GR;2023-11-01;45;30;35
LAUFSCHUH-HE-44-GR;2023-12-01;50;30;35
LAUFSCHUH-HE-44-GR;2024-01-01;26;30;35
LAUFSCHUH-HE-44-GR;2024-02-01;38;30;35
LAUFSCHUH-HE-44-GR;2024-03-01;40;30;35
LAUFSCHUH-HE-44-GR;2024-04-01;45;30;35
LAUFSCHUH-HE-44-GR;2024-05-01;49;30;35
LAUFSCHUH-HE-44-GR;2024-06-01;23;30;35
LAUFSCHUH-HE-44-GR;2024-07-01;44;30;35
LAUFSCHUH-HE-44-GR;2024-08-01;44;30;35
LAUFSCHUH-HE-44-GR;2024-09-01;41;30;35
LAUFSCHUH-HE-44-GR;2024-10-01;31;30;35
LAUFSCHUH-HE-44-GR;2024-11-01;39;30;35
LAUFSCHUH-HE-44-GR;2024-12-01;61;30;35
LAUFSCHUH-HE-45-BR;2023-01-01;41;97;35
LAUFSCHUH-HE-45-BR;2023-02-01;35;97;35
LAUFSCHUH-HE-45-BR;2023-03-01;26;97;35
LAUFSCHUH-HE-45-BR;2023-04-01;38;97;35
LAUFSCHUH-HE-45-BR;2023-05-01;35;97;35
LAUFSCHUH-HE-45-BR;2023-06-01;39;97;35
LAUFSCHUH-HE-45-BR;2023-07-01;32;97;35
LAUFSCHUH-HE-45-BR;2023-08-01;38;97;35
LAUFSCHUH-HE-45-BR;2023-09-01;48;97;35
LAUFSCHUH-HE-45-BR;2023-10-01;40;97;35
LAUFSCHUH-HE-45-BR;2023-11-01;41;97;35
LAUFSCHUH-HE-45-BR;2023-12-01;46;97;35
LAUFSCHUH-HE-45-BR;2024-01-01;29;97;35
LAUFSCHUH-HE-45-BR;2024-02-01;23;97;35
LAUFSCHUH-HE-45-BR;2024-03-01;40;97;35
LAUFSCHUH-HE-45-BR;2024-04-01;40;97;35
LAUFSCHUH-HE-45-BR;2024-05-01;37;97;35
LAUFSCHUH-HE-45-BR;2024-06-01;37;97;35
LAUFSCHUH-HE-45-BR;2024-07-01;37;97;35
LAUFSCHUH-HE-45-BR;2024-08-01;38;97;35
LAUFSCHUH-HE-45-BR;2024-09-01;49;97;35
LAUFSCHUH-HE-45-BR;2024-10-01;33;97;35
LAUFSCHUH-HE-45-BR;2024-11-01;35;97;35
LAUFSCHUH-HE-45-BR;2024-12-01;52;97;35
LAUFSCHUH-HE-46-SW;2023-01-01;34;136;35
LAUFSCHUH-HE-46-SW;2023-02-01;27;136;35
LAUFSCHUH-HE-46-SW;2023-03-01;31;136;35
LAUFSCHUH-HE-46-SW;2023-04-01;41;136;35
LAUFSCHUH-HE-46-SW;2023-05-01;29;136;35
LAUFSCHUH-HE-46-SW;2023-06-01;26;136;35
LAUFSCHUH-HE-46-SW;2023-07-01;26;136;35
LAUFSCHUH-HE-46-SW;2023-08-01;25;136;35
LAUFSCHUH-HE-46-SW;2023-09-01;27;136;35
LAUFSCHUH-HE-46-SW;2023-10-01;27;136;35
LAUFSCHUH-HE-46-SW;2023-11-01;30;136;35
LAUFSCHUH-HE-46-SW;2023-12-01;31;136;35
LAUFSCHUH-HE-46-SW;2024-01-01;24;136;35
LAUFSCHUH-HE-46-SW;2024-02-01;17;136;35
LAUFSCHUH-HE-46-SW;2024-03-01;30;136;35
LAUFSCHUH-HE-46-SW;2024-04-01;25;136;35
LAUFSCHUH-HE-46-SW;2024-05-01;28;136;35
LAUFSCHUH-HE-46-SW;2024-06-01;23;136;35
LAUFSCHUH-HE-46-SW;2024-07-01;29;136;35
LAUFSCHUH-HE-46-SW;2024-08-01;27;136;35
LAUFSCHUH-HE-46-SW;2024-09-01;26;136;35
LAUFSCHUH-HE-46-SW;2024-10-01;31;136;35
LAUFSCHUH-HE-46-SW;2024-11-01;33;136;35
LAUFSCHUH-HE-46-SW;2024-12-01;36;136;35
LAUFSCHUH-HE-46-WS;2023-01-01;19;18;35
LAUFSCHUH-HE-46-WS;2023-02-01;18;18;35
LAUFSCHUH-HE-46-WS;2023-03-01;23;18;35
LAUFSCHUH-HE-46-WS;2023-04-01;23;18;35
LAUFSCHUH-HE-46-WS;2023-05-01;16;18;35
LAUFSCHUH-HE-46-WS;2023-06-01;18;18;35
LAUFSCHUH-HE-46-WS;2023-07-01;25;18;35
LAUFSCHUH-HE-46-WS;2023-08-01;27;18;35
LAUFSCHUH-HE-46-WS;2023-09-01;27;18;35
LAUFSCHUH-HE-46-WS;2023-10-01;26;18;35
LAUFSCHUH-HE-46-WS;2023-11-01;19;18;35
LAUFSCHUH-HE-46-WS;2023-12-01;30;18;35
LAUFSCHUH-HE-46-WS;2024-01-01;23;18;35
LAUFSCHUH-HE-46-WS;2024-02-01;19;18;35
LAUFSCHUH-HE-46-WS;2024-03-01;23;18;35
LAUFSCHUH-HE-46-WS;2024-04-01;27;18;35
LAUFSCHUH-HE-46-WS;2024-05-01;23;18;35
LAUFSCHUH-HE-46-WS;2024-06-01;19;18;35
LAUFSCHUH-HE-46-WS;2024-07-01;23;18;35
LAUFSCHUH-HE-46-WS;2024-08-01;22;18;35
LAUFSCHUH-HE-46-WS;2024-09-01;25;18;35
LAUFSCHUH-HE-46-WS;2024-10-01;34;18;35
LAUFSCHUH-HE-46-WS;2024-11-01;29;18;35
LAUFSCHUH-HE-46-WS;2024-12-01;30;18;35
LOAFER-DA-36-GR;2023-01-01;5;12;65
LOAFER-DA-36-GR;2023-02-01;5;12;65
LOAFER-DA-36-GR;2023-03-01;8;12;65
LOAFER-DA-36-GR;2023-04-01;9;12;65
LOAFER-DA-36-GR;2023-05-01;9;12;65
LOAFER-DA-36-GR;2023-06-01;7;12;65
LOAFER-DA-36-GR;2023-07-01;4;12;65
LOAFER-DA-36-GR;2023-08-01;5;12;65
LOAFER-DA-36-GR;2023-09-01;11;12;65
LOAFER-DA-36-GR;2023-10-01;9;12;65
LOAFER-DA-36-GR;2023-11-01;7;12;65
LOAFER-DA-36-GR;2023-12-01;5;12;65
LOAFER-DA-36-GR;2024-01-01;4;12;65
LOAFER-DA-36-GR;2024-02-01;7;12;65
LOAFER-DA-36-GR;2024-03-01;8;12;65
LOAFER-DA-36-GR;2024-04-01;9;12;65
LOAFER-DA-36-GR;2024-05-01;7;12;65
LOAFER-DA-36-GR;2024-06-01;4;12;65
LOAFER-DA-36-GR;2024-07-01;4;12;65
LOAFER-DA-36-GR;2024-08-01;5;12;65
LOAFER-DA-36-GR;2024-09-01;9;12;65
LOAFER-DA-36-GR;2024-10-01;12;12;65
LOAFER-DA-36-GR;2024-11-01;7;12;65
LOAFER-DA-36-GR;2024-12-01;4;12;65
LOAFER-DA-37-BR;2023-01-01;9;6;65
LOAFER-DA-37-BR;2023-02-01;11;6;65
LOAFER-DA-37-BR;2023-03-01;26;6;65
LOAFER-DA-37-BR;2023-04-01;22;6;65
LOAFER-DA-37-BR;2023-05-01;11;6;65
LOAFER-DA-37-BR;2023-06-01;14;6;65
LOAFER-DA-37-BR;2023-07-01;8;6;65
LOAFER-DA-37-BR;2023-08-01;10;6;65
LOAFER-DA-37-BR;2023-09-01;17;6;65
LOAFER-DA-37-BR;2023-10-01;16;6;65
LOAFER-DA-37-BR;2023-11-01;13;6;65
LOAFER-DA-37-BR;2023-12-01;10;6;65
LOAFER-DA-37-BR;2024-01-01;10;6;65
LOAFER-DA-37-BR;2024-02-01;9;6;65
LOAFER-DA-37-BR;2024-03-01;20;6;65
LOAFER-DA-37-BR;2024-04-01;21;6;65
LOAFER-DA-37-BR;2024-05-01;11;6;65
LOAFER-DA-37-BR;2024-06-01;8;6;65
LOAFER-DA-37-BR;2024-07-01;8;6;65
LOAFER-DA-37-BR;2024-08-01;11;6;65
LOAFER-DA-37-BR;2024-09-01;15;6;65
LOAFER-DA-37-BR;2024-10-01;19;6;65
LOAFER-DA-37-BR;2024-11-01;15;6;65
LOAFER-DA-37-BR;2024-12-01;8;6;65
LOAFER-DA-37-GR;2023-01-01;8;16;65
LOAFER-DA-37-GR;2023-02-01;9;16;65
LOAFER-DA-37-GR;2023-03-01;16;16;65
LOAFER-DA-37-GR;2023-04-01;12;16;65
LOAFER-DA-37-GR;2023-05-01;11;16;65
LOAFER-DA-37-GR;2023-06-01;7;16;65
LOAFER-DA-37-GR;2023-07-01;7;16;65
LOAFER-DA-37-GR;2023-08-01;11;16;65
LOAFER-DA-37-GR;2023-09-01;14;16;65
LOAFER-DA-37-GR;2023-10-01;12;16;65
LOAFER-DA-37-GR;2023-11-01;11;16;65
LOAFER-DA-37-GR;2023-12-01;12;16;65
LOAFER-DA-37-GR;2024-01-01;7;16;65
LOAFER-DA-37-GR;2024-02-01;10;16;65
LOAFER-DA-37-GR;2024-03-01;13;16;65
LOAFER-DA-37-GR;2024-04-01;21;16;65
LOAFER-DA-37-GR;2024-05-01;11;16;65
LOAFER-DA-37-GR;2024-06-01;9;16;65
LOAFER-DA-37-GR;2024-07-01;10;16;65
LOAFER-DA-37-GR;2024-08-01;10;16;65
LOAFER-DA-37-GR;2024-09-01;19;16;65
LOAFER-DA-37-GR;2024-10-01;17;16;65
LOAFER-DA-37-GR;2024-11-01;10;16;65
LOAFER-DA-37-GR;2024-12-01;10;16;65
LOAFER-DA-37-RT;2023-01-01;3;31;65
LOAFER-DA-37-RT;2023-02-01;6;31;65
LOAFER-DA-37-RT;2023-03-01;9;31;65
LOAFER-DA-37-RT;2023-04-01;12;31;65
LOAFER-DA-37-RT;2023-05-01;8;31;65
LOAFER-DA-37-RT;2023-06-01;7;31;65
LOAFER-DA-37-RT;2023-07-01;6;31;65
LOAFER-DA-37-RT;2023-08-01;7;31;65
LOAFER-DA-37-RT;2023-09-01;11;31;65
LOAFER-DA-37-RT;2023-10-01;13;31;65
LOAFER-DA-37-RT;2023-11-01;9;31;65
LOAFER-DA-37-RT;2023-12-01;6;31;65
LOAFER-DA-37-RT;2024-01-01;6;31;65
LOAFER-DA-37-RT;2024-02-01;7;31;65
LOAFER-DA-37-RT;2024-03-01;7;31;65
LOAFER-DA-37-RT;2024-04-01;11;31;65
LOAFER-DA-37-RT;2024-05-01;7;31;65
LOAFER-DA-37-RT;2024-06-01;7;31;65
LOAFER-DA-37-RT;2024-07-01;5;31;65
LOAFER-DA-37-RT;2024-08-01;8;31;65
LOAFER-DA-37-RT;2024-09-01;11;31;65
LOAFER-DA-37-RT;2024-10-01;11;31;65
LOAFER-DA-37-RT;2024-11-01;11;31;65
LOAFER-DA-37-RT;2024-12-01;5;31;65
LOAFER-DA-38-BR;2023-01-01;13;20;65
LOAFER-DA-38-BR;2023-02-01;14;20;65
LOAFER-DA-38-BR;2023-03-01;28;20;65
LOAFER-DA-38-BR;2023-04-01;32;20;65
LOAFER-DA-38-BR;2023-05-01;19;20;65
LOAFER-DA-38-BR;2023-06-01;14;20;65
LOAFER-DA-38-BR;2023-07-01;9;20;65
LOAFER-DA-38-BR;2023-08-01;14;20;65
LOAFER-DA-38-BR;2023-09-01;22;20;65
LOAFER-DA-38-BR;2023-10-01;35;20;65
LOAFER-DA-38-BR;2023-11-01;14;20;65
LOAFER-DA-38-BR;2023-12-01;10;20;65
LOAFER-DA-38-BR;2024-01-01;10;20;65
LOAFER-DA-38-BR;2024-02-01;13;20;65
LOAFER-DA-38-BR;2024-03-01;22;20;65
LOAFER-DA-38-BR;2024-04-01;20;20;65
LOAFER-DA-38-BR;2024-05-01;18;20;65
LOAFER-DA-38-BR;2024-06-01;13;20;65
LOAFER-DA-38-BR;2024-07-01;13;20;65
LOAFER-DA-38-BR;2024-08-01;18;20;65
LOAFER-DA-38-BR;2024-09-01;30;20;65
LOAFER-DA-38-BR;2024-10-01;23;20;65
LOAFER-DA-38-BR;2024-11-01;14;20;65
LOAFER-DA-38-BR;2024-12-01;18;20;65
LOAFER-DA-39-NV;2023-01-01;17;25;65
LOAFER-DA-39-NV;2023-02-01;10;25;65
LOAFER-DA-39-NV;2023-03-01;21;25;65
LOAFER-DA-39-NV;2023-04-01;31;25;65
LOAFER-DA-39-NV;2023-05-01;20;25;65
LOAFER-DA-39-NV;2023-06-01;9;25;65
LOAFER-DA-39-NV;2023-07-01;13;25;65
LOAFER-DA-39-NV;2023-08-01;18;25;65
LOAFER-DA-39-NV;2023-09-01;18;25;65
LOAFER-DA-39-NV;2023-10-01;22;25;65
LOAFER-DA-39-NV;2023-11-01;22;25;65
LOAFER-DA-39-NV;2023-12-01;15;25;65
LOAFER-DA-39-NV;2024-01-01;10;25;65
LOAFER-DA-39-NV;2024-02-01;14;25;65
LOAFER-DA-39-NV;2024-03-01;25;25;65
LOAFER-DA-39-NV;2024-04-01;22;25;65
LOAFER-DA-39-NV;2024-05-01;20;25;65
LOAFER-DA-39-NV;2024-06-01;13;25;65
LOAFER-DA-39-NV;2024-07-01;12;25;65
LOAFER-DA-39-NV;2024-08-01;12;25;65
LOAFER-DA-39-NV;2024-09-01;25;25;65
LOAFER-DA-39-NV;2024-10-01;21;25;65
LOAFER-DA-39-NV;2024-11-01;14;25;65
LOAFER-DA-39-NV;2024-12-01;18;25;65
LOAFER-DA-39-WS;2023-01-01;20;10;65
LOAFER-DA-39-WS;2023-02-01;21;10;65
LOAFER-DA-39-WS;2023-03-01;31;10;65
LOAFER-DA-39-WS;2023-04-01;27;10;65
LOAFER-DA-39-WS;2023-05-01;21;10;65
LOAFER-DA-39-WS;2023-06-01;15;10;65
LOAFER-DA-39-WS;2023-07-01;17;10;65
LOAFER-DA-39-WS;2023-08-01;16;10;65
LOAFER-DA-39-WS;2023-09-01;31;10;65
LOAFER-DA-39-WS;2023-10-01;35;10;65
LOAFER-DA-39-WS;2023-11-01;29;10;65
LOAFER-DA-39-WS;2023-12-01;22;10;65
LOAFER-DA-39-WS;2024-01-01;16;10;65
LOAFER-DA-39-WS;2024-02-01;16;10;65
LOAFER-DA-39-WS;2024-03-01;30;10;65
LOAFER-DA-39-WS;2024-04-01;33;10;65
LOAFER-DA-39-WS;2024-05-01;28;10;65
LOAFER-DA-39-WS;2024-06-01;15;10;65
LOAFER-DA-39-WS;2024-07-01;17;10;65
LOAFER-DA-39-WS;2024-08-01;17;10;65
LOAFER-DA-39-WS;2024-09-01;30;10;65
LOAFER-DA-39-WS;2024-10-01;16;10;65
LOAFER-DA-39-WS;2024-11-01;23;10;65
LOAFER-DA-39-WS;2024-12-01;19;10;65
LOAFER-DA-40-GR;2023-01-01;7;25;65
LOAFER-DA-40-GR;2023-02-01;7;25;65
LOAFER-DA-40-GR;2023-03-01;17;25;65
LOAFER-DA-40-GR;2023-04-01;14;25;65
LOAFER-DA-40-GR;2023-05-01;13;25;65
LOAFER-DA-40-GR;2023-06-01;9;25;65
LOAFER-DA-40-GR;2023-07-01;6;25;65
LOAFER-DA-40-GR;2023-08-01;13;25;65
LOAFER-DA-40-GR;2023-09-01;18;25;65
LOAFER-DA-40-GR;2023-10-01;11;25;65
LOAFER-DA-40-GR;2023-11-01;14;25;65
LOAFER-DA-40-GR;2023-12-01;12;25;65
LOAFER-DA-40-GR;2024-01-01;6;25;65
LOAFER-DA-40-GR;2024-02-01;9;25;65
LOAFER-DA-40-GR;2024-03-01;15;25;65
LOAFER-DA-40-GR;2024-04-01;21;25;65
LOAFER-DA-40-GR;2024-05-01;14;25;65
LOAFER-DA-40-GR;2024-06-01;10;25;65
LOAFER-DA-40-GR;2024-07-01;8;25;65
LOAFER-DA-40-GR;2024-08-01;12;25;65
LOAFER-DA-40-GR;2024-09-01;18;25;65
LOAFER-DA-40-GR;2024-10-01;10;25;65
LOAFER-DA-40-GR;2024-11-01;15;25;65
LOAFER-DA-40-GR;2024-12-01;12;25;65
LOAFER-DA-40-NV;2023-01-01;8;48;65
LOAFER-DA-40-NV;2023-02-01;11;48;65
LOAFER-DA-40-NV;2023-03-01;18;48;65
LOAFER-DA-40-NV;2023-04-01;17;48;65
LOAFER-DA-40-NV;2023-05-01;16;48;65
LOAFER-DA-40-NV;2023-06-01;9;48;65
LOAFER-DA-40-NV;2023-07-01;9;48;65
LOAFER-DA-40-NV;2023-08-01;10;48;65
LOAFER-DA-40-NV;2023-09-01;15;48;65
LOAFER-DA-40-NV;2023-10-01;21;48;65
LOAFER-DA-40-NV;2023-11-01;14;48;65
LOAFER-DA-40-NV;2023-12-01;12;48;65
LOAFER-DA-40-NV;2024-01-01;8;48;65
LOAFER-DA-40-NV;2024-02-01;9;48;65
LOAFER-DA-40-NV;2024-03-01;15;48;65
LOAFER-DA-40-NV;2024-04-01;21;48;65
LOAFER-DA-40-NV;2024-05-01;13;48;65
LOAFER-DA-40-NV;2024-06-01;9;48;65
LOAFER-DA-40-NV;2024-07-01;11;48;65
LOAFER-DA-40-NV;2024-08-01;11;48;65
LOAFER-DA-40-NV;2024-09-01;18;48;65
LOAFER-DA-40-NV;2024-10-01;17;48;65
LOAFER-DA-40-NV;2024-11-01;11;48;65
LOAFER-DA-40-NV;2024-12-01;9;48;65
LOAFER-DA-40-WS;2023-01-01;8;18;65
LOAFER-DA-40-WS;2023-02-01;11;18;65
LOAFER-DA-40-WS;2023-03-01;23;18;65
LOAFER-DA-40-WS;2023-04-01;24;18;65
LOAFER-DA-40-WS;2023-05-01;23;18;65
LOAFER-DA-40-WS;2023-06-01;19;18;65
LOAFER-DA-40-WS;2023-07-01;13;18;65
LOAFER-DA-40-WS;2023-08-01;22;18;65
LOAFER-DA-40-WS;2023-09-01;32;18;65
LOAFER-DA-40-WS;2023-10-01;26;18;65
LOAFER-DA-40-WS;2023-11-01;22;18;65
LOAFER-DA-40-WS;2023-12-01;15;18;65
LOAFER-DA-40-WS;2024-01-01;13;18;65
LOAFER-DA-40-WS;2024-02-01;16;18;65
LOAFER-DA-40-WS;2024-03-01;29;18;65
LOAFER-DA-40-WS;2024-04-01;44;18;65
LOAFER-DA-40-WS;2024-05-01;30;18;65
LOAFER-DA-40-WS;2024-06-01;18;18;65
LOAFER-DA-40-WS;2024-07-01;18;18;65
LOAFER-DA-40-WS;2024-08-01;14;18;65
LOAFER-DA-40-WS;2024-09-01;27;18;65
LOAFER-DA-40-WS;2024-10-01;27;18;65
LOAFER-DA-40-WS;2024-11-01;20;18;65
LOAFER-DA-40-WS;2024-12-01;13;18;65
LOAFER-DA-41-BR;2023-01-01;5;11;65
LOAFER-DA-41-BR;2023-02-01;8;11;65
LOAFER-DA-41-BR;2023-03-01;14;11;65
LOAFER-DA-41-BR;2023-04-01;15;11;65
LOAFER-DA-41-BR;2023-05-01;8;11;65
LOAFER-DA-41-BR;2023-06-01;6;11;65
LOAFER-DA-41-BR;2023-07-01;6;11;65
LOAFER-DA-41-BR;2023-08-01;7;11;65
LOAFER-DA-41-BR;2023-09-01;14;11;65
LOAFER-DA-41-BR;2023-10-01;18;11;65
LOAFER-DA-41-BR;2023-11-01;10;11;65
LOAFER-DA-41-BR;2023-12-01;10;11;65
LOAFER-DA-41-BR;2024-01-01;4;11;65
LOAFER-DA-41-BR;2024-02-01;6;11;65
LOAFER-DA-41-BR;2024-03-01;14;11;65
LOAFER-DA-41-BR;2024-04-01;13;11;65
LOAFER-DA-41-BR;2024-05-01;7;11;65
LOAFER-DA-41-BR;2024-06-01;10;11;65
LOAFER-DA-41-BR;2024-07-01;9;11;65
LOAFER-DA-41-BR;2024-08-01;11;11;65
LOAFER-DA-41-BR;2024-09-01;15;11;65
LOAFER-DA-41-BR;2024-10-01;19;11;65
LOAFER-DA-41-BR;2024-11-01;14;11;65
LOAFER-DA-41-BR;2024-12-01;12;11;65
LOAFER-DA-41-NV;2023-01-01;5;38;65
LOAFER-DA-41-NV;2023-02-01;8;38;65
LOAFER-DA-41-NV;2023-03-01;6;38;65
LOAFER-DA-41-NV;2023-04-01;13;38;65
LOAFER-DA-41-NV;2023-05-01;8;38;65
LOAFER-DA-41-NV;2023-06-01;7;38;65
LOAFER-DA-41-NV;2023-07-01;5;38;65
LOAFER-DA-41-NV;2023-08-01;7;38;65
LOAFER-DA-41-NV;2023-09-01;11;38;65
LOAFER-DA-41-NV;2023-10-01;11;38;65
LOAFER-DA-41-NV;2023-11-01;8;38;65
LOAFER-DA-41-NV;2023-12-01;7;38;65
LOAFER-DA-41-NV;2024-01-01;5;38;65
LOAFER-DA-41-NV;2024-02-01;4;38;65
LOAFER-DA-41-NV;2024-03-01;10;38;65
LOAFER-DA-41-NV;2024-04-01;9;38;65
LOAFER-DA-41-NV;2024-05-01;8;38;65
LOAFER-DA-41-NV;2024-06-01;4;38;65
LOAFER-DA-41-NV;2024-07-01;5;38;65
LOAFER-DA-41-NV;2024-08-01;6;38;65
LOAFER-DA-41-NV;2024-09-01;9;38;65
LOAFER-DA-41-NV;2024-10-01;12;38;65
LOAFER-DA-41-NV;2024-11-01;5;38;65
LOAFER-DA-41-NV;2024-12-01;4;38;65
LOAFER-DA-41-WS;2023-01-01;9;8;65
LOAFER-DA-41-WS;2023-02-01;8;8;65
LOAFER-DA-41-WS;2023-03-01;15;8;65
LOAFER-DA-41-WS;2023-04-01;18;8;65
LOAFER-DA-41-WS;2023-05-01;11;8;65
LOAFER-DA-41-WS;2023-06-01;10;8;65
LOAFER-DA-41-WS;2023-07-01;6;8;65
LOAFER-DA-41-WS;2023-08-01;11;8;65
LOAFER-DA-41-WS;2023-09-01;12;8;65
LOAFER-DA-41-WS;2023-10-01;16;8;65
LOAFER-DA-41-WS;2023-11-01;9;8;65
LOAFER-DA-41-WS;2023-12-01;7;8;65
LOAFER-DA-41-WS;2024-01-01;6;8;65
LOAFER-DA-41-WS;2024-02-01;7;8;65
LOAFER-DA-41-WS;2024-03-01;13;8;65
LOAFER-DA-41-WS;2024-04-01;14;8;65
LOAFER-DA-41-WS;2024-05-01;11;8;65
LOAFER-DA-41-WS;2024-06-01;9;8;65
LOAFER-DA-41-WS;2024-07-01;9;8;65
LOAFER-DA-41-WS;2024-08-01;11;8;65
LOAFER-DA-41-WS;2024-09-01;14;8;65
LOAFER-DA-41-WS;2024-10-01;16;8;65
LOAFER-DA-41-WS;2024-11-01;11;8;65
LOAFER-DA-41-WS;2024-12-01;9;8;65
RIEMENSANDALE-HE-40-RT;2023-01-01;0;1;80
RIEMENSANDALE-HE-40-RT;2023-02-01;1;1;80
RIEMENSANDALE-HE-40-RT;2023-03-01;2;1;80
RIEMENSANDALE-HE-40-RT;2023-04-01;3;1;80
RIEMENSANDALE-HE-40-RT;2023-05-01;5;1;80
RIEMENSANDALE-HE-40-RT;2023-06-01;8;1;80
RIEMENSANDALE-HE-40-RT;2023-07-01;8;1;80
RIEMENSANDALE-HE-40-RT;2023-08-01;8;1;80
RIEMENSANDALE-HE-40-RT;2023-09-01;3;1;80
RIEMENSANDALE-HE-40-RT;2023-10-01;1;1;80
RIEMENSANDALE-HE-40-RT;2023-11-01;1;1;80
RIEMENSANDALE-HE-40-RT;2023-12-01;1;1;80
RIEMENSANDALE-HE-40-RT;2024-01-01;1;1;80
RIEMENSANDALE-HE-40-RT;2024-02-01;1;1;80
RIEMENSANDALE-HE-40-RT;2024-03-01;2;1;80
RIEMENSANDALE-HE-40-RT;2024-04-01;3;1;80
RIEMENSANDALE-HE-40-RT;2024-05-01;7;1;80
RIEMENSANDALE-HE-40-RT;2024-06-01;9;1;80
RIEMENSANDALE-HE-40-RT;2024-07-01;8;1;80
RIEMENSANDALE-HE-40-RT;2024-08-01;6;1;80
RIEMENSANDALE-HE-40-RT;2024-09-01;3;1;80
RIEMENSANDALE-HE-40-RT;2024-10-01;2;1;80
RIEMENSANDALE-HE-40-RT;2024-11-01;1;1;80
RIEMENSANDALE-HE-40-RT;2024-12-01;1;1;80
RIEMENSANDALE-HE-41-RT;2023-01-01;1;10;80
RIEMENSANDALE-HE-41-RT;2023-02-01;2;10;80
RIEMENSANDALE-HE-41-RT;2023-03-01;3;10;80
RIEMENSANDALE-HE-41-RT;2023-04-01;7;10;80
RIEMENSANDALE-HE-41-RT;2023-05-01;10;10;80
RIEMENSANDALE-HE-41-RT;2023-06-01;11;10;80
RIEMENSANDALE-HE-41-RT;2023-07-01;14;10;80
RIEMENSANDALE-HE-41-RT;2023-08-01;8;10;80
RIEMENSANDALE-HE-41-RT;2023-09-01;4;10;80
RIEMENSANDALE-HE-41-RT;2023-10-01;3;10;80
RIEMENSANDALE-HE-41-RT;2023-11-01;1;10;80
RIEMENSANDALE-HE-41-RT;2023-12-01;1;10;80
RIEMENSANDALE-HE-41-RT;2024-01-01;1;10;80
RIEMENSANDALE-HE-41-RT;2024-02-01;1;10;80
RIEMENSANDALE-HE-41-RT;2024-03-01;2;10;80
RIEMENSANDALE-HE-41-RT;2024-04-01;5;10;80
RIEMENSANDALE-HE-41-RT;2024-05-01;8;10;80
RIEMENSANDALE-HE-41-RT;2024-06-01;18;10;80
RIEMENSANDALE-HE-41-RT;2024-07-01;17;10;80
RIEMENSANDALE-HE-41-RT;2024-08-01;11;10;80
RIEMENSANDALE-HE-41-RT;2024-09-01;7;10;80
RIEMENSANDALE-HE-41-RT;2024-10-01;3;10;80
RIEMENSANDALE-HE-41-RT;2024-11-01;1;10;80
RIEMENSANDALE-HE-41-RT;2024-12-01;1;10;80
RIEMENSANDALE-HE-42-BG;2023-01-01;1;8;80
RIEMENSANDALE-HE-42-BG;2023-02-01;2;8;80
RIEMENSANDALE-HE-42-BG;2023-03-01;5;8;80
RIEMENSANDALE-HE-42-BG;2023-04-01;14;8;80
RIEMENSANDALE-HE-42-BG;2023-05-01;21;8;80
RIEMENSANDALE-HE-42-BG;2023-06-01;23;8;80
RIEMENSANDALE-HE-42-BG;2023-07-01;37;8;80
RIEMENSANDALE-HE-42-BG;2023-08-01;17;8;80
RIEMENSANDALE-HE-42-BG;2023-09-01;11;8;80
RIEMENSANDALE-HE-42-BG;2023-10-01;4;8;80
RIEMENSANDALE-HE-42-BG;2023-11-01;3;8;80
RIEMENSANDALE-HE-42-BG;2023-12-01;2;8;80
RIEMENSANDALE-HE-42-BG;2024-01-01;1;8;80
RIEMENSANDALE-HE-42-BG;2024-02-01;2;8;80
RIEMENSANDALE-HE-42-BG;2024-03-01;8;8;80
RIEMENSANDALE-HE-42-BG;2024-04-01;14;8;80
RIEMENSANDALE-HE-42-BG;2024-05-01;27;8;80
RIEMENSANDALE-HE-42-BG;2024-06-01;29;8;80
RIEMENSANDALE-HE-42-BG;2024-07-01;31;8;80
RIEMENSANDALE-HE-42-BG;2024-08-01;19;8;80
RIEMENSANDALE-HE-42-BG;2024-09-01;10;8;80
RIEMENSANDALE-HE-42-BG;2024-10-01;4;8;80
RIEMENSANDALE-HE-42-BG;2024-11-01;3;8;80
RIEMENSANDALE-HE-42-BG;2024-12-01;1;8;80
RIEMENSANDALE-HE-42-BR;2023-01-01;2;15;80
RIEMENSANDALE-HE-42-BR;2023-02-01;4;15;80
RIEMENSANDALE-HE-42-BR;2023-03-01;10;15;80
RIEMENSANDALE-HE-42-BR;2023-04-01;19;15;80
RIEMENSANDALE-HE-42-BR;2023-05-01;30;15;80
RIEMENSANDALE-HE-42-BR;2023-06-01;43;15;80
RIEMENSANDALE-HE-42-BR;2023-07-01;51;15;80
RIEMENSANDALE-HE-42-BR;2023-08-01;42;15;80
RIEMENSANDALE-HE-42-BR;2023-09-01;17;15;80
RIEMENSANDALE-HE-42-BR;2023-10-01;9;15;80
RIEMENSANDALE-HE-42-BR;2023-11-01;3;15;80
RIEMENSANDALE-HE-42-BR;2023-12-01;3;15;80
RIEMENSANDALE-HE-42-BR;2024-01-01;3;15;80
RIEMENSANDALE-HE-42-BR;2024-02-01;4;15;80
RIEMENSANDALE-HE-42-BR;2024-03-01;7;15;80
RIEMENSANDALE-HE-42-BR;2024-04-01;16;15;80
RIEMENSANDALE-HE-42-BR;2024-05-01;35;15;80
RIEMENSANDALE-HE-42-BR;2024-06-01;33;15;80
RIEMENSANDALE-HE-42-BR;2024-07-01;42;15;80
RIEMENSANDALE-HE-42-BR;2024-08-01;36;15;80
RIEMENSANDALE-HE-42-BR;2024-09-01;16;15;80
RIEMENSANDALE-HE-42-BR;2024-10-01;8;15;80
RIEMENSANDALE-HE-42-BR;2024-11-01;5;15;80
RIEMENSANDALE-HE-42-BR;2024-12-01;3;15;80
RIEMENSANDALE-HE-44-BG;2023-01-01;2;1;80
RIEMENSANDALE-HE-44-BG;2023-02-01;2;1;80
RIEMENSANDALE-HE-44-BG;2023-03-01;5;1;80
RIEMENSANDALE-HE-44-BG;2023-04-01;13;1;80
RIEMENSANDALE-HE-44-BG;2023-05-01;20;1;80
RIEMENSANDALE-HE-44-BG;2023-06-01;31;1;80
RIEMENSANDALE-HE-44-BG;2023-07-01;30;1;80
RIEMENSANDALE-HE-44-BG;2023-08-01;21;1;80
RIEMENSANDALE-HE-44-BG;2023-09-01;8;1;80
RIEMENSANDALE-HE-44-BG;2023-10-01;4;1;80
RIEMENSANDALE-HE-44-BG;2023-11-01;2;1;80
RIEMENSANDALE-HE-44-BG;2023-12-01;2;1;80
RIEMENSANDALE-HE-44-BG;2024-01-01;2;1;80
RIEMENSANDALE-HE-44-BG;2024-02-01;3;1;80
RIEMENSANDALE-HE-44-BG;2024-03-01;4;1;80
RIEMENSANDALE-HE-44-BG;2024-04-01;12;1;80
RIEMENSANDALE-HE-44-BG;2024-05-01;15;1;80
RIEMENSANDALE-HE-44-BG;2024-06-01;27;1;80
RIEMENSANDALE-HE-44-BG;2024-07-01;27;1;80
RIEMENSANDALE-HE-44-BG;2024-08-01;22;1;80
RIEMENSANDALE-HE-44-BG;2024-09-01;10;1;80
RIEMENSANDALE-HE-44-BG;2024-10-01;5;1;80
RIEMENSANDALE-HE-44-BG;2024-11-01;2;1;80
RIEMENSANDALE-HE-44-BG;2024-12-01;1;1;80
RIEMENSANDALE-HE-46-SW;2023-01-01;1;3;80
RIEMENSANDALE-HE-46-SW;2023-02-01;2;3;80
RIEMENSANDALE-HE-46-SW;2023-03-01;5;3;80
RIEMENSANDALE-HE-46-SW;2023-04-01;9;3;80
RIEMENSANDALE-HE-46-SW;2023-05-01;13;3;80
RIEMENSANDALE-HE-46-SW;2023-06-01;17;3;80
RIEMENSANDALE-HE-46-SW;2023-07-01;27;3;80
RIEMENSANDALE-HE-46-SW;2023-08-01;18;3;80
RIEMENSANDALE-HE-46-SW;2023-09-01;10;3;80
RIEMENSANDALE-HE-46-SW;2023-10-01;3;3;80
RIEMENSANDALE-HE-46-SW;2023-11-01;3;3;80
RIEMENSANDALE-HE-46-SW;2023-12-01;2;3;80
RIEMENSANDALE-HE-46-SW;2024-01-01;1;3;80
RIEMENSANDALE-HE-46-SW;2024-02-01;3;3;80
RIEMENSANDALE-HE-46-SW;2024-03-01;4;3;80
RIEMENSANDALE-HE-46-SW;2024-04-01;9;3;80
RIEMENSANDALE-HE-46-SW;2024-05-01;22;3;80
RIEMENSANDALE-HE-46-SW;2024-06-01;20;3;80
RIEMENSANDALE-HE-46-SW;2024-07-01;19;3;80
RIEMENSANDALE-HE-46-SW;2024-08-01;21;3;80
RIEMENSANDALE-HE-46-SW;2024-09-01;10;3;80
RIEMENSANDALE-HE-46-SW;2024-10-01;4;3;80
RIEMENSANDALE-HE-46-SW;2024-11-01;3;3;80
RIEMENSANDALE-HE-46-SW;2024-12-01;2;3;80
RIEMENSANDALE-HE-46-WS;2023-01-01;2;3;80
RIEMENSANDALE-HE-46-WS;2023-02-01;2;3;80
RIEMENSANDALE-HE-46-WS;2023-03-01;5;3;80
RIEMENSANDALE-HE-46-WS;2023-04-01;5;3;80
RIEMENSANDALE-HE-46-WS;2023-05-01;11;3;80
RIEMENSANDALE-HE-46-WS;2023-06-01;21;3;80
RIEMENSANDALE-HE-46-WS;2023-07-01;23;3;80
RIEMENSANDALE-HE-46-WS;2023-08-01;21;3;80
RIEMENSANDALE-HE-46-WS;2023-09-01;8;3;80
RIEMENSANDALE-HE-46-WS;2023-10-01;3;3;80
RIEMENSANDALE-HE-46-WS;2023-11-01;2;3;80
RIEMENSANDALE-HE-46-WS;2023-12-01;2;3;80
RIEMENSANDALE-HE-46-WS;2024-01-01;1;3;80
RIEMENSANDALE-HE-46-WS;2024-02-01;2;3;80
RIEMENSANDALE-HE-46-WS;2024-03-01;5;3;80
RIEMENSANDALE-HE-46-WS;2024-04-01;9;3;80
RIEMENSANDALE-HE-46-WS;2024-05-01;16;3;80
RIEMENSANDALE-HE-46-WS;2024-06-01;18;3;80
RIEMENSANDALE-HE-46-WS;2024-07-01;22;3;80
RIEMENSANDALE-HE-46-WS;2024-08-01;16;3;80
RIEMENSANDALE-HE-46-WS;2024-09-01;4;3;80
RIEMENSANDALE-HE-46-WS;2024-10-01;3;3;80
RIEMENSANDALE-HE-46-WS;2024-11-01;1;3;80
RIEMENSANDALE-HE-46-WS;2024-12-01;1;3;80
SANDALE-DA-36-BR;2023-01-01;3;19;75
SANDALE-DA-36-BR;2023-02-01;2;19;75
SANDALE-DA-36-BR;2023-03-01;7;19;75
SANDALE-DA-36-BR;2023-04-01;10;19;75
SANDALE-DA-36-BR;2023-05-01;22;19;75
SANDALE-DA-36-BR;2023-06-01;34;19;75
SANDALE-DA-36-BR;2023-07-01;54;19;75
SANDALE-DA-36-BR;2023-08-01;13;19;75
SANDALE-DA-36-BR;2023-09-01;12;19;75
SANDALE-DA-36-BR;2023-10-01;6;19;75
SANDALE-DA-36-BR;2023-11-01;3;19;75
SANDALE-DA-36-BR;2023-12-01;3;19;75
SANDALE-DA-36-BR;2024-01-01;2;19;75
SANDALE-DA-36-BR;2024-02-01;3;19;75
SANDALE-DA-36-BR;2024-03-01;7;19;75
SANDALE-DA-36-BR;2024-04-01;10;19;75
SANDALE-DA-36-BR;2024-05-01;26;19;75
SANDALE-DA-36-BR;2024-06-01;44;19;75
SANDALE-DA-36-BR;2024-07-01;38;19;75
SANDALE-DA-36-BR;2024-08-01;37;19;75
SANDALE-DA-36-BR;2024-09-01;14;19;75
SANDALE-DA-36-BR;2024-10-01;6;19;75
SANDALE-DA-36-BR;2024-11-01;5;19;75
SANDALE-DA-36-BR;2024-12-01;2;19;75
SANDALE-DA-36-GR;2023-01-01;2;7;75
SANDALE-DA-36-GR;2023-02-01;3;7;75
SANDALE-DA-36-GR;2023-03-01;4;7;75
SANDALE-DA-36-GR;2023-04-01;12;7;75
SANDALE-DA-36-GR;2023-05-01;13;7;75
SANDALE-DA-36-GR;2023-06-01;32;7;75
SANDALE-DA-36-GR;2023-07-01;30;7;75
SANDALE-DA-36-GR;2023-08-01;27;7;75
SANDALE-DA-36-GR;2023-09-01;9;7;75
SANDALE-DA-36-GR;2023-10-01;5;7;75
SANDALE-DA-36-GR;2023-11-01;2;7;75
SANDALE-DA-36-GR;2023-12-01;2;7;75
SANDALE-DA-36-GR;2024-01-01;2;7;75
SANDALE-DA-36-GR;2024-02-01;3;7;75
SANDALE-DA-36-GR;2024-03-01;6;7;75
SANDALE-DA-36-GR;2024-04-01;12;7;75
SANDALE-DA-36-GR;2024-05-01;11;7;75
SANDALE-DA-36-GR;2024-06-01;26;7;75
SANDALE-DA-36-GR;2024-07-01;21;7;75
SANDALE-DA-36-GR;2024-08-01;17;7;75
SANDALE-DA-36-GR;2024-09-01;9;7;75
SANDALE-DA-36-GR;2024-10-01;4;7;75
SANDALE-DA-36-GR;2024-11-01;2;7;75
SANDALE-DA-36-GR;2024-12-01;2;7;75
SANDALE-DA-36-NV;2023-01-01;2;4;75
SANDALE-DA-36-NV;2023-02-01;3;4;75
SANDALE-DA-36-NV;2023-03-01;7;4;75
SANDALE-DA-36-NV;2023-04-01;13;4;75
SANDALE-DA-36-NV;2023-05-01;20;4;75
SANDALE-DA-36-NV;2023-06-01;29;4;75
SANDALE-DA-36-NV;2023-07-01;37;4;75
SANDALE-DA-36-NV;2023-08-01;29;4;75
SANDALE-DA-36-NV;2023-09-01;14;4;75
SANDALE-DA-36-NV;2023-10-01;6;4;75
SANDALE-DA-36-NV;2023-11-01;2;4;75
SANDALE-DA-36-NV;2023-12-01;2;4;75
SANDALE-DA-36-NV;2024-01-01;3;4;75
SANDALE-DA-36-NV;2024-02-01;3;4;75
SANDALE-DA-36-NV;2024-03-01;8;4;75
SANDALE-DA-36-NV;2024-04-01;11;4;75
SANDALE-DA-36-NV;2024-05-01;31;4;75
SANDALE-DA-36-NV;2024-06-01;31;4;75
SANDALE-DA-36-NV;2024-07-01;39;4;75
SANDALE-DA-36-NV;2024-08-01;40;4;75
SANDALE-DA-36-NV;2024-09-01;15;4;75
SANDALE-DA-36-NV;2024-10-01;6;4;75
SANDALE-DA-36-NV;2024-11-01;3;4;75
SANDALE-DA-36-NV;2024-12-01;2;4;75
SANDALE-DA-37-BR;2023-01-01;4;8;75
SANDALE-DA-37-BR;2023-02-01;6;8;75
SANDALE-DA-37-BR;2023-03-01;14;8;75
SANDALE-DA-37-BR;2023-04-01;28;8;75
SANDALE-DA-37-BR;2023-05-01;56;8;75
SANDALE-DA-37-BR;2023-06-01;75;8;75
SANDALE-DA-37-BR;2023-07-01;90;8;75
SANDALE-DA-37-BR;2023-08-01;56;8;75
SANDALE-DA-37-BR;2023-09-01;16;8;75
SANDALE-DA-37-BR;2023-10-01;10;8;75
SANDALE-DA-37-BR;2023-11-01;5;8;75
SANDALE-DA-37-BR;2023-12-01;2;8;75
SANDALE-DA-37-BR;2024-01-01;5;8;75
SANDALE-DA-37-BR;2024-02-01;8;8;75
SANDALE-DA-37-BR;2024-03-01;18;8;75
SANDALE-DA-37-BR;2024-04-01;25;8;75
SANDALE-DA-37-BR;2024-05-01;47;8;75
SANDALE-DA-37-BR;2024-06-01;74;8;75
SANDALE-DA-37-BR;2024-07-01;76;8;75
SANDALE-DA-37-BR;2024-08-01;63;8;75
SANDALE-DA-37-BR;2024-09-01;26;8;75
SANDALE-DA-37-BR;2024-10-01;10;8;75
SANDALE-DA-37-BR;2024-11-01;7;8;75
SANDALE-DA-37-BR;2024-12-01;4;8;75
SANDALE-DA-37-SW;2023-01-01;7;8;75
SANDALE-DA-37-SW;2023-02-01;10;8;75
SANDALE-DA-37-SW;2023-03-01;23;8;75
SANDALE-DA-37-SW;2023-04-01;33;8;75
SANDALE-DA-37-SW;2023-05-01;70;8;75
SANDALE-DA-37-SW;2023-06-01;94;8;75
SANDALE-DA-37-SW;2023-07-01;64;8;75
SANDALE-DA-37-SW;2023-08-01;69;8;75
SANDALE-DA-37-SW;2023-09-01;37;8;75
SANDALE-DA-37-SW;2023-10-01;16;8;75
SANDALE-DA-37-SW;2023-11-01;8;8;75
SANDALE-DA-37-SW;2023-12-01;6;8;75
SANDALE-DA-37-SW;2024-01-01;6;8;75
SANDALE-DA-37-SW;2024-02-01;9;8;75
SANDALE-DA-37-SW;2024-03-01;18;8;75
SANDALE-DA-37-SW;2024-04-01;25;8;75
SANDALE-DA-37-SW;2024-05-01;82;8;75
SANDALE-DA-37-SW;2024-06-01;91;8;75
SANDALE-DA-37-SW;2024-07-01;68;8;75
SANDALE-DA-37-SW;2024-08-01;72;8;75
SANDALE-DA-37-SW;2024-09-01;28;8;75
SANDALE-DA-37-SW;2024-10-01;12;8;75
SANDALE-DA-37-SW;2024-11-01;8;8;75
SANDALE-DA-37-SW;2024-12-01;9;8;75
SANDALE-DA-38-GR;2023-01-01;3;20;75
SANDALE-DA-38-GR;2023-02-01;6;20;75
SANDALE-DA-38-GR;2023-03-01;15;20;75
SANDALE-DA-38-GR;2023-04-01;21;20;75
SANDALE-DA-38-GR;2023-05-01;37;20;75
SANDALE-DA-38-GR;2023-06-01;76;20;75
SANDALE-DA-38-GR;2023-07-01;66;20;75
SANDALE-DA-38-GR;2023-08-01;39;20;75
SANDALE-DA-38-GR;2023-09-01;13;20;75
SANDALE-DA-38-GR;2023-10-01;10;20;75
SANDALE-DA-38-GR;2023-11-01;5;20;75
SANDALE-DA-38-GR;2023-12-01;4;20;75
SANDALE-DA-38-GR;2024-01-01;3;20;75
SANDALE-DA-38-GR;2024-02-01;7;20;75
SANDALE-DA-38-GR;2024-03-01;9;20;75
SANDALE-DA-38-GR;2024-04-01;19;20;75
SANDALE-DA-38-GR;2024-05-01;48;20;75
SANDALE-DA-38-GR;2024-06-01;56;20;75
SANDALE-DA-38-GR;2024-07-01;62;20;75
SANDALE-DA-38-GR;2024-08-01;29;20;75
SANDALE-DA-38-GR;2024-09-01;19;20;75
SANDALE-DA-38-GR;2024-10-01;11;20;75
SANDALE-DA-38-GR;2024-11-01;4;20;75
SANDALE-DA-38-GR;2024-12-01;6;20;75
SANDALE-DA-39-BG;2023-01-01;4;32;75
SANDALE-DA-39-BG;2023-02-01;4;32;75
SANDALE-DA-39-BG;2023-03-01;16;32;75
SANDALE-DA-39-BG;2023-04-01;23;32;75
SANDALE-DA-39-BG;2023-05-01;40;32;75
SANDALE-DA-39-BG;2023-06-01;58;32;75
SANDALE-DA-39-BG;2023-07-01;65;32;75
SANDALE-DA-39-BG;2023-08-01;60;32;75
SANDALE-DA-39-BG;2023-09-01;16;32;75
SANDALE-DA-39-BG;2023-10-01;10;32;75
SANDALE-DA-39-BG;2023-11-01;4;32;75
SANDALE-DA-39-BG;2023-12-01;5;32;75
SANDALE-DA-39-BG;2024-01-01;5;32;75
SANDALE-DA-39-BG;2024-02-01;3;32;75
SANDALE-DA-39-BG;2024-03-01;14;32;75
SANDALE-DA-39-BG;2024-04-01;25;32;75
SANDALE-DA-39-BG;2024-05-01;29;32;75
SANDALE-DA-39-BG;2024-06-01;34;32;75
SANDALE-DA-39-BG;2024-07-01;52;32;75
SANDALE-DA-39-BG;2024-08-01;46;32;75
SANDALE-DA-39-BG;2024-09-01;19;32;75
SANDALE-DA-39-BG;2024-10-01;9;32;75
SANDALE-DA-39-BG;2024-11-01;6;32;75
SANDALE-DA-39-BG;2024-12-01;5;32;75
SANDALE-DA-40-BG;2023-01-01;3;6;75
SANDALE-DA-40-BG;2023-02-01;4;6;75
SANDALE-DA-40-BG;2023-03-01;10;6;75
SANDALE-DA-40-BG;2023-04-01;14;6;75
SANDALE-DA-40-BG;2023-05-01;37;6;75
SANDALE-DA-40-BG;2023-06-01;40;6;75
SANDALE-DA-40-BG;2023-07-01;30;6;75
SANDALE-DA-40-BG;2023-08-01;50;6;75
SANDALE-DA-40-BG;2023-09-01;14;6;75
SANDALE-DA-40-BG;2023-10-01;6;6;75
SANDALE-DA-40-BG;2023-11-01;3;6;75
SANDALE-DA-40-BG;2023-12-01;3;6;75
SANDALE-DA-40-BG;2024-01-01;3;6;75
SANDALE-DA-40-BG;2024-02-01;4;6;75
SANDALE-DA-40-BG;2024-03-01;9;6;75
SANDALE-DA-40-BG;2024-04-01;15;6;75
SANDALE-DA-40-BG;2024-05-01;28;6;75
SANDALE-DA-40-BG;2024-06-01;46;6;75
SANDALE-DA-40-BG;2024-07-01;38;6;75
SANDALE-DA-40-BG;2024-08-01;34;6;75
SANDALE-DA-40-BG;2024-09-01;12;6;75
SANDALE-DA-40-BG;2024-10-01;6;6;75
SANDALE-DA-40-BG;2024-11-01;4;6;75
SANDALE-DA-40-BG;2024-12-01;3;6;75
SANDALE-DA-40-NV;2023-01-01;3;5;75
SANDALE-DA-40-NV;2023-02-01;4;5;75
SANDALE-DA-40-NV;2023-03-01;13;5;75
SANDALE-DA-40-NV;2023-04-01;16;5;75
SANDALE-DA-40-NV;2023-05-01;35;5;75
SANDALE-DA-40-NV;2023-06-01;76;5;75
SANDALE-DA-40-NV;2023-07-01;35;5;75
SANDALE-DA-40-NV;2023-08-01;42;5;75
SANDALE-DA-40-NV;2023-09-01;23;5;75
SANDALE-DA-40-NV;2023-10-01;10;5;75
SANDALE-DA-40-NV;2023-11-01;5;5;75
SANDALE-DA-40-NV;2023-12-01;4;5;75
SANDALE-DA-40-NV;2024-01-01;4;5;75
SANDALE-DA-40-NV;2024-02-01;6;5;75
SANDALE-DA-40-NV;2024-03-01;13;5;75
SANDALE-DA-40-NV;2024-04-01;20;5;75
SANDALE-DA-40-NV;2024-05-01;39;5;75
SANDALE-DA-40-NV;2024-06-01;56;5;75
SANDALE-DA-40-NV;2024-07-01;53;5;75
SANDALE-DA-40-NV;2024-08-01;41;5;75
SANDALE-DA-40-NV;2024-09-01;25;5;75
SANDALE-DA-40-NV;2024-10-01;9;5;75
SANDALE-DA-40-NV;2024-11-01;5;5;75
SANDALE-DA-40-NV;2024-12-01;4;5;75
SANDALE-DA-40-SW;2023-01-01;5;12;75
SANDALE-DA-40-SW;2023-02-01;9;12;75
SANDALE-DA-40-SW;2023-03-01;19;12;75
SANDALE-DA-40-SW;2023-04-01;38;12;75
SANDALE-DA-40-SW;2023-05-01;85;12;75
SANDALE-DA-40-SW;2023-06-01;83;12;75
SANDALE-DA-40-SW;2023-07-01;121;12;75
SANDALE-DA-40-SW;2023-08-01;57;12;75
SANDALE-DA-40-SW;2023-09-01;31;12;75
SANDALE-DA-40-SW;2023-10-01;14;12;75
SANDALE-DA-40-SW;2023-11-01;8;12;75
SANDALE-DA-40-SW;2023-12-01;3;12;75
SANDALE-DA-40-SW;2024-01-01;6;12;75
SANDALE-DA-40-SW;2024-02-01;5;12;75
SANDALE-DA-40-SW;2024-03-01;15;12;75
SANDALE-DA-40-SW;2024-04-01;22;12;75
SANDALE-DA-40-SW;2024-05-01;63;12;75
SANDALE-DA-40-SW;2024-06-01;71;12;75
SANDALE-DA-40-SW;2024-07-01;68;12;75
SANDALE-DA-40-SW;2024-08-01;65;12;75
SANDALE-DA-40-SW;2024-09-01;26;12;75
SANDALE-DA-40-SW;2024-10-01;16;12;75
SANDALE-DA-40-SW;2024-11-01;9;12;75
SANDALE-DA-40-SW;2024-12-01;8;12;75
SANDALE-DA-41-NV;2023-01-01;2;4;75
SANDALE-DA-41-NV;2023-02-01;3;4;75
SANDALE-DA-41-NV;2023-03-01;6;4;75
SANDALE-DA-41-NV;2023-04-01;7;4;75
SANDALE-DA-41-NV;2023-05-01;26;4;75
SANDALE-DA-41-NV;2023-06-01;25;4;75
SANDALE-DA-41-NV;2023-07-01;28;4;75
SANDALE-DA-41-NV;2023-08-01;22;4;75
SANDALE-DA-41-NV;2023-09-01;14;4;75
SANDALE-DA-41-NV;2023-10-01;5;4;75
SANDALE-DA-41-NV;2023-11-01;3;4;75
SANDALE-DA-41-NV;2023-12-01;1;4;75
SANDALE-DA-41-NV;2024-01-01;3;4;75
SANDALE-DA-41-NV;2024-02-01;2;4;75
SANDALE-DA-41-NV;2024-03-01;8;4;75
SANDALE-DA-41-NV;2024-04-01;15;4;75
SANDALE-DA-41-NV;2024-05-01;24;4;75
SANDALE-DA-41-NV;2024-06-01;33;4;75
SANDALE-DA-41-NV;2024-07-01;34;4;75
SANDALE-DA-41-NV;2024-08-01;30;4;75
SANDALE-DA-41-NV;2024-09-01;13;4;75
SANDALE-DA-41-NV;2024-10-01;4;4;75
SANDALE-DA-41-NV;2024-11-01;3;4;75
SANDALE-DA-41-NV;2024-12-01;3;4;75
SANDALE-DA-41-WS;2023-01-01;4;8;75
SANDALE-DA-41-WS;2023-02-01;4;8;75
SANDALE-DA-41-WS;2023-03-01;10;8;75
SANDALE-DA-41-WS;2023-04-01;23;8;75
SANDALE-DA-41-WS;2023-05-01;34;8;75
SANDALE-DA-41-WS;2023-06-01;36;8;75
SANDALE-DA-41-WS;2023-07-01;46;8;75
SANDALE-DA-41-WS;2023-08-01;32;8;75
SANDALE-DA-41-WS;2023-09-01;23;8;75
SANDALE-DA-41-WS;2023-10-01;9;8;75
SANDALE-DA-41-WS;2023-11-01;6;8;75
SANDALE-DA-41-WS;2023-12-01;3;8;75
SANDALE-DA-41-WS;2024-01-01;2;8;75
SANDALE-DA-41-WS;2024-02-01;5;8;75
SANDALE-DA-41-WS;2024-03-01;9;8;75
SANDALE-DA-41-WS;2024-04-01;23;8;75
SANDALE-DA-41-WS;2024-05-01;34;8;75
SANDALE-DA-41-WS;2024-06-01;48;8;75
SANDALE-DA-41-WS;2024-07-01;72;8;75
SANDALE-DA-41-WS;2024-08-01;36;8;75
SANDALE-DA-41-WS;2024-09-01;24;8;75
SANDALE-DA-41-WS;2024-10-01;10;8;75
SANDALE-DA-41-WS;2024-11-01;5;8;75
SANDALE-DA-41-WS;2024-12-01;3;8;75
SCHNEEBOOT-HE-40-BR;2023-01-01;17;41;105
SCHNEEBOOT-HE-40-BR;2023-02-01;10;41;105
SCHNEEBOOT-HE-40-BR;2023-03-01;5;41;105
SCHNEEBOOT-HE-40-BR;2023-04-01;2;41;105
SCHNEEBOOT-HE-40-BR;2023-05-01;1;41;105
SCHNEEBOOT-HE-40-BR;2023-06-01;1;41;105
SCHNEEBOOT-HE-40-BR;2023-07-01;1;41;105
SCHNEEBOOT-HE-40-BR;2023-08-01;2;41;105
SCHNEEBOOT-HE-40-BR;2023-09-01;6;41;105
SCHNEEBOOT-HE-40-BR;2023-10-01;11;41;105
SCHNEEBOOT-HE-40-BR;2023-11-01;21;41;105
SCHNEEBOOT-HE-40-BR;2023-12-01;21;41;105
SCHNEEBOOT-HE-40-BR;2024-01-01;19;41;105
SCHNEEBOOT-HE-40-BR;2024-02-01;9;41;105
SCHNEEBOOT-HE-40-BR;2024-03-01;6;41;105
SCHNEEBOOT-HE-40-BR;2024-04-01;2;41;105
SCHNEEBOOT-HE-40-BR;2024-05-01;2;41;105
SCHNEEBOOT-HE-40-BR;2024-06-01;1;41;105
SCHNEEBOOT-HE-40-BR;2024-07-01;1;41;105
SCHNEEBOOT-HE-40-BR;2024-08-01;2;41;105
SCHNEEBOOT-HE-40-BR;2024-09-01;6;41;105
SCHNEEBOOT-HE-40-BR;2024-10-01;11;41;105
SCHNEEBOOT-HE-40-BR;2024-11-01;23;41;105
SCHNEEBOOT-HE-40-BR;2024-12-01;30;41;105
SCHNEEBOOT-HE-40-GR;2023-01-01;12;27;105
SCHNEEBOOT-HE-40-GR;2023-02-01;7;27;105
SCHNEEBOOT-HE-40-GR;2023-03-01;4;27;105
SCHNEEBOOT-HE-40-GR;2023-04-01;2;27;105
SCHNEEBOOT-HE-40-GR;2023-05-01;1;27;105
SCHNEEBOOT-HE-40-GR;2023-06-01;0;27;105
SCHNEEBOOT-HE-40-GR;2023-07-01;1;27;105
SCHNEEBOOT-HE-40-GR;2023-08-01;1;27;105
SCHNEEBOOT-HE-40-GR;2023-09-01;2;27;105
SCHNEEBOOT-HE-40-GR;2023-10-01;9;27;105
SCHNEEBOOT-HE-40-GR;2023-11-01;12;27;105
SCHNEEBOOT-HE-40-GR;2023-12-01;17;27;105
SCHNEEBOOT-HE-40-GR;2024-01-01;10;27;105
SCHNEEBOOT-HE-40-GR;2024-02-01;6;27;105
SCHNEEBOOT-HE-40-GR;2024-03-01;3;27;105
SCHNEEBOOT-HE-40-GR;2024-04-01;2;27;105
SCHNEEBOOT-HE-40-GR;2024-05-01;1;27;105
SCHNEEBOOT-HE-40-GR;2024-06-01;1;27;105
SCHNEEBOOT-HE-40-GR;2024-07-01;1;27;105
SCHNEEBOOT-HE-40-GR;2024-08-01;1;27;105
SCHNEEBOOT-HE-40-GR;2024-09-01;3;27;105
SCHNEEBOOT-HE-40-GR;2024-10-01;8;27;105
SCHNEEBOOT-HE-40-GR;2024-11-01;14;27;105
SCHNEEBOOT-HE-40-GR;2024-12-01;13;27;105
SCHNEEBOOT-HE-40-NV;2023-01-01;13;31;105
SCHNEEBOOT-HE-40-NV;2023-02-01;6;31;105
SCHNEEBOOT-HE-40-NV;2023-03-01;3;31;105
SCHNEEBOOT-HE-40-NV;2023-04-01;2;31;105
SCHNEEBOOT-HE-40-NV;2023-05-01;1;31;105
SCHNEEBOOT-HE-40-NV;2023-06-01;1;31;105
SCHNEEBOOT-HE-40-NV;2023-07-01;1;31;105
SCHNEEBOOT-HE-40-NV;2023-08-01;1;31;105
SCHNEEBOOT-HE-40-NV;2023-09-01;5;31;105
SCHNEEBOOT-HE-40-NV;2023-10-01;9;31;105
SCHNEEBOOT-HE-40-NV;2023-11-01;17;31;105
SCHNEEBOOT-HE-40-NV;2023-12-01;19;31;105
SCHNEEBOOT-HE-40-NV;2024-01-01;9;31;105
SCHNEEBOOT-HE-40-NV;2024-02-01;11;31;105
SCHNEEBOOT-HE-40-NV;2024-03-01;4;31;105
SCHNEEBOOT-HE-40-NV;2024-04-01;2;31;105
SCHNEEBOOT-HE-40-NV;2024-05-01;2;31;105
SCHNEEBOOT-HE-40-NV;2024-06-01;1;31;105
SCHNEEBOOT-HE-40-NV;2024-07-01;1;31;105
SCHNEEBOOT-HE-40-NV;2024-08-01;2;31;105
SCHNEEBOOT-HE-40-NV;2024-09-01;5;31;105
SCHNEEBOOT-HE-40-NV;2024-10-01;16;31;105
SCHNEEBOOT-HE-40-NV;2024-11-01;17;31;105
SCHNEEBOOT-HE-40-NV;2024-12-01;28;31;105
SCHNEEBOOT-HE-40-SW;2023-01-01;25;75;105
SCHNEEBOOT-HE-40-SW;2023-02-01;11;75;105
SCHNEEBOOT-HE-40-SW;2023-03-01;8;75;105
SCHNEEBOOT-HE-40-SW;2023-04-01;4;75;105
SCHNEEBOOT-HE-40-SW;2023-05-01;3;75;105
SCHNEEBOOT-HE-40-SW;2023-06-01;1;75;105
SCHNEEBOOT-HE-40-SW;2023-07-01;1;75;105
SCHNEEBOOT-HE-40-SW;2023-08-01;3;75;105
SCHNEEBOOT-HE-40-SW;2023-09-01;5;75;105
SCHNEEBOOT-HE-40-SW;2023-10-01;20;75;105
SCHNEEBOOT-HE-40-SW;2023-11-01;27;75;105
SCHNEEBOOT-HE-40-SW;2023-12-01;36;75;105
SCHNEEBOOT-HE-40-SW;2024-01-01;21;75;105
SCHNEEBOOT-HE-40-SW;2024-02-01;13;75;105
SCHNEEBOOT-HE-40-SW;2024-03-01;7;75;105
SCHNEEBOOT-HE-40-SW;2024-04-01;3;75;105
SCHNEEBOOT-HE-40-SW;2024-05-01;2;75;105
SCHNEEBOOT-HE-40-SW;2024-06-01;1;75;105
SCHNEEBOOT-HE-40-SW;2024-07-01;1;75;105
SCHNEEBOOT-HE-40-SW;2024-08-01;3;75;105
SCHNEEBOOT-HE-40-SW;2024-09-01;4;75;105
SCHNEEBOOT-HE-40-SW;2024-10-01;16;75;105
SCHNEEBOOT-HE-40-SW;2024-11-01;30;75;105
SCHNEEBOOT-HE-40-SW;2024-12-01;31;75;105
SCHNEEBOOT-HE-40-WS;2023-01-01;15;84;105
SCHNEEBOOT-HE-40-WS;2023-02-01;15;84;105
SCHNEEBOOT-HE-40-WS;2023-03-01;6;84;105
SCHNEEBOOT-HE-40-WS;2023-04-01;3;84;105
SCHNEEBOOT-HE-40-WS;2023-05-01;2;84;105
SCHNEEBOOT-HE-40-WS;2023-06-01;1;84;105
SCHNEEBOOT-HE-40-WS;2023-07-01;1;84;105
SCHNEEBOOT-HE-40-WS;2023-08-01;2;84;105
SCHNEEBOOT-HE-40-WS;2023-09-01;6;84;105
SCHNEEBOOT-HE-40-WS;2023-10-01;15;84;105
SCHNEEBOOT-HE-40-WS;2023-11-01;22;84;105
SCHNEEBOOT-HE-40-WS;2023-12-01;25;84;105
SCHNEEBOOT-HE-40-WS;2024-01-01;16;84;105
SCHNEEBOOT-HE-40-WS;2024-02-01;11;84;105
SCHNEEBOOT-HE-40-WS;2024-03-01;6;84;105
SCHNEEBOOT-HE-40-WS;2024-04-01;3;84;105
SCHNEEBOOT-HE-40-WS;2024-05-01;2;84;105
SCHNEEBOOT-HE-40-WS;2024-06-01;1;84;105
SCHNEEBOOT-HE-40-WS;2024-07-01;1;84;105
SCHNEEBOOT-HE-40-WS;2024-08-01;2;84;105
SCHNEEBOOT-HE-40-WS;2024-09-01;6;84;105
SCHNEEBOOT-HE-40-WS;2024-10-01;11;84;105
SCHNEEBOOT-HE-40-WS;2024-11-01;18;84;105
SCHNEEBOOT-HE-40-WS;2024-12-01;30;84;105
SCHNEEBOOT-HE-41-NV;2023-01-01;16;32;105
SCHNEEBOOT-HE-41-NV;2023-02-01;13;32;105
SCHNEEBOOT-HE-41-NV;2023-03-01;6;32;105
SCHNEEBOOT-HE-41-NV;2023-04-01;3;32;105
SCHNEEBOOT-HE-41-NV;2023-05-01;2;32;105
SCHNEEBOOT-HE-41-NV;2023-06-01;1;32;105
SCHNEEBOOT-HE-41-NV;2023-07-01;1;32;105
SCHNEEBOOT-HE-41-NV;2023-08-01;3;32;105
SCHNEEBOOT-HE-41-NV;2023-09-01;8;32;105
SCHNEEBOOT-HE-41-NV;2023-10-01;15;32;105
SCHNEEBOOT-HE-41-NV;2023-11-01;27;32;105
SCHNEEBOOT-HE-41-NV;2023-12-01;25;32;105
SCHNEEBOOT-HE-41-NV;2024-01-01;20;32;105
SCHNEEBOOT-HE-41-NV;2024-02-01;11;32;105
SCHNEEBOOT-HE-41-NV;2024-03-01;5;32;105
SCHNEEBOOT-HE-41-NV;2024-04-01;3;32;105
SCHNEEBOOT-HE-41-NV;2024-05-01;2;32;105
SCHNEEBOOT-HE-41-NV;2024-06-01;1;32;105
SCHNEEBOOT-HE-41-NV;2024-07-01;1;32;105
SCHNEEBOOT-HE-41-NV;2024-08-01;3;32;105
SCHNEEBOOT-HE-41-NV;2024-09-01;8;32;105
SCHNEEBOOT-HE-41-NV;2024-10-01;11;32;105
SCHNEEBOOT-HE-41-NV;2024-11-01;27;32;105
SCHNEEBOOT-HE-41-NV;2024-12-01;39;32;105
SCHNEEBOOT-HE-41-RT;2023-01-01;9;47;105
SCHNEEBOOT-HE-41-RT;2023-02-01;6;47;105
SCHNEEBOOT-HE-41-RT;2023-03-01;4;47;105
SCHNEEBOOT-HE-41-RT;2023-04-01;2;47;105
SCHNEEBOOT-HE-41-RT;2023-05-01;1;47;105
SCHNEEBOOT-HE-41-RT;2023-06-01;1;47;105
SCHNEEBOOT-HE-41-RT;2023-07-01;1;47;105
SCHNEEBOOT-HE-41-RT;2023-08-01;2;47;105
SCHNEEBOOT-HE-41-RT;2023-09-01;5;47;105
SCHNEEBOOT-HE-41-RT;2023-10-01;6;47;105
SCHNEEBOOT-HE-41-RT;2023-11-01;12;47;105
SCHNEEBOOT-HE-41-RT;2023-12-01;16;47;105
SCHNEEBOOT-HE-41-RT;2024-01-01;8;47;105
SCHNEEBOOT-HE-41-RT;2024-02-01;6;47;105
SCHNEEBOOT-HE-41-RT;2024-03-01;3;47;105
SCHNEEBOOT-HE-41-RT;2024-04-01;2;47;105
SCHNEEBOOT-HE-41-RT;2024-05-01;1;47;105
SCHNEEBOOT-HE-41-RT;2024-06-01;1;47;105
SCHNEEBOOT-HE-41-RT;2024-07-01;1;47;105
SCHNEEBOOT-HE-41-RT;2024-08-01;1;47;105
SCHNEEBOOT-HE-41-RT;2024-09-01;6;47;105
SCHNEEBOOT-HE-41-RT;2024-10-01;10;47;105
SCHNEEBOOT-HE-41-RT;2024-11-01;15;47;105
SCHNEEBOOT-HE-41-RT;2024-12-01;21;47;105
SCHNEEBOOT-HE-42-NV;2023-01-01;31;73;105
SCHNEEBOOT-HE-42-NV;2023-02-01;19;73;105
SCHNEEBOOT-HE-42-NV;2023-03-01;11;73;105
SCHNEEBOOT-HE-42-NV;2023-04-01;4;73;105
SCHNEEBOOT-HE-42-NV;2023-05-01;3;73;105
SCHNEEBOOT-HE-42-NV;2023-06-01;2;73;105
SCHNEEBOOT-HE-42-NV;2023-07-01;2;73;105
SCHNEEBOOT-HE-42-NV;2023-08-01;1;73;105
SCHNEEBOOT-HE-42-NV;2023-09-01;13;73;105
SCHNEEBOOT-HE-42-NV;2023-10-01;18;73;105
SCHNEEBOOT-HE-42-NV;2023-11-01;45;73;105
SCHNEEBOOT-HE-42-NV;2023-12-01;48;73;105
SCHNEEBOOT-HE-42-NV;2024-01-01;31;73;105
SCHNEEBOOT-HE-42-NV;2024-02-01;21;73;105
SCHNEEBOOT-HE-42-NV;2024-03-01;10;73;105
SCHNEEBOOT-HE-42-NV;2024-04-01;5;73;105
SCHNEEBOOT-HE-42-NV;2024-05-01;2;73;105
SCHNEEBOOT-HE-42-NV;2024-06-01;1;73;105
SCHNEEBOOT-HE-42-NV;2024-07-01;2;73;105
SCHNEEBOOT-HE-42-NV;2024-08-01;4;73;105
SCHNEEBOOT-HE-42-NV;2024-09-01;10;73;105
SCHNEEBOOT-HE-42-NV;2024-10-01;28;73;105
SCHNEEBOOT-HE-42-NV;2024-11-01;36;73;105
SCHNEEBOOT-HE-42-NV;2024-12-01;45;73;105
SCHNEEBOOT-HE-43-BG;2023-01-01;25;59;105
SCHNEEBOOT-HE-43-BG;2023-02-01;23;59;105
SCHNEEBOOT-HE-43-BG;2023-03-01;9;59;105
SCHNEEBOOT-HE-43-BG;2023-04-01;5;59;105
SCHNEEBOOT-HE-43-BG;2023-05-01;3;59;105
SCHNEEBOOT-HE-43-BG;2023-06-01;2;59;105
SCHNEEBOOT-HE-43-BG;2023-07-01;2;59;105
SCHNEEBOOT-HE-43-BG;2023-08-01;2;59;105
SCHNEEBOOT-HE-43-BG;2023-09-01;11;59;105
SCHNEEBOOT-HE-43-BG;2023-10-01;25;59;105
SCHNEEBOOT-HE-43-BG;2023-11-01;44;59;105
SCHNEEBOOT-HE-43-BG;2023-12-01;37;59;105
SCHNEEBOOT-HE-43-BG;2024-01-01;18;59;105
SCHNEEBOOT-HE-43-BG;2024-02-01;17;59;105
SCHNEEBOOT-HE-43-BG;2024-03-01;11;59;105
SCHNEEBOOT-HE-43-BG;2024-04-01;5;59;105
SCHNEEBOOT-HE-43-BG;2024-05-01;2;59;105
SCHNEEBOOT-HE-43-BG;2024-06-01;2;59;105
SCHNEEBOOT-HE-43-BG;2024-07-01;1;59;105
SCHNEEBOOT-HE-43-BG;2024-08-01;3;59;105
SCHNEEBOOT-HE-43-BG;2024-09-01;12;59;105
SCHNEEBOOT-HE-43-BG;2024-10-01;22;59;105
SCHNEEBOOT-HE-43-BG;2024-11-01;32;59;105
SCHNEEBOOT-HE-43-BG;2024-12-01;35;59;105
SCHNEEBOOT-HE-43-SW;2023-01-01;58;205;105
SCHNEEBOOT-HE-43-SW;2023-02-01;53;205;105
SCHNEEBOOT-HE-43-SW;2023-03-01;14;205;105
SCHNEEBOOT-HE-43-SW;2023-04-01;7;205;105
SCHNEEBOOT-HE-43-SW;2023-05-01;5;205;105
SCHNEEBOOT-HE-43-SW;2023-06-01;3;205;105
SCHNEEBOOT-HE-43-SW;2023-07-01;3;205;105
SCHNEEBOOT-HE-43-SW;2023-08-01;7;205;105
SCHNEEBOOT-HE-43-SW;2023-09-01;32;205;105
SCHNEEBOOT-HE-43-SW;2023-10-01;59;205;105
SCHNEEBOOT-HE-43-SW;2023-11-01;106;205;105
SCHNEEBOOT-HE-43-SW;2023-12-01;96;205;105
SCHNEEBOOT-HE-43-SW;2024-01-01;54;205;105
SCHNEEBOOT-HE-43-SW;2024-02-01;46;205;105
SCHNEEBOOT-HE-43-SW;2024-03-01;19;205;105
SCHNEEBOOT-HE-43-SW;2024-04-01;13;205;105
SCHNEEBOOT-HE-43-SW;2024-05-01;8;205;105
SCHNEEBOOT-HE-43-SW;2024-06-01;2;205;105
SCHNEEBOOT-HE-43-SW;2024-07-01;5;205;105
SCHNEEBOOT-HE-43-SW;2024-08-01;10;205;105
SCHNEEBOOT-HE-43-SW;2024-09-01;28;205;105
SCHNEEBOOT-HE-43-SW;2024-10-01;64;205;105
SCHNEEBOOT-HE-43-SW;2024-11-01;78;205;105
SCHNEEBOOT-HE-43-SW;2024-12-01;80;205;105
SCHNEEBOOT-HE-43-WS;2023-01-01;43;155;105
SCHNEEBOOT-HE-43-WS;2023-02-01;50;155;105
SCHNEEBOOT-HE-43-WS;2023-03-01;18;155;105
SCHNEEBOOT-HE-43-WS;2023-04-01;7;155;105
SCHNEEBOOT-HE-43-WS;2023-05-01;5;155;105
SCHNEEBOOT-HE-43-WS;2023-06-01;3;155;105
SCHNEEBOOT-HE-43-WS;2023-07-01;3;155;105
SCHNEEBOOT-HE-43-WS;2023-08-01;5;155;105
SCHNEEBOOT-HE-43-WS;2023-09-01;21;155;105
SCHNEEBOOT-HE-43-WS;2023-10-01;40;155;105
SCHNEEBOOT-HE-43-WS;2023-11-01;64;155;105
SCHNEEBOOT-HE-43-WS;2023-12-01;67;155;105
SCHNEEBOOT-HE-43-WS;2024-01-01;63;155;105
SCHNEEBOOT-HE-43-WS;2024-02-01;45;155;105
SCHNEEBOOT-HE-43-WS;2024-03-01;18;155;105
SCHNEEBOOT-HE-43-WS;2024-04-01;8;155;105
SCHNEEBOOT-HE-43-WS;2024-05-01;3;155;105
SCHNEEBOOT-HE-43-WS;2024-06-01;3;155;105
SCHNEEBOOT-HE-43-WS;2024-07-01;3;155;105
SCHNEEBOOT-HE-43-WS;2024-08-01;5;155;105
SCHNEEBOOT-HE-43-WS;2024-09-01;22;155;105
SCHNEEBOOT-HE-43-WS;2024-10-01;39;155;105
SCHNEEBOOT-HE-43-WS;2024-11-01;71;155;105
SCHNEEBOOT-HE-43-WS;2024-12-01;97;155;105
SCHNEEBOOT-HE-44-BR;2023-01-01;45;12;105
SCHNEEBOOT-HE-44-BR;2023-02-01;29;12;105
SCHNEEBOOT-HE-44-BR;2023-03-01;12;12;105
SCHNEEBOOT-HE-44-BR;2023-04-01;5;12;105
SCHNEEBOOT-HE-44-BR;2023-05-01;3;12;105
SCHNEEBOOT-HE-44-BR;2023-06-01;2;12;105
SCHNEEBOOT-HE-44-BR;2023-07-01;2;12;105
SCHNEEBOOT-HE-44-BR;2023-08-01;4;12;105
SCHNEEBOOT-HE-44-BR;2023-09-01;15;12;105
SCHNEEBOOT-HE-44-BR;2023-10-01;40;12;105
SCHNEEBOOT-HE-44-BR;2023-11-01;58;12;105
SCHNEEBOOT-HE-44-BR;2023-12-01;53;12;105
SCHNEEBOOT-HE-44-BR;2024-01-01;43;12;105
SCHNEEBOOT-HE-44-BR;2024-02-01;26;12;105
SCHNEEBOOT-HE-44-BR;2024-03-01;9;12;105
SCHNEEBOOT-HE-44-BR;2024-04-01;4;12;105
SCHNEEBOOT-HE-44-BR;2024-05-01;2;12;105
SCHNEEBOOT-HE-44-BR;2024-06-01;2;12;105
SCHNEEBOOT-HE-44-BR;2024-07-01;2;12;105
SCHNEEBOOT-HE-44-BR;2024-08-01;6;12;105
SCHNEEBOOT-HE-44-BR;2024-09-01;19;12;105
SCHNEEBOOT-HE-44-BR;2024-10-01;25;12;105
SCHNEEBOOT-HE-44-BR;2024-11-01;49;12;105
SCHNEEBOOT-HE-44-BR;2024-12-01;38;12;105
SCHNEEBOOT-HE-44-SW;2023-01-01;57;113;105
SCHNEEBOOT-HE-44-SW;2023-02-01;45;113;105
SCHNEEBOOT-HE-44-SW;2023-03-01;20;113;105
SCHNEEBOOT-HE-44-SW;2023-04-01;8;113;105
SCHNEEBOOT-HE-44-SW;2023-05-01;5;113;105
SCHNEEBOOT-HE-44-SW;2023-06-01;4;113;105
SCHNEEBOOT-HE-44-SW;2023-07-01;3;113;105
SCHNEEBOOT-HE-44-SW;2023-08-01;7;113;105
SCHNEEBOOT-HE-44-SW;2023-09-01;19;113;105
SCHNEEBOOT-HE-44-SW;2023-10-01;53;113;105
SCHNEEBOOT-HE-44-SW;2023-11-01;64;113;105
SCHNEEBOOT-HE-44-SW;2023-12-01;65;113;105
SCHNEEBOOT-HE-44-SW;2024-01-01;45;113;105
SCHNEEBOOT-HE-44-SW;2024-02-01;34;113;105
SCHNEEBOOT-HE-44-SW;2024-03-01;15;113;105
SCHNEEBOOT-HE-44-SW;2024-04-01;8;113;105
SCHNEEBOOT-HE-44-SW;2024-05-01;5;113;105
SCHNEEBOOT-HE-44-SW;2024-06-01;4;113;105
SCHNEEBOOT-HE-44-SW;2024-07-01;3;113;105
SCHNEEBOOT-HE-44-SW;2024-08-01;7;113;105
SCHNEEBOOT-HE-44-SW;2024-09-01;21;113;105
SCHNEEBOOT-HE-44-SW;2024-10-01;50;113;105
SCHNEEBOOT-HE-44-SW;2024-11-01;84;113;105
SCHNEEBOOT-HE-44-SW;2024-12-01;67;113;105
SCHNEEBOOT-HE-45-GR;2023-01-01;25;15;105
SCHNEEBOOT-HE-45-GR;2023-02-01;13;15;105
SCHNEEBOOT-HE-45-GR;2023-03-01;5;15;105
SCHNEEBOOT-HE-45-GR;2023-04-01;2;15;105
SCHNEEBOOT-HE-45-GR;2023-05-01;2;15;105
SCHNEEBOOT-HE-45-GR;2023-06-01;1;15;105
SCHNEEBOOT-HE-45-GR;2023-07-01;1;15;105
SCHNEEBOOT-HE-45-GR;2023-08-01;2;15;105
SCHNEEBOOT-HE-45-GR;2023-09-01;5;15;105
SCHNEEBOOT-HE-45-GR;2023-10-01;13;15;105
SCHNEEBOOT-HE-45-GR;2023-11-01;20;15;105
SCHNEEBOOT-HE-45-GR;2023-12-01;29;15;105
SCHNEEBOOT-HE-45-GR;2024-01-01;15;15;105
SCHNEEBOOT-HE-45-GR;2024-02-01;9;15;105
SCHNEEBOOT-HE-45-GR;2024-03-01;6;15;105
SCHNEEBOOT-HE-45-GR;2024-04-01;3;15;105
SCHNEEBOOT-HE-45-GR;2024-05-01;2;15;105
SCHNEEBOOT-HE-45-GR;2024-06-01;1;15;105
SCHNEEBOOT-HE-45-GR;2024-07-01;1;15;105
SCHNEEBOOT-HE-45-GR;2024-08-01;2;15;105
SCHNEEBOOT-HE-45-GR;2024-09-01;5;15;105
SCHNEEBOOT-HE-45-GR;2024-10-01;14;15;105
SCHNEEBOOT-HE-45-GR;2024-11-01;18;15;105
SCHNEEBOOT-HE-45-GR;2024-12-01;19;15;105
SCHNEEBOOT-HE-45-RT;2023-01-01;11;24;105
SCHNEEBOOT-HE-45-RT;2023-02-01;10;24;105
SCHNEEBOOT-HE-45-RT;2023-03-01;3;24;105
SCHNEEBOOT-HE-45-RT;2023-04-01;3;24;105
SCHNEEBOOT-HE-45-RT;2023-05-01;1;24;105
SCHNEEBOOT-HE-45-RT;2023-06-01;1;24;105
SCHNEEBOOT-HE-45-RT;2023-07-01;1;24;105
SCHNEEBOOT-HE-45-RT;2023-08-01;1;24;105
SCHNEEBOOT-HE-45-RT;2023-09-01;5;24;105
SCHNEEBOOT-HE-45-RT;2023-10-01;12;24;105
SCHNEEBOOT-HE-45-RT;2023-11-01;11;24;105
SCHNEEBOOT-HE-45-RT;2023-12-01;16;24;105
SCHNEEBOOT-HE-45-RT;2024-01-01;13;24;105
SCHNEEBOOT-HE-45-RT;2024-02-01;11;24;105
SCHNEEBOOT-HE-45-RT;2024-03-01;4;24;105
SCHNEEBOOT-HE-45-RT;2024-04-01;2;24;105
SCHNEEBOOT-HE-45-RT;2024-05-01;1;24;105
SCHNEEBOOT-HE-45-RT;2024-06-01;0;24;105
SCHNEEBOOT-HE-45-RT;2024-07-01;1;24;105
SCHNEEBOOT-HE-45-RT;2024-08-01;1;24;105
SCHNEEBOOT-HE-45-RT;2024-09-01;3;24;105
SCHNEEBOOT-HE-45-RT;2024-10-01;12;24;105
SCHNEEBOOT-HE-45-RT;2024-11-01;19;24;105
SCHNEEBOOT-HE-45-RT;2024-12-01;18;24;105
SCHNEEBOOT-HE-45-WS;2023-01-01;20;202;105
SCHNEEBOOT-HE-45-WS;2023-02-01;19;202;105
SCHNEEBOOT-HE-45-WS;2023-03-01;12;202;105
SCHNEEBOOT-HE-45-WS;2023-04-01;5;202;105
SCHNEEBOOT-HE-45-WS;2023-05-01;3;202;105
SCHNEEBOOT-HE-45-WS;2023-06-01;2;202;105
SCHNEEBOOT-HE-45-WS;2023-07-01;2;202;105
SCHNEEBOOT-HE-45-WS;2023-08-01;4;202;105
SCHNEEBOOT-HE-45-WS;2023-09-01;14;202;105
SCHNEEBOOT-HE-45-WS;2023-10-01;29;202;105
SCHNEEBOOT-HE-45-WS;2023-11-01;38;202;105
SCHNEEBOOT-HE-45-WS;2023-12-01;35;202;105
SCHNEEBOOT-HE-45-WS;2024-01-01;30;202;105
SCHNEEBOOT-HE-45-WS;2024-02-01;23;202;105
SCHNEEBOOT-HE-45-WS;2024-03-01;9;202;105
SCHNEEBOOT-HE-45-WS;2024-04-01;5;202;105
SCHNEEBOOT-HE-45-WS;2024-05-01;3;202;105
SCHNEEBOOT-HE-45-WS;2024-06-01;2;202;105
SCHNEEBOOT-HE-45-WS;2024-07-01;2;202;105
SCHNEEBOOT-HE-45-WS;2024-08-01;4;202;105
SCHNEEBOOT-HE-45-WS;2024-09-01;12;202;105
SCHNEEBOOT-HE-45-WS;2024-10-01;31;202;105
SCHNEEBOOT-HE-45-WS;2024-11-01;53;202;105
SCHNEEBOOT-HE-45-WS;2024-12-01;45;202;105
SCHNEEBOOT-HE-46-RT;2023-01-01;4;5;105
SCHNEEBOOT-HE-46-RT;2023-02-01;5;5;105
SCHNEEBOOT-HE-46-RT;2023-03-01;2;5;105
SCHNEEBOOT-HE-46-RT;2023-04-01;1;5;105
SCHNEEBOOT-HE-46-RT;2023-05-01;1;5;105
SCHNEEBOOT-HE-46-RT;2023-06-01;0;5;105
SCHNEEBOOT-HE-46-RT;2023-07-01;0;5;105
SCHNEEBOOT-HE-46-RT;2023-08-01;1;5;105
SCHNEEBOOT-HE-46-RT;2023-09-01;2;5;105
SCHNEEBOOT-HE-46-RT;2023-10-01;5;5;105
SCHNEEBOOT-HE-46-RT;2023-11-01;10;5;105
SCHNEEBOOT-HE-46-RT;2023-12-01;11;5;105
SCHNEEBOOT-HE-46-RT;2024-01-01;7;5;105
SCHNEEBOOT-HE-46-RT;2024-02-01;5;5;105
SCHNEEBOOT-HE-46-RT;2024-03-01;2;5;105
SCHNEEBOOT-HE-46-RT;2024-04-01;1;5;105
SCHNEEBOOT-HE-46-RT;2024-05-01;1;5;105
SCHNEEBOOT-HE-46-RT;2024-06-01;0;5;105
SCHNEEBOOT-HE-46-RT;2024-07-01;0;5;105
SCHNEEBOOT-HE-46-RT;2024-08-01;1;5;105
SCHNEEBOOT-HE-46-RT;2024-09-01;2;5;105
SCHNEEBOOT-HE-46-RT;2024-10-01;5;5;105
SCHNEEBOOT-HE-46-RT;2024-11-01;7;5;105
SCHNEEBOOT-HE-46-RT;2024-12-01;8;5;105
SCHNUERSCHUH-HE-40-BR;2023-01-01;6;22;50
SCHNUERSCHUH-HE-40-BR;2023-02-01;8;22;50
SCHNUERSCHUH-HE-40-BR;2023-03-01;15;22;50
SCHNUERSCHUH-HE-40-BR;2023-04-01;12;22;50
SCHNUERSCHUH-HE-40-BR;2023-05-01;10;22;50
SCHNUERSCHUH-HE-40-BR;2023-06-01;9;22;50
SCHNUERSCHUH-HE-40-BR;2023-07-01;7;22;50
SCHNUERSCHUH-HE-40-BR;2023-08-01;12;22;50
SCHNUERSCHUH-HE-40-BR;2023-09-01;13;22;50
SCHNUERSCHUH-HE-40-BR;2023-10-01;20;22;50
SCHNUERSCHUH-HE-40-BR;2023-11-01;9;22;50
SCHNUERSCHUH-HE-40-BR;2023-12-01;8;22;50
SCHNUERSCHUH-HE-40-BR;2024-01-01;7;22;50
SCHNUERSCHUH-HE-40-BR;2024-02-01;10;22;50
SCHNUERSCHUH-HE-40-BR;2024-03-01;15;22;50
SCHNUERSCHUH-HE-40-BR;2024-04-01;14;22;50
SCHNUERSCHUH-HE-40-BR;2024-05-01;17;22;50
SCHNUERSCHUH-HE-40-BR;2024-06-01;8;22;50
SCHNUERSCHUH-HE-40-BR;2024-07-01;6;22;50
SCHNUERSCHUH-HE-40-BR;2024-08-01;9;22;50
SCHNUERSCHUH-HE-40-BR;2024-09-01;15;22;50
SCHNUERSCHUH-HE-40-BR;2024-10-01;22;22;50
SCHNUERSCHUH-HE-40-BR;2024-11-01;13;22;50
SCHNUERSCHUH-HE-40-BR;2024-12-01;6;22;50
SCHNUERSCHUH-HE-40-NV;2023-01-01;7;18;50
SCHNUERSCHUH-HE-40-NV;2023-02-01;7;18;50
SCHNUERSCHUH-HE-40-NV;2023-03-01;9;18;50
SCHNUERSCHUH-HE-40-NV;2023-04-01;9;18;50
SCHNUERSCHUH-HE-40-NV;2023-05-01;8;18;50
SCHNUERSCHUH-HE-40-NV;2023-06-01;7;18;50
SCHNUERSCHUH-HE-40-NV;2023-07-01;6;18;50
SCHNUERSCHUH-HE-40-NV;2023-08-01;7;18;50
SCHNUERSCHUH-HE-40-NV;2023-09-01;12;18;50
SCHNUERSCHUH-HE-40-NV;2023-10-01;14;18;50
SCHNUERSCHUH-HE-40-NV;2023-11-01;11;18;50
SCHNUERSCHUH-HE-40-NV;2023-12-01;8;18;50
SCHNUERSCHUH-HE-40-NV;2024-01-01;4;18;50
SCHNUERSCHUH-HE-40-NV;2024-02-01;6;18;50
SCHNUERSCHUH-HE-40-NV;2024-03-01;10;18;50
SCHNUERSCHUH-HE-40-NV;2024-04-01;10;18;50
SCHNUERSCHUH-HE-40-NV;2024-05-01;8;18;50
SCHNUERSCHUH-HE-40-NV;2024-06-01;5;18;50
SCHNUERSCHUH-HE-40-NV;2024-07-01;5;18;50
SCHNUERSCHUH-HE-40-NV;2024-08-01;7;18;50
SCHNUERSCHUH-HE-40-NV;2024-09-01;10;18;50
SCHNUERSCHUH-HE-40-NV;2024-10-01;11;18;50
SCHNUERSCHUH-HE-40-NV;2024-11-01;10;18;50
SCHNUERSCHUH-HE-40-NV;2024-12-01;5;18;50
SCHNUERSCHUH-HE-40-SW;2023-01-01;11;21;50
SCHNUERSCHUH-HE-40-SW;2023-02-01;12;21;50
SCHNUERSCHUH-HE-40-SW;2023-03-01;21;21;50
SCHNUERSCHUH-HE-40-SW;2023-04-01;19;21;50
SCHNUERSCHUH-HE-40-SW;2023-05-01;16;21;50
SCHNUERSCHUH-HE-40-SW;2023-06-01;13;21;50
SCHNUERSCHUH-HE-40-SW;2023-07-01;7;21;50
SCHNUERSCHUH-HE-40-SW;2023-08-01;15;21;50
SCHNUERSCHUH-HE-40-SW;2023-09-01;17;21;50
SCHNUERSCHUH-HE-40-SW;2023-10-01;18;21;50
SCHNUERSCHUH-HE-40-SW;2023-11-01;17;21;50
SCHNUERSCHUH-HE-40-SW;2023-12-01;12;21;50
SCHNUERSCHUH-HE-40-SW;2024-01-01;10;21;50
SCHNUERSCHUH-HE-40-SW;2024-02-01;12;21;50
SCHNUERSCHUH-HE-40-SW;2024-03-01;18;21;50
SCHNUERSCHUH-HE-40-SW;2024-04-01;18;21;50
SCHNUERSCHUH-HE-40-SW;2024-05-01;13;21;50
SCHNUERSCHUH-HE-40-SW;2024-06-01;8;21;50
SCHNUERSCHUH-HE-40-SW;2024-07-01;8;21;50
SCHNUERSCHUH-HE-40-SW;2024-08-01;12;21;50
SCHNUERSCHUH-HE-40-SW;2024-09-01;21;21;50
SCHNUERSCHUH-HE-40-SW;2024-10-01;20;21;50
SCHNUERSCHUH-HE-40-SW;2024-11-01;13;21;50
SCHNUERSCHUH-HE-40-SW;2024-12-01;11;21;50
SCHNUERSCHUH-HE-41-BG;2023-01-01;8;6;50
SCHNUERSCHUH-HE-41-BG;2023-02-01;8;6;50
SCHNUERSCHUH-HE-41-BG;2023-03-01;20;6;50
SCHNUERSCHUH-HE-41-BG;2023-04-01;16;6;50
SCHNUERSCHUH-HE-41-BG;2023-05-01;10;6;50
SCHNUERSCHUH-HE-41-BG;2023-06-01;8;6;50
SCHNUERSCHUH-HE-41-BG;2023-07-01;6;6;50
SCHNUERSCHUH-HE-41-BG;2023-08-01;14;6;50
SCHNUERSCHUH-HE-41-BG;2023-09-01;12;6;50
SCHNUERSCHUH-HE-41-BG;2023-10-01;19;6;50
SCHNUERSCHUH-HE-41-BG;2023-11-01;13;6;50
SCHNUERSCHUH-HE-41-BG;2023-12-01;9;6;50
SCHNUERSCHUH-HE-41-BG;2024-01-01;7;6;50
SCHNUERSCHUH-HE-41-BG;2024-02-01;9;6;50
SCHNUERSCHUH-HE-41-BG;2024-03-01;17;6;50
SCHNUERSCHUH-HE-41-BG;2024-04-01;17;6;50
SCHNUERSCHUH-HE-41-BG;2024-05-01;11;6;50
SCHNUERSCHUH-HE-41-BG;2024-06-01;11;6;50
SCHNUERSCHUH-HE-41-BG;2024-07-01;10;6;50
SCHNUERSCHUH-HE-41-BG;2024-08-01;9;6;50
SCHNUERSCHUH-HE-41-BG;2024-09-01;18;6;50
SCHNUERSCHUH-HE-41-BG;2024-10-01;14;6;50
SCHNUERSCHUH-HE-41-BG;2024-11-01;10;6;50
SCHNUERSCHUH-HE-41-BG;2024-12-01;11;6;50
SCHNUERSCHUH-HE-41-GR;2023-01-01;9;17;50
SCHNUERSCHUH-HE-41-GR;2023-02-01;12;17;50
SCHNUERSCHUH-HE-41-GR;2023-03-01;12;17;50
SCHNUERSCHUH-HE-41-GR;2023-04-01;15;17;50
SCHNUERSCHUH-HE-41-GR;2023-05-01;13;17;50
SCHNUERSCHUH-HE-41-GR;2023-06-01;10;17;50
SCHNUERSCHUH-HE-41-GR;2023-07-01;9;17;50
SCHNUERSCHUH-HE-41-GR;2023-08-01;13;17;50
SCHNUERSCHUH-HE-41-GR;2023-09-01;19;17;50
SCHNUERSCHUH-HE-41-GR;2023-10-01;15;17;50
SCHNUERSCHUH-HE-41-GR;2023-11-01;14;17;50
SCHNUERSCHUH-HE-41-GR;2023-12-01;9;17;50
SCHNUERSCHUH-HE-41-GR;2024-01-01;8;17;50
SCHNUERSCHUH-HE-41-GR;2024-02-01;8;17;50
SCHNUERSCHUH-HE-41-GR;2024-03-01;14;17;50
SCHNUERSCHUH-HE-41-GR;2024-04-01;15;17;50
SCHNUERSCHUH-HE-41-GR;2024-05-01;11;17;50
SCHNUERSCHUH-HE-41-GR;2024-06-01;7;17;50
SCHNUERSCHUH-HE-41-GR;2024-07-01;8;17;50
SCHNUERSCHUH-HE-41-GR;2024-08-01;8;17;50
SCHNUERSCHUH-HE-41-GR;2024-09-01;17;17;50
SCHNUERSCHUH-HE-41-GR;2024-10-01;15;17;50
SCHNUERSCHUH-HE-41-GR;2024-11-01;14;17;50
SCHNUERSCHUH-HE-41-GR;2024-12-01;7;17;50
SCHNUERSCHUH-HE-41-WS;2023-01-01;11;30;50
SCHNUERSCHUH-HE-41-WS;2023-02-01;16;30;50
SCHNUERSCHUH-HE-41-WS;2023-03-01;23;30;50
SCHNUERSCHUH-HE-41-WS;2023-04-01;26;30;50
SCHNUERSCHUH-HE-41-WS;2023-05-01;22;30;50
SCHNUERSCHUH-HE-41-WS;2023-06-01;17;30;50
SCHNUERSCHUH-HE-41-WS;2023-07-01;12;30;50
SCHNUERSCHUH-HE-41-WS;2023-08-01;17;30;50
SCHNUERSCHUH-HE-41-WS;2023-09-01;27;30;50
SCHNUERSCHUH-HE-41-WS;2023-10-01;27;30;50
SCHNUERSCHUH-HE-41-WS;2023-11-01;24;30;50
SCHNUERSCHUH-HE-41-WS;2023-12-01;19;30;50
SCHNUERSCHUH-HE-41-WS;2024-01-01;13;30;50
SCHNUERSCHUH-HE-41-WS;2024-02-01;12;30;50
SCHNUERSCHUH-HE-41-WS;2024-03-01;32;30;50
SCHNUERSCHUH-HE-41-WS;2024-04-01;30;30;50
SCHNUERSCHUH-HE-41-WS;2024-05-01;25;30;50
SCHNUERSCHUH-HE-41-WS;2024-06-01;16;30;50
SCHNUERSCHUH-HE-41-WS;2024-07-01;13;30;50
SCHNUERSCHUH-HE-41-WS;2024-08-01;13;30;50
SCHNUERSCHUH-HE-41-WS;2024-09-01;30;30;50
SCHNUERSCHUH-HE-41-WS;2024-10-01;28;30;50
SCHNUERSCHUH-HE-41-WS;2024-11-01;15;30;50
SCHNUERSCHUH-HE-41-WS;2024-12-01;13;30;50
SCHNUERSCHUH-HE-42-RT;2023-01-01;7;10;50
SCHNUERSCHUH-HE-42-RT;2023-02-01;10;10;50
SCHNUERSCHUH-HE-42-RT;2023-03-01;14;10;50
SCHNUERSCHUH-HE-42-RT;2023-04-01;16;10;50
SCHNUERSCHUH-HE-42-RT;2023-05-01;12;10;50
SCHNUERSCHUH-HE-42-RT;2023-06-01;10;10;50
SCHNUERSCHUH-HE-42-RT;2023-07-01;8;10;50
SCHNUERSCHUH-HE-42-RT;2023-08-01;8;10;50
SCHNUERSCHUH-HE-42-RT;2023-09-01;18;10;50
SCHNUERSCHUH-HE-42-RT;2023-10-01;17;10;50
SCHNUERSCHUH-HE-42-RT;2023-11-01;11;10;50
SCHNUERSCHUH-HE-42-RT;2023-12-01;9;10;50
SCHNUERSCHUH-HE-42-RT;2024-01-01;8;10;50
SCHNUERSCHUH-HE-42-RT;2024-02-01;8;10;50
SCHNUERSCHUH-HE-42-RT;2024-03-01;16;10;50
SCHNUERSCHUH-HE-42-RT;2024-04-01;17;10;50
SCHNUERSCHUH-HE-42-RT;2024-05-01;13;10;50
SCHNUERSCHUH-HE-42-RT;2024-06-01;12;10;50
SCHNUERSCHUH-HE-42-RT;2024-07-01;6;10;50
SCHNUERSCHUH-HE-42-RT;2024-08-01;13;10;50
SCHNUERSCHUH-HE-42-RT;2024-09-01;18;10;50
SCHNUERSCHUH-HE-42-RT;2024-10-01;20;10;50
SCHNUERSCHUH-HE-42-RT;2024-11-01;13;10;50
SCHNUERSCHUH-HE-42-RT;2024-12-01;11;10;50
SCHNUERSCHUH-HE-42-SW;2023-01-01;30;35;50
SCHNUERSCHUH-HE-42-SW;2023-02-01;35;35;50
SCHNUERSCHUH-HE-42-SW;2023-03-01;40;35;50
SCHNUERSCHUH-HE-42-SW;2023-04-01;42;35;50
SCHNUERSCHUH-HE-42-SW;2023-05-01;34;35;50
SCHNUERSCHUH-HE-42-SW;2023-06-01;24;35;50
SCHNUERSCHUH-HE-42-SW;2023-07-01;22;35;50
SCHNUERSCHUH-HE-42-SW;2023-08-01;38;35;50
SCHNUERSCHUH-HE-42-SW;2023-09-01;44;35;50
SCHNUERSCHUH-HE-42-SW;2023-10-01;46;35;50
SCHNUERSCHUH-HE-42-SW;2023-11-01;36;35;50
SCHNUERSCHUH-HE-42-SW;2023-12-01;26;35;50
SCHNUERSCHUH-HE-42-SW;2024-01-01;18;35;50
SCHNUERSCHUH-HE-42-SW;2024-02-01;26;35;50
SCHNUERSCHUH-HE-42-SW;2024-03-01;30;35;50
SCHNUERSCHUH-HE-42-SW;2024-04-01;59;35;50
SCHNUERSCHUH-HE-42-SW;2024-05-01;38;35;50
SCHNUERSCHUH-HE-42-SW;2024-06-01;27;35;50
SCHNUERSCHUH-HE-42-SW;2024-07-01;18;35;50
SCHNUERSCHUH-HE-42-SW;2024-08-01;23;35;50
SCHNUERSCHUH-HE-42-SW;2024-09-01;37;35;50
SCHNUERSCHUH-HE-42-SW;2024-10-01;56;35;50
SCHNUERSCHUH-HE-42-SW;2024-11-01;33;35;50
SCHNUERSCHUH-HE-42-SW;2024-12-01;20;35;50
SCHNUERSCHUH-HE-43-RT;2023-01-01;9;8;50
SCHNUERSCHUH-HE-43-RT;2023-02-01;13;8;50
SCHNUERSCHUH-HE-43-RT;2023-03-01;14;8;50
SCHNUERSCHUH-HE-43-RT;2023-04-01;19;8;50
SCHNUERSCHUH-HE-43-RT;2023-05-01;19;8;50
SCHNUERSCHUH-HE-43-RT;2023-06-01;10;8;50
SCHNUERSCHUH-HE-43-RT;2023-07-01;9;8;50
SCHNUERSCHUH-HE-43-RT;2023-08-01;12;8;50
SCHNUERSCHUH-HE-43-RT;2023-09-01;18;8;50
SCHNUERSCHUH-HE-43-RT;2023-10-01;21;8;50
SCHNUERSCHUH-HE-43-RT;2023-11-01;16;8;50
SCHNUERSCHUH-HE-43-RT;2023-12-01;12;8;50
SCHNUERSCHUH-HE-43-RT;2024-01-01;10;8;50
SCHNUERSCHUH-HE-43-RT;2024-02-01;16;8;50
SCHNUERSCHUH-HE-43-RT;2024-03-01;24;8;50
SCHNUERSCHUH-HE-43-RT;2024-04-01;20;8;50
SCHNUERSCHUH-HE-43-RT;2024-05-01;14;8;50
SCHNUERSCHUH-HE-43-RT;2024-06-01;8;8;50
SCHNUERSCHUH-HE-43-RT;2024-07-01;9;8;50
SCHNUERSCHUH-HE-43-RT;2024-08-01;15;8;50
SCHNUERSCHUH-HE-43-RT;2024-09-01;22;8;50
SCHNUERSCHUH-HE-43-RT;2024-10-01;26;8;50
SCHNUERSCHUH-HE-43-RT;2024-11-01;19;8;50
SCHNUERSCHUH-HE-43-RT;2024-12-01;15;8;50
SCHNUERSCHUH-HE-43-SW;2023-01-01;36;95;50
SCHNUERSCHUH-HE-43-SW;2023-02-01;26;95;50
SCHNUERSCHUH-HE-43-SW;2023-03-01;52;95;50
SCHNUERSCHUH-HE-43-SW;2023-04-01;77;95;50
SCHNUERSCHUH-HE-43-SW;2023-05-01;51;95;50
SCHNUERSCHUH-HE-43-SW;2023-06-01;39;95;50
SCHNUERSCHUH-HE-43-SW;2023-07-01;34;95;50
SCHNUERSCHUH-HE-43-SW;2023-08-01;52;95;50
SCHNUERSCHUH-HE-43-SW;2023-09-01;63;95;50
SCHNUERSCHUH-HE-43-SW;2023-10-01;42;95;50
SCHNUERSCHUH-HE-43-SW;2023-11-01;60;95;50
SCHNUERSCHUH-HE-43-SW;2023-12-01;39;95;50
SCHNUERSCHUH-HE-43-SW;2024-01-01;43;95;50
SCHNUERSCHUH-HE-43-SW;2024-02-01;34;95;50
SCHNUERSCHUH-HE-43-SW;2024-03-01;57;95;50
SCHNUERSCHUH-HE-43-SW;2024-04-01;54;95;50
SCHNUERSCHUH-HE-43-SW;2024-05-01;46;95;50
SCHNUERSCHUH-HE-43-SW;2024-06-01;37;95;50
SCHNUERSCHUH-HE-43-SW;2024-07-01;47;95;50
SCHNUERSCHUH-HE-43-SW;2024-08-01;30;95;50
SCHNUERSCHUH-HE-43-SW;2024-09-01;58;95;50
SCHNUERSCHUH-HE-43-SW;2024-10-01;67;95;50
SCHNUERSCHUH-HE-43-SW;2024-11-01;41;95;50
SCHNUERSCHUH-HE-43-SW;2024-12-01;34;95;50
SCHNUERSCHUH-HE-43-WS;2023-01-01;21;50;50
SCHNUERSCHUH-HE-43-WS;2023-02-01;24;50;50
SCHNUERSCHUH-HE-43-WS;2023-03-01;46;50;50
SCHNUERSCHUH-HE-43-WS;2023-04-01;32;50;50
SCHNUERSCHUH-HE-43-WS;2023-05-01;51;50;50
SCHNUERSCHUH-HE-43-WS;2023-06-01;29;50;50
SCHNUERSCHUH-HE-43-WS;2023-07-01;24;50;50
SCHNUERSCHUH-HE-43-WS;2023-08-01;28;50;50
SCHNUERSCHUH-HE-43-WS;2023-09-01;43;50;50
SCHNUERSCHUH-HE-43-WS;2023-10-01;52;50;50
SCHNUERSCHUH-HE-43-WS;2023-11-01;44;50;50
SCHNUERSCHUH-HE-43-WS;2023-12-01;20;50;50
SCHNUERSCHUH-HE-43-WS;2024-01-01;31;50;50
SCHNUERSCHUH-HE-43-WS;2024-02-01;20;50;50
SCHNUERSCHUH-HE-43-WS;2024-03-01;34;50;50
SCHNUERSCHUH-HE-43-WS;2024-04-01;44;50;50
SCHNUERSCHUH-HE-43-WS;2024-05-01;32;50;50
SCHNUERSCHUH-HE-43-WS;2024-06-01;24;50;50
SCHNUERSCHUH-HE-43-WS;2024-07-01;32;50;50
SCHNUERSCHUH-HE-43-WS;2024-08-01;38;50;50
SCHNUERSCHUH-HE-43-WS;2024-09-01;47;50;50
SCHNUERSCHUH-HE-43-WS;2024-10-01;42;50;50
SCHNUERSCHUH-HE-43-WS;2024-11-01;36;50;50
SCHNUERSCHUH-HE-43-WS;2024-12-01;31;50;50
SCHNUERSCHUH-HE-44-BG;2023-01-01;9;17;50
SCHNUERSCHUH-HE-44-BG;2023-02-01;18;17;50
SCHNUERSCHUH-HE-44-BG;2023-03-01;15;17;50
SCHNUERSCHUH-HE-44-BG;2023-04-01;27;17;50
SCHNUERSCHUH-HE-44-BG;2023-05-01;19;17;50
SCHNUERSCHUH-HE-44-BG;2023-06-01;16;17;50
SCHNUERSCHUH-HE-44-BG;2023-07-01;14;17;50
SCHNUERSCHUH-HE-44-BG;2023-08-01;13;17;50
SCHNUERSCHUH-HE-44-BG;2023-09-01;15;17;50
SCHNUERSCHUH-HE-44-BG;2023-10-01;25;17;50
SCHNUERSCHUH-HE-44-BG;2023-11-01;15;17;50
SCHNUERSCHUH-HE-44-BG;2023-12-01;12;17;50
SCHNUERSCHUH-HE-44-BG;2024-01-01;12;17;50
SCHNUERSCHUH-HE-44-BG;2024-02-01;14;17;50
SCHNUERSCHUH-HE-44-BG;2024-03-01;15;17;50
SCHNUERSCHUH-HE-44-BG;2024-04-01;17;17;50
SCHNUERSCHUH-HE-44-BG;2024-05-01;20;17;50
SCHNUERSCHUH-HE-44-BG;2024-06-01;13;17;50
SCHNUERSCHUH-HE-44-BG;2024-07-01;12;17;50
SCHNUERSCHUH-HE-44-BG;2024-08-01;14;17;50
SCHNUERSCHUH-HE-44-BG;2024-09-01;20;17;50
SCHNUERSCHUH-HE-44-BG;2024-10-01;26;17;50
SCHNUERSCHUH-HE-44-BG;2024-11-01;20;17;50
SCHNUERSCHUH-HE-44-BG;2024-12-01;15;17;50
SCHNUERSCHUH-HE-44-RT;2023-01-01;12;13;50
SCHNUERSCHUH-HE-44-RT;2023-02-01;8;13;50
SCHNUERSCHUH-HE-44-RT;2023-03-01;15;13;50
SCHNUERSCHUH-HE-44-RT;2023-04-01;20;13;50
SCHNUERSCHUH-HE-44-RT;2023-05-01;13;13;50
SCHNUERSCHUH-HE-44-RT;2023-06-01;8;13;50
SCHNUERSCHUH-HE-44-RT;2023-07-01;7;13;50
SCHNUERSCHUH-HE-44-RT;2023-08-01;12;13;50
SCHNUERSCHUH-HE-44-RT;2023-09-01;19;13;50
SCHNUERSCHUH-HE-44-RT;2023-10-01;17;13;50
SCHNUERSCHUH-HE-44-RT;2023-11-01;8;13;50
SCHNUERSCHUH-HE-44-RT;2023-12-01;8;13;50
SCHNUERSCHUH-HE-44-RT;2024-01-01;9;13;50
SCHNUERSCHUH-HE-44-RT;2024-02-01;11;13;50
SCHNUERSCHUH-HE-44-RT;2024-03-01;19;13;50
SCHNUERSCHUH-HE-44-RT;2024-04-01;14;13;50
SCHNUERSCHUH-HE-44-RT;2024-05-01;12;13;50
SCHNUERSCHUH-HE-44-RT;2024-06-01;9;13;50
SCHNUERSCHUH-HE-44-RT;2024-07-01;8;13;50
SCHNUERSCHUH-HE-44-RT;2024-08-01;11;13;50
SCHNUERSCHUH-HE-44-RT;2024-09-01;20;13;50
SCHNUERSCHUH-HE-44-RT;2024-10-01;17;13;50
SCHNUERSCHUH-HE-44-RT;2024-11-01;10;13;50
SCHNUERSCHUH-HE-44-RT;2024-12-01;11;13;50
SCHNUERSCHUH-HE-46-WS;2023-01-01;9;26;50
SCHNUERSCHUH-HE-46-WS;2023-02-01;10;26;50
SCHNUERSCHUH-HE-46-WS;2023-03-01;12;26;50
SCHNUERSCHUH-HE-46-WS;2023-04-01;16;26;50
SCHNUERSCHUH-HE-46-WS;2023-05-01;14;26;50
SCHNUERSCHUH-HE-46-WS;2023-06-01;9;26;50
SCHNUERSCHUH-HE-46-WS;2023-07-01;8;26;50
SCHNUERSCHUH-HE-46-WS;2023-08-01;13;26;50
SCHNUERSCHUH-HE-46-WS;2023-09-01;20;26;50
SCHNUERSCHUH-HE-46-WS;2023-10-01;21;26;50
SCHNUERSCHUH-HE-46-WS;2023-11-01;15;26;50
SCHNUERSCHUH-HE-46-WS;2023-12-01;8;26;50
SCHNUERSCHUH-HE-46-WS;2024-01-01;9;26;50
SCHNUERSCHUH-HE-46-WS;2024-02-01;10;26;50
SCHNUERSCHUH-HE-46-WS;2024-03-01;15;26;50
SCHNUERSCHUH-HE-46-WS;2024-04-01;13;26;50
SCHNUERSCHUH-HE-46-WS;2024-05-01;9;26;50
SCHNUERSCHUH-HE-46-WS;2024-06-01;6;26;50
SCHNUERSCHUH-HE-46-WS;2024-07-01;7;26;50
SCHNUERSCHUH-HE-46-WS;2024-08-01;12;26;50
SCHNUERSCHUH-HE-46-WS;2024-09-01;13;26;50
SCHNUERSCHUH-HE-46-WS;2024-10-01;18;26;50
SCHNUERSCHUH-HE-46-WS;2024-11-01;12;26;50
SCHNUERSCHUH-HE-46-WS;2024-12-01;10;26;50
SCHULSCHUH-KI-28-BG;2023-01-01;11;14;60
SCHULSCHUH-KI-28-BG;2023-02-01;11;14;60
SCHULSCHUH-KI-28-BG;2023-03-01;11;14;60
SCHULSCHUH-KI-28-BG;2023-04-01;15;14;60
SCHULSCHUH-KI-28-BG;2023-05-01;12;14;60
SCHULSCHUH-KI-28-BG;2023-06-01;9;14;60
SCHULSCHUH-KI-28-BG;2023-07-01;13;14;60
SCHULSCHUH-KI-28-BG;2023-08-01;26;14;60
SCHULSCHUH-KI-28-BG;2023-09-01;22;14;60
SCHULSCHUH-KI-28-BG;2023-10-01;10;14;60
SCHULSCHUH-KI-28-BG;2023-11-01;6;14;60
SCHULSCHUH-KI-28-BG;2023-12-01;17;14;60
SCHULSCHUH-KI-28-BG;2024-01-01;7;14;60
SCHULSCHUH-KI-28-BG;2024-02-01;7;14;60
SCHULSCHUH-KI-28-BG;2024-03-01;12;14;60
SCHULSCHUH-KI-28-BG;2024-04-01;11;14;60
SCHULSCHUH-KI-28-BG;2024-05-01;8;14;60
SCHULSCHUH-KI-28-BG;2024-06-01;11;14;60
SCHULSCHUH-KI-28-BG;2024-07-01;12;14;60
SCHULSCHUH-KI-28-BG;2024-08-01;20;14;60
SCHULSCHUH-KI-28-BG;2024-09-01;19;14;60
SCHULSCHUH-KI-28-BG;2024-10-01;10;14;60
SCHULSCHUH-KI-28-BG;2024-11-01;8;14;60
SCHULSCHUH-KI-28-BG;2024-12-01;6;14;60
SCHULSCHUH-KI-28-BR;2023-01-01;13;24;60
SCHULSCHUH-KI-28-BR;2023-02-01;12;24;60
SCHULSCHUH-KI-28-BR;2023-03-01;18;24;60
SCHULSCHUH-KI-28-BR;2023-04-01;17;24;60
SCHULSCHUH-KI-28-BR;2023-05-01;15;24;60
SCHULSCHUH-KI-28-BR;2023-06-01;21;24;60
SCHULSCHUH-KI-28-BR;2023-07-01;19;24;60
SCHULSCHUH-KI-28-BR;2023-08-01;28;24;60
SCHULSCHUH-KI-28-BR;2023-09-01;34;24;60
SCHULSCHUH-KI-28-BR;2023-10-01;12;24;60
SCHULSCHUH-KI-28-BR;2023-11-01;8;24;60
SCHULSCHUH-KI-28-BR;2023-12-01;22;24;60
SCHULSCHUH-KI-28-BR;2024-01-01;16;24;60
SCHULSCHUH-KI-28-BR;2024-02-01;16;24;60
SCHULSCHUH-KI-28-BR;2024-03-01;13;24;60
SCHULSCHUH-KI-28-BR;2024-04-01;23;24;60
SCHULSCHUH-KI-28-BR;2024-05-01;17;24;60
SCHULSCHUH-KI-28-BR;2024-06-01;13;24;60
SCHULSCHUH-KI-28-BR;2024-07-01;23;24;60
SCHULSCHUH-KI-28-BR;2024-08-01;43;24;60
SCHULSCHUH-KI-28-BR;2024-09-01;31;24;60
SCHULSCHUH-KI-28-BR;2024-10-01;17;24;60
SCHULSCHUH-KI-28-BR;2024-11-01;11;24;60
SCHULSCHUH-KI-28-BR;2024-12-01;17;24;60
SCHULSCHUH-KI-28-GR;2023-01-01;11;29;60
SCHULSCHUH-KI-28-GR;2023-02-01;8;29;60
SCHULSCHUH-KI-28-GR;2023-03-01;13;29;60
SCHULSCHUH-KI-28-GR;2023-04-01;13;29;60
SCHULSCHUH-KI-28-GR;2023-05-01;18;29;60
SCHULSCHUH-KI-28-GR;2023-06-01;11;29;60
SCHULSCHUH-KI-28-GR;2023-07-01;17;29;60
SCHULSCHUH-KI-28-GR;2023-08-01;24;29;60
SCHULSCHUH-KI-28-GR;2023-09-01;23;29;60
SCHULSCHUH-KI-28-GR;2023-10-01;14;29;60
SCHULSCHUH-KI-28-GR;2023-11-01;16;29;60
SCHULSCHUH-KI-28-GR;2023-12-01;19;29;60
SCHULSCHUH-KI-28-GR;2024-01-01;13;29;60
SCHULSCHUH-KI-28-GR;2024-02-01;14;29;60
SCHULSCHUH-KI-28-GR;2024-03-01;15;29;60
SCHULSCHUH-KI-28-GR;2024-04-01;14;29;60
SCHULSCHUH-KI-28-GR;2024-05-01;14;29;60
SCHULSCHUH-KI-28-GR;2024-06-01;12;29;60
SCHULSCHUH-KI-28-GR;2024-07-01;21;29;60
SCHULSCHUH-KI-28-GR;2024-08-01;29;29;60
SCHULSCHUH-KI-28-GR;2024-09-01;35;29;60
SCHULSCHUH-KI-28-GR;2024-10-01;17;29;60
SCHULSCHUH-KI-28-GR;2024-11-01;15;29;60
SCHULSCHUH-KI-28-GR;2024-12-01;24;29;60
SCHULSCHUH-KI-28-NV;2023-01-01;11;34;60
SCHULSCHUH-KI-28-NV;2023-02-01;10;34;60
SCHULSCHUH-KI-28-NV;2023-03-01;22;34;60
SCHULSCHUH-KI-28-NV;2023-04-01;13;34;60
SCHULSCHUH-KI-28-NV;2023-05-01;20;34;60
SCHULSCHUH-KI-28-NV;2023-06-01;13;34;60
SCHULSCHUH-KI-28-NV;2023-07-01;16;34;60
SCHULSCHUH-KI-28-NV;2023-08-01;31;34;60
SCHULSCHUH-KI-28-NV;2023-09-01;36;34;60
SCHULSCHUH-KI-28-NV;2023-10-01;17;34;60
SCHULSCHUH-KI-28-NV;2023-11-01;14;34;60
SCHULSCHUH-KI-28-NV;2023-12-01;17;34;60
SCHULSCHUH-KI-28-NV;2024-01-01;12;34;60
SCHULSCHUH-KI-28-NV;2024-02-01;13;34;60
SCHULSCHUH-KI-28-NV;2024-03-01;17;34;60
SCHULSCHUH-KI-28-NV;2024-04-01;16;34;60
SCHULSCHUH-KI-28-NV;2024-05-01;26;34;60
SCHULSCHUH-KI-28-NV;2024-06-01;15;34;60
SCHULSCHUH-KI-28-NV;2024-07-01;27;34;60
SCHULSCHUH-KI-28-NV;2024-08-01;35;34;60
SCHULSCHUH-KI-28-NV;2024-09-01;30;34;60
SCHULSCHUH-KI-28-NV;2024-10-01;19;34;60
SCHULSCHUH-KI-28-NV;2024-11-01;13;34;60
SCHULSCHUH-KI-28-NV;2024-12-01;19;34;60
SCHULSCHUH-KI-28-SW;2023-01-01;20;52;60
SCHULSCHUH-KI-28-SW;2023-02-01;12;52;60
SCHULSCHUH-KI-28-SW;2023-03-01;28;52;60
SCHULSCHUH-KI-28-SW;2023-04-01;39;52;60
SCHULSCHUH-KI-28-SW;2023-05-01;24;52;60
SCHULSCHUH-KI-28-SW;2023-06-01;31;52;60
SCHULSCHUH-KI-28-SW;2023-07-01;27;52;60
SCHULSCHUH-KI-28-SW;2023-08-01;69;52;60
SCHULSCHUH-KI-28-SW;2023-09-01;53;52;60
SCHULSCHUH-KI-28-SW;2023-10-01;24;52;60
SCHULSCHUH-KI-28-SW;2023-11-01;20;52;60
SCHULSCHUH-KI-28-SW;2023-12-01;38;52;60
SCHULSCHUH-KI-28-SW;2024-01-01;25;52;60
SCHULSCHUH-KI-28-SW;2024-02-01;20;52;60
SCHULSCHUH-KI-28-SW;2024-03-01;31;52;60
SCHULSCHUH-KI-28-SW;2024-04-01;38;52;60
SCHULSCHUH-KI-28-SW;2024-05-01;30;52;60
SCHULSCHUH-KI-28-SW;2024-06-01;23;52;60
SCHULSCHUH-KI-28-SW;2024-07-01;28;52;60
SCHULSCHUH-KI-28-SW;2024-08-01;66;52;60
SCHULSCHUH-KI-28-SW;2024-09-01;35;52;60
SCHULSCHUH-KI-28-SW;2024-10-01;35;52;60
SCHULSCHUH-KI-28-SW;2024-11-01;20;52;60
SCHULSCHUH-KI-28-SW;2024-12-01;34;52;60
SCHULSCHUH-KI-30-SW;2023-01-01;30;78;60
SCHULSCHUH-KI-30-SW;2023-02-01;15;78;60
SCHULSCHUH-KI-30-SW;2023-03-01;42;78;60
SCHULSCHUH-KI-30-SW;2023-04-01;26;78;60
SCHULSCHUH-KI-30-SW;2023-05-01;40;78;60
SCHULSCHUH-KI-30-SW;2023-06-01;17;78;60
SCHULSCHUH-KI-30-SW;2023-07-01;36;78;60
SCHULSCHUH-KI-30-SW;2023-08-01;60;78;60
SCHULSCHUH-KI-30-SW;2023-09-01;57;78;60
SCHULSCHUH-KI-30-SW;2023-10-01;39;78;60
SCHULSCHUH-KI-30-SW;2023-11-01;38;78;60
SCHULSCHUH-KI-30-SW;2023-12-01;59;78;60
SCHULSCHUH-KI-30-SW;2024-01-01;33;78;60
SCHULSCHUH-KI-30-SW;2024-02-01;32;78;60
SCHULSCHUH-KI-30-SW;2024-03-01;53;78;60
SCHULSCHUH-KI-30-SW;2024-04-01;62;78;60
SCHULSCHUH-KI-30-SW;2024-05-01;40;78;60
SCHULSCHUH-KI-30-SW;2024-06-01;36;78;60
SCHULSCHUH-KI-30-SW;2024-07-01;50;78;60
SCHULSCHUH-KI-30-SW;2024-08-01;89;78;60
SCHULSCHUH-KI-30-SW;2024-09-01;89;78;60
SCHULSCHUH-KI-30-SW;2024-10-01;40;78;60
SCHULSCHUH-KI-30-SW;2024-11-01;40;78;60
SCHULSCHUH-KI-30-SW;2024-12-01;41;78;60
SCHULSCHUH-KI-32-NV;2023-01-01;25;76;60
SCHULSCHUH-KI-32-NV;2023-02-01;22;76;60
SCHULSCHUH-KI-32-NV;2023-03-01;27;76;60
SCHULSCHUH-KI-32-NV;2023-04-01;31;76;60
SCHULSCHUH-KI-32-NV;2023-05-01;28;76;60
SCHULSCHUH-KI-32-NV;2023-06-01;11;76;60
SCHULSCHUH-KI-32-NV;2023-07-01;35;76;60
SCHULSCHUH-KI-32-NV;2023-08-01;56;76;60
SCHULSCHUH-KI-32-NV;2023-09-01;50;76;60
SCHULSCHUH-KI-32-NV;2023-10-01;27;76;60
SCHULSCHUH-KI-32-NV;2023-11-01;20;76;60
SCHULSCHUH-KI-32-NV;2023-12-01;37;76;60
SCHULSCHUH-KI-32-NV;2024-01-01;19;76;60
SCHULSCHUH-KI-32-NV;2024-02-01;19;76;60
SCHULSCHUH-KI-32-NV;2024-03-01;21;76;60
SCHULSCHUH-KI-32-NV;2024-04-01;26;76;60
SCHULSCHUH-KI-32-NV;2024-05-01;33;76;60
SCHULSCHUH-KI-32-NV;2024-06-01;22;76;60
SCHULSCHUH-KI-32-NV;2024-07-01;28;76;60
SCHULSCHUH-KI-32-NV;2024-08-01;48;76;60
SCHULSCHUH-KI-32-NV;2024-09-01;51;76;60
SCHULSCHUH-KI-32-NV;2024-10-01;22;76;60
SCHULSCHUH-KI-32-NV;2024-11-01;20;76;60
SCHULSCHUH-KI-32-NV;2024-12-01;26;76;60
SCHULSCHUH-KI-34-RT;2023-01-01;8;56;60
SCHULSCHUH-KI-34-RT;2023-02-01;8;56;60
SCHULSCHUH-KI-34-RT;2023-03-01;12;56;60
SCHULSCHUH-KI-34-RT;2023-04-01;14;56;60
SCHULSCHUH-KI-34-RT;2023-05-01;9;56;60
SCHULSCHUH-KI-34-RT;2023-06-01;8;56;60
SCHULSCHUH-KI-34-RT;2023-07-01;15;56;60
SCHULSCHUH-KI-34-RT;2023-08-01;26;56;60
SCHULSCHUH-KI-34-RT;2023-09-01;27;56;60
SCHULSCHUH-KI-34-RT;2023-10-01;12;56;60
SCHULSCHUH-KI-34-RT;2023-11-01;8;56;60
SCHULSCHUH-KI-34-RT;2023-12-01;18;56;60
SCHULSCHUH-KI-34-RT;2024-01-01;13;56;60
SCHULSCHUH-KI-34-RT;2024-02-01;9;56;60
SCHULSCHUH-KI-34-RT;2024-03-01;8;56;60
SCHULSCHUH-KI-34-RT;2024-04-01;15;56;60
SCHULSCHUH-KI-34-RT;2024-05-01;13;56;60
SCHULSCHUH-KI-34-RT;2024-06-01;10;56;60
SCHULSCHUH-KI-34-RT;2024-07-01;12;56;60
SCHULSCHUH-KI-34-RT;2024-08-01;26;56;60
SCHULSCHUH-KI-34-RT;2024-09-01;21;56;60
SCHULSCHUH-KI-34-RT;2024-10-01;8;56;60
SCHULSCHUH-KI-34-RT;2024-11-01;11;56;60
SCHULSCHUH-KI-34-RT;2024-12-01;12;56;60
SCHULSCHUH-KI-35-BR;2023-01-01;21;34;60
SCHULSCHUH-KI-35-BR;2023-02-01;11;34;60
SCHULSCHUH-KI-35-BR;2023-03-01;17;34;60
SCHULSCHUH-KI-35-BR;2023-04-01;23;34;60
SCHULSCHUH-KI-35-BR;2023-05-01;17;34;60
SCHULSCHUH-KI-35-BR;2023-06-01;20;34;60
SCHULSCHUH-KI-35-BR;2023-07-01;20;34;60
SCHULSCHUH-KI-35-BR;2023-08-01;52;34;60
SCHULSCHUH-KI-35-BR;2023-09-01;48;34;60
SCHULSCHUH-KI-35-BR;2023-10-01;24;34;60
SCHULSCHUH-KI-35-BR;2023-11-01;18;34;60
SCHULSCHUH-KI-35-BR;2023-12-01;35;34;60
SCHULSCHUH-KI-35-BR;2024-01-01;15;34;60
SCHULSCHUH-KI-35-BR;2024-02-01;17;34;60
SCHULSCHUH-KI-35-BR;2024-03-01;21;34;60
SCHULSCHUH-KI-35-BR;2024-04-01;23;34;60
SCHULSCHUH-KI-35-BR;2024-05-01;24;34;60
SCHULSCHUH-KI-35-BR;2024-06-01;23;34;60
SCHULSCHUH-KI-35-BR;2024-07-01;28;34;60
SCHULSCHUH-KI-35-BR;2024-08-01;61;34;60
SCHULSCHUH-KI-35-BR;2024-09-01;35;34;60
SCHULSCHUH-KI-35-BR;2024-10-01;30;34;60
SCHULSCHUH-KI-35-BR;2024-11-01;21;34;60
SCHULSCHUH-KI-35-BR;2024-12-01;27;34;60
SCHULSCHUH-KI-35-RT;2023-01-01;9;13;60
SCHULSCHUH-KI-35-RT;2023-02-01;7;13;60
SCHULSCHUH-KI-35-RT;2023-03-01;9;13;60
SCHULSCHUH-KI-35-RT;2023-04-01;10;13;60
SCHULSCHUH-KI-35-RT;2023-05-01;11;13;60
SCHULSCHUH-KI-35-RT;2023-06-01;8;13;60
SCHULSCHUH-KI-35-RT;2023-07-01;8;13;60
SCHULSCHUH-KI-35-RT;2023-08-01;19;13;60
SCHULSCHUH-KI-35-RT;2023-09-01;11;13;60
SCHULSCHUH-KI-35-RT;2023-10-01;6;13;60
SCHULSCHUH-KI-35-RT;2023-11-01;9;13;60
SCHULSCHUH-KI-35-RT;2023-12-01;12;13;60
SCHULSCHUH-KI-35-RT;2024-01-01;6;13;60
SCHULSCHUH-KI-35-RT;2024-02-01;8;13;60
SCHULSCHUH-KI-35-RT;2024-03-01;8;13;60
SCHULSCHUH-KI-35-RT;2024-04-01;8;13;60
SCHULSCHUH-KI-35-RT;2024-05-01;8;13;60
SCHULSCHUH-KI-35-RT;2024-06-01;8;13;60
SCHULSCHUH-KI-35-RT;2024-07-01;10;13;60
SCHULSCHUH-KI-35-RT;2024-08-01;17;13;60
SCHULSCHUH-KI-35-RT;2024-09-01;17;13;60
SCHULSCHUH-KI-35-RT;2024-10-01;10;13;60
SCHULSCHUH-KI-35-RT;2024-11-01;8;13;60
SCHULSCHUH-KI-35-RT;2024-12-01;12;13;60
SNEAKER-DA-37-GR;2023-01-01;30;48;40
SNEAKER-DA-37-GR;2023-02-01;41;48;40
SNEAKER-DA-37-GR;2023-03-01;36;48;40
SNEAKER-DA-37-GR;2023-04-01;40;48;40
SNEAKER-DA-37-GR;2023-05-01;38;48;40
SNEAKER-DA-37-GR;2023-06-01;30;48;40
SNEAKER-DA-37-GR;2023-07-01;23;48;40
SNEAKER-DA-37-GR;2023-08-01;33;48;40
SNEAKER-DA-37-GR;2023-09-01;28;48;40
SNEAKER-DA-37-GR;2023-10-01;41;48;40
SNEAKER-DA-37-GR;2023-11-01;30;48;40
SNEAKER-DA-37-GR;2023-12-01;39;48;40
SNEAKER-DA-37-GR;2024-01-01;36;48;40
SNEAKER-DA-37-GR;2024-02-01;35;48;40
SNEAKER-DA-37-GR;2024-03-01;29;48;40
SNEAKER-DA-37-GR;2024-04-01;34;48;40
SNEAKER-DA-37-GR;2024-05-01;43;48;40
SNEAKER-DA-37-GR;2024-06-01;22;48;40
SNEAKER-DA-37-GR;2024-07-01;29;48;40
SNEAKER-DA-37-GR;2024-08-01;33;48;40
SNEAKER-DA-37-GR;2024-09-01;31;48;40
SNEAKER-DA-37-GR;2024-10-01;30;48;40
SNEAKER-DA-37-GR;2024-11-01;33;48;40
SNEAKER-DA-37-GR;2024-12-01;41;48;40
SNEAKER-DA-38-BR;2023-01-01;56;24;40
SNEAKER-DA-38-BR;2023-02-01;61;24;40
SNEAKER-DA-38-BR;2023-03-01;85;24;40
SNEAKER-DA-38-BR;2023-04-01;79;24;40
SNEAKER-DA-38-BR;2023-05-01;71;24;40
SNEAKER-DA-38-BR;2023-06-01;63;24;40
SNEAKER-DA-38-BR;2023-07-01;82;24;40
SNEAKER-DA-38-BR;2023-08-01;45;24;40
SNEAKER-DA-38-BR;2023-09-01;76;24;40
SNEAKER-DA-38-BR;2023-10-01;52;24;40
SNEAKER-DA-38-BR;2023-11-01;72;24;40
SNEAKER-DA-38-BR;2023-12-01;79;24;40
SNEAKER-DA-38-BR;2024-01-01;51;24;40
SNEAKER-DA-38-BR;2024-02-01;41;24;40
SNEAKER-DA-38-BR;2024-03-01;50;24;40
SNEAKER-DA-38-BR;2024-04-01;53;24;40
SNEAKER-DA-38-BR;2024-05-01;54;24;40
SNEAKER-DA-38-BR;2024-06-01;101;24;40
SNEAKER-DA-38-BR;2024-07-01;64;24;40
SNEAKER-DA-38-BR;2024-08-01;72;24;40
SNEAKER-DA-38-BR;2024-09-01;66;24;40
SNEAKER-DA-38-BR;2024-10-01;75;24;40
SNEAKER-DA-38-BR;2024-11-01;72;24;40
SNEAKER-DA-38-BR;2024-12-01;87;24;40
SNEAKER-DA-38-RT;2023-01-01;34;49;40
SNEAKER-DA-38-RT;2023-02-01;33;49;40
SNEAKER-DA-38-RT;2023-03-01;36;49;40
SNEAKER-DA-38-RT;2023-04-01;39;49;40
SNEAKER-DA-38-RT;2023-05-01;40;49;40
SNEAKER-DA-38-RT;2023-06-01;33;49;40
SNEAKER-DA-38-RT;2023-07-01;28;49;40
SNEAKER-DA-38-RT;2023-08-01;31;49;40
SNEAKER-DA-38-RT;2023-09-01;27;49;40
SNEAKER-DA-38-RT;2023-10-01;31;49;40
SNEAKER-DA-38-RT;2023-11-01;23;49;40
SNEAKER-DA-38-RT;2023-12-01;47;49;40
SNEAKER-DA-38-RT;2024-01-01;26;49;40
SNEAKER-DA-38-RT;2024-02-01;31;49;40
SNEAKER-DA-38-RT;2024-03-01;21;49;40
SNEAKER-DA-38-RT;2024-04-01;40;49;40
SNEAKER-DA-38-RT;2024-05-01;33;49;40
SNEAKER-DA-38-RT;2024-06-01;32;49;40
SNEAKER-DA-38-RT;2024-07-01;28;49;40
SNEAKER-DA-38-RT;2024-08-01;41;49;40
SNEAKER-DA-38-RT;2024-09-01;46;49;40
SNEAKER-DA-38-RT;2024-10-01;41;49;40
SNEAKER-DA-38-RT;2024-11-01;24;49;40
SNEAKER-DA-38-RT;2024-12-01;47;49;40
SNEAKER-DA-38-WS;2023-01-01;71;176;40
SNEAKER-DA-38-WS;2023-02-01;82;176;40
SNEAKER-DA-38-WS;2023-03-01;86;176;40
SNEAKER-DA-38-WS;2023-04-01;76;176;40
SNEAKER-DA-38-WS;2023-05-01;89;176;40
SNEAKER-DA-38-WS;2023-06-01;57;176;40
SNEAKER-DA-38-WS;2023-07-01;85;176;40
SNEAKER-DA-38-WS;2023-08-01;80;176;40
SNEAKER-DA-38-WS;2023-09-01;52;176;40
SNEAKER-DA-38-WS;2023-10-01;109;176;40
SNEAKER-DA-38-WS;2023-11-01;66;176;40
SNEAKER-DA-38-WS;2023-12-01;81;176;40
SNEAKER-DA-38-WS;2024-01-01;64;176;40
SNEAKER-DA-38-WS;2024-02-01;27;176;40
SNEAKER-DA-38-WS;2024-03-01;71;176;40
SNEAKER-DA-38-WS;2024-04-01;71;176;40
SNEAKER-DA-38-WS;2024-05-01;95;176;40
SNEAKER-DA-38-WS;2024-06-01;79;176;40
SNEAKER-DA-38-WS;2024-07-01;57;176;40
SNEAKER-DA-38-WS;2024-08-01;68;176;40
SNEAKER-DA-38-WS;2024-09-01;92;176;40
SNEAKER-DA-38-WS;2024-10-01;70;176;40
SNEAKER-DA-38-WS;2024-11-01;56;176;40
SNEAKER-DA-38-WS;2024-12-01;82;176;40
SNEAKER-DA-40-NV;2023-01-01;34;43;40
SNEAKER-DA-40-NV;2023-02-01;33;43;40
SNEAKER-DA-40-NV;2023-03-01;58;43;40
SNEAKER-DA-40-NV;2023-04-01;44;43;40
SNEAKER-DA-40-NV;2023-05-01;54;43;40
SNEAKER-DA-40-NV;2023-06-01;54;43;40
SNEAKER-DA-40-NV;2023-07-01;41;43;40
SNEAKER-DA-40-NV;2023-08-01;52;43;40
SNEAKER-DA-40-NV;2023-09-01;42;43;40
SNEAKER-DA-40-NV;2023-10-01;41;43;40
SNEAKER-DA-40-NV;2023-11-01;32;43;40
SNEAKER-DA-40-NV;2023-12-01;54;43;40
SNEAKER-DA-40-NV;2024-01-01;37;43;40
SNEAKER-DA-40-NV;2024-02-01;52;43;40
SNEAKER-DA-40-NV;2024-03-01;38;43;40
SNEAKER-DA-40-NV;2024-04-01;51;43;40
SNEAKER-DA-40-NV;2024-05-01;46;43;40
SNEAKER-DA-40-NV;2024-06-01;40;43;40
SNEAKER-DA-40-NV;2024-07-01;28;43;40
SNEAKER-DA-40-NV;2024-08-01;50;43;40
SNEAKER-DA-40-NV;2024-09-01;51;43;40
SNEAKER-DA-40-NV;2024-10-01;51;43;40
SNEAKER-DA-40-NV;2024-11-01;35;43;40
SNEAKER-DA-40-NV;2024-12-01;50;43;40
SNEAKER-DA-40-RT;2023-01-01;21;17;40
SNEAKER-DA-40-RT;2023-02-01;21;17;40
SNEAKER-DA-40-RT;2023-03-01;30;17;40
SNEAKER-DA-40-RT;2023-04-01;26;17;40
SNEAKER-DA-40-RT;2023-05-01;30;17;40
SNEAKER-DA-40-RT;2023-06-01;27;17;40
SNEAKER-DA-40-RT;2023-07-01;20;17;40
SNEAKER-DA-40-RT;2023-08-01;28;17;40
SNEAKER-DA-40-RT;2023-09-01;24;17;40
SNEAKER-DA-40-RT;2023-10-01;26;17;40
SNEAKER-DA-40-RT;2023-11-01;30;17;40
SNEAKER-DA-40-RT;2023-12-01;31;17;40
SNEAKER-DA-40-RT;2024-01-01;29;17;40
SNEAKER-DA-40-RT;2024-02-01;21;17;40
SNEAKER-DA-40-RT;2024-03-01;35;17;40
SNEAKER-DA-40-RT;2024-04-01;25;17;40
SNEAKER-DA-40-RT;2024-05-01;32;17;40
SNEAKER-DA-40-RT;2024-06-01;22;17;40
SNEAKER-DA-40-RT;2024-07-01;24;17;40
SNEAKER-DA-40-RT;2024-08-01;23;17;40
SNEAKER-DA-40-RT;2024-09-01;27;17;40
SNEAKER-DA-40-RT;2024-10-01;25;17;40
SNEAKER-DA-40-RT;2024-11-01;25;17;40
SNEAKER-DA-40-RT;2024-12-01;28;17;40
SNEAKER-DA-40-WS;2023-01-01;44;80;40
SNEAKER-DA-40-WS;2023-02-01;62;80;40
SNEAKER-DA-40-WS;2023-03-01;59;80;40
SNEAKER-DA-40-WS;2023-04-01;83;80;40
SNEAKER-DA-40-WS;2023-05-01;71;80;40
SNEAKER-DA-40-WS;2023-06-01;58;80;40
SNEAKER-DA-40-WS;2023-07-01;71;80;40
SNEAKER-DA-40-WS;2023-08-01;48;80;40
SNEAKER-DA-40-WS;2023-09-01;60;80;40
SNEAKER-DA-40-WS;2023-10-01;73;80;40
SNEAKER-DA-40-WS;2023-11-01;72;80;40
SNEAKER-DA-40-WS;2023-12-01;82;80;40
SNEAKER-DA-40-WS;2024-01-01;59;80;40
SNEAKER-DA-40-WS;2024-02-01;30;80;40
SNEAKER-DA-40-WS;2024-03-01;63;80;40
SNEAKER-DA-40-WS;2024-04-01;53;80;40
SNEAKER-DA-40-WS;2024-05-01;67;80;40
SNEAKER-DA-40-WS;2024-06-01;71;80;40
SNEAKER-DA-40-WS;2024-07-01;51;80;40
SNEAKER-DA-40-WS;2024-08-01;65;80;40
SNEAKER-DA-40-WS;2024-09-01;91;80;40
SNEAKER-DA-40-WS;2024-10-01;49;80;40
SNEAKER-DA-40-WS;2024-11-01;72;80;40
SNEAKER-DA-40-WS;2024-12-01;63;80;40
SNEAKER-DA-41-BR;2023-01-01;30;98;40
SNEAKER-DA-41-BR;2023-02-01;25;98;40
SNEAKER-DA-41-BR;2023-03-01;26;98;40
SNEAKER-DA-41-BR;2023-04-01;30;98;40
SNEAKER-DA-41-BR;2023-05-01;33;98;40
SNEAKER-DA-41-BR;2023-06-01;31;98;40
SNEAKER-DA-41-BR;2023-07-01;30;98;40
SNEAKER-DA-41-BR;2023-08-01;29;98;40
SNEAKER-DA-41-BR;2023-09-01;33;98;40
SNEAKER-DA-41-BR;2023-10-01;28;98;40
SNEAKER-DA-41-BR;2023-11-01;30;98;40
SNEAKER-DA-41-BR;2023-12-01;33;98;40
SNEAKER-DA-41-BR;2024-01-01;31;98;40
SNEAKER-DA-41-BR;2024-02-01;31;98;40
SNEAKER-DA-41-BR;2024-03-01;32;98;40
SNEAKER-DA-41-BR;2024-04-01;31;98;40
SNEAKER-DA-41-BR;2024-05-01;29;98;40
SNEAKER-DA-41-BR;2024-06-01;33;98;40
SNEAKER-DA-41-BR;2024-07-01;22;98;40
SNEAKER-DA-41-BR;2024-08-01;24;98;40
SNEAKER-DA-41-BR;2024-09-01;27;98;40
SNEAKER-DA-41-BR;2024-10-01;31;98;40
SNEAKER-DA-41-BR;2024-11-01;18;98;40
SNEAKER-DA-41-BR;2024-12-01;35;98;40
SNEAKER-DA-41-GR;2023-01-01;24;24;40
SNEAKER-DA-41-GR;2023-02-01;22;24;40
SNEAKER-DA-41-GR;2023-03-01;18;24;40
SNEAKER-DA-41-GR;2023-04-01;30;24;40
SNEAKER-DA-41-GR;2023-05-01;24;24;40
SNEAKER-DA-41-GR;2023-06-01;20;24;40
SNEAKER-DA-41-GR;2023-07-01;24;24;40
SNEAKER-DA-41-GR;2023-08-01;18;24;40
SNEAKER-DA-41-GR;2023-09-01;25;24;40
SNEAKER-DA-41-GR;2023-10-01;28;24;40
SNEAKER-DA-41-GR;2023-11-01;25;24;40
SNEAKER-DA-41-GR;2023-12-01;24;24;40
SNEAKER-DA-41-GR;2024-01-01;10;24;40
SNEAKER-DA-41-GR;2024-02-01;15;24;40
SNEAKER-DA-41-GR;2024-03-01;18;24;40
SNEAKER-DA-41-GR;2024-04-01;24;24;40
SNEAKER-DA-41-GR;2024-05-01;19;24;40
SNEAKER-DA-41-GR;2024-06-01;16;24;40
SNEAKER-DA-41-GR;2024-07-01;19;24;40
SNEAKER-DA-41-GR;2024-08-01;19;24;40
SNEAKER-DA-41-GR;2024-09-01;22;24;40
SNEAKER-DA-41-GR;2024-10-01;21;24;40
SNEAKER-DA-41-GR;2024-11-01;28;24;40
SNEAKER-DA-41-GR;2024-12-01;15;24;40
SNEAKER-DA-41-RT;2023-01-01;11;23;40
SNEAKER-DA-41-RT;2023-02-01;11;23;40
SNEAKER-DA-41-RT;2023-03-01;19;23;40
SNEAKER-DA-41-RT;2023-04-01;17;23;40
SNEAKER-DA-41-RT;2023-05-01;17;23;40
SNEAKER-DA-41-RT;2023-06-01;10;23;40
SNEAKER-DA-41-RT;2023-07-01;14;23;40
SNEAKER-DA-41-RT;2023-08-01;14;23;40
SNEAKER-DA-41-RT;2023-09-01;12;23;40
SNEAKER-DA-41-RT;2023-10-01;12;23;40
SNEAKER-DA-41-RT;2023-11-01;11;23;40
SNEAKER-DA-41-RT;2023-12-01;20;23;40
SNEAKER-DA-41-RT;2024-01-01;12;23;40
SNEAKER-DA-41-RT;2024-02-01;11;23;40
SNEAKER-DA-41-RT;2024-03-01;14;23;40
SNEAKER-DA-41-RT;2024-04-01;14;23;40
SNEAKER-DA-41-RT;2024-05-01;18;23;40
SNEAKER-DA-41-RT;2024-06-01;12;23;40
SNEAKER-DA-41-RT;2024-07-01;11;23;40
SNEAKER-DA-41-RT;2024-08-01;9;23;40
SNEAKER-DA-41-RT;2024-09-01;12;23;40
SNEAKER-DA-41-RT;2024-10-01;12;23;40
SNEAKER-DA-41-RT;2024-11-01;9;23;40
SNEAKER-DA-41-RT;2024-12-01;13;23;40
SNEAKER-HE-40-BG;2023-01-01;10;12;40
SNEAKER-HE-40-BG;2023-02-01;14;12;40
SNEAKER-HE-40-BG;2023-03-01;16;12;40
SNEAKER-HE-40-BG;2023-04-01;16;12;40
SNEAKER-HE-40-BG;2023-05-01;20;12;40
SNEAKER-HE-40-BG;2023-06-01;13;12;40
SNEAKER-HE-40-BG;2023-07-01;19;12;40
SNEAKER-HE-40-BG;2023-08-01;17;12;40
SNEAKER-HE-40-BG;2023-09-01;15;12;40
SNEAKER-HE-40-BG;2023-10-01;9;12;40
SNEAKER-HE-40-BG;2023-11-01;14;12;40
SNEAKER-HE-40-BG;2023-12-01;17;12;40
SNEAKER-HE-40-BG;2024-01-01;16;12;40
SNEAKER-HE-40-BG;2024-02-01;17;12;40
SNEAKER-HE-40-BG;2024-03-01;17;12;40
SNEAKER-HE-40-BG;2024-04-01;19;12;40
SNEAKER-HE-40-BG;2024-05-01;15;12;40
SNEAKER-HE-40-BG;2024-06-01;15;12;40
SNEAKER-HE-40-BG;2024-07-01;11;12;40
SNEAKER-HE-40-BG;2024-08-01;13;12;40
SNEAKER-HE-40-BG;2024-09-01;14;12;40
SNEAKER-HE-40-BG;2024-10-01;19;12;40
SNEAKER-HE-40-BG;2024-11-01;16;12;40
SNEAKER-HE-40-BG;2024-12-01;16;12;40
SNEAKER-HE-41-GR;2023-01-01;27;35;40
SNEAKER-HE-41-GR;2023-02-01;31;35;40
SNEAKER-HE-41-GR;2023-03-01;23;35;40
SNEAKER-HE-41-GR;2023-04-01;45;35;40
SNEAKER-HE-41-GR;2023-05-01;35;35;40
SNEAKER-HE-41-GR;2023-06-01;41;35;40
SNEAKER-HE-41-GR;2023-07-01;29;35;40
SNEAKER-HE-41-GR;2023-08-01;29;35;40
SNEAKER-HE-41-GR;2023-09-01;27;35;40
SNEAKER-HE-41-GR;2023-10-01;36;35;40
SNEAKER-HE-41-GR;2023-11-01;38;35;40
SNEAKER-HE-41-GR;2023-12-01;42;35;40
SNEAKER-HE-41-GR;2024-01-01;29;35;40
SNEAKER-HE-41-GR;2024-02-01;34;35;40
SNEAKER-HE-41-GR;2024-03-01;35;35;40
SNEAKER-HE-41-GR;2024-04-01;23;35;40
SNEAKER-HE-41-GR;2024-05-01;30;35;40
SNEAKER-HE-41-GR;2024-06-01;25;35;40
SNEAKER-HE-41-GR;2024-07-01;19;35;40
SNEAKER-HE-41-GR;2024-08-01;29;35;40
SNEAKER-HE-41-GR;2024-09-01;23;35;40
SNEAKER-HE-41-GR;2024-10-01;27;35;40
SNEAKER-HE-41-GR;2024-11-01;34;35;40
SNEAKER-HE-41-GR;2024-12-01;28;35;40
SNEAKER-HE-41-WS;2023-01-01;48;55;40
SNEAKER-HE-41-WS;2023-02-01;53;55;40
SNEAKER-HE-41-WS;2023-03-01;46;55;40
SNEAKER-HE-41-WS;2023-04-01;43;55;40
SNEAKER-HE-41-WS;2023-05-01;39;55;40
SNEAKER-HE-41-WS;2023-06-01;62;55;40
SNEAKER-HE-41-WS;2023-07-01;37;55;40
SNEAKER-HE-41-WS;2023-08-01;36;55;40
SNEAKER-HE-41-WS;2023-09-01;56;55;40
SNEAKER-HE-41-WS;2023-10-01;58;55;40
SNEAKER-HE-41-WS;2023-11-01;46;55;40
SNEAKER-HE-41-WS;2023-12-01;51;55;40
SNEAKER-HE-41-WS;2024-01-01;48;55;40
SNEAKER-HE-41-WS;2024-02-01;33;55;40
SNEAKER-HE-41-WS;2024-03-01;57;55;40
SNEAKER-HE-41-WS;2024-04-01;35;55;40
SNEAKER-HE-41-WS;2024-05-01;59;55;40
SNEAKER-HE-41-WS;2024-06-01;39;55;40
SNEAKER-HE-41-WS;2024-07-01;39;55;40
SNEAKER-HE-41-WS;2024-08-01;37;55;40
SNEAKER-HE-41-WS;2024-09-01;52;55;40
SNEAKER-HE-41-WS;2024-10-01;43;55;40
SNEAKER-HE-41-WS;2024-11-01;40;55;40
SNEAKER-HE-41-WS;2024-12-01;52;55;40
SNEAKER-HE-42-GR;2023-01-01;52;255;40
SNEAKER-HE-42-GR;2023-02-01;55;255;40
SNEAKER-HE-42-GR;2023-03-01;50;255;40
SNEAKER-HE-42-GR;2023-04-01;68;255;40
SNEAKER-HE-42-GR;2023-05-01;58;255;40
SNEAKER-HE-42-GR;2023-06-01;45;255;40
SNEAKER-HE-42-GR;2023-07-01;64;255;40
SNEAKER-HE-42-GR;2023-08-01;34;255;40
SNEAKER-HE-42-GR;2023-09-01;42;255;40
SNEAKER-HE-42-GR;2023-10-01;51;255;40
SNEAKER-HE-42-GR;2023-11-01;47;255;40
SNEAKER-HE-42-GR;2023-12-01;80;255;40
SNEAKER-HE-42-GR;2024-01-01;55;255;40
SNEAKER-HE-42-GR;2024-02-01;45;255;40
SNEAKER-HE-42-GR;2024-03-01;43;255;40
SNEAKER-HE-42-GR;2024-04-01;75;255;40
SNEAKER-HE-42-GR;2024-05-01;58;255;40
SNEAKER-HE-42-GR;2024-06-01;64;255;40
SNEAKER-HE-42-GR;2024-07-01;38;255;40
SNEAKER-HE-42-GR;2024-08-01;57;255;40
SNEAKER-HE-42-GR;2024-09-01;55;255;40
SNEAKER-HE-42-GR;2024-10-01;58;255;40
SNEAKER-HE-42-GR;2024-11-01;51;255;40
SNEAKER-HE-42-GR;2024-12-01;76;255;40
SNEAKER-HE-42-RT;2023-01-01;25;28;40
SNEAKER-HE-42-RT;2023-02-01;27;28;40
SNEAKER-HE-42-RT;2023-03-01;30;28;40
SNEAKER-HE-42-RT;2023-04-01;29;28;40
SNEAKER-HE-42-RT;2023-05-01;22;28;40
SNEAKER-HE-42-RT;2023-06-01;27;28;40
SNEAKER-HE-42-RT;2023-07-01;18;28;40
SNEAKER-HE-42-RT;2023-08-01;25;28;40
SNEAKER-HE-42-RT;2023-09-01;41;28;40
SNEAKER-HE-42-RT;2023-10-01;31;28;40
SNEAKER-HE-42-RT;2023-11-01;23;28;40
SNEAKER-HE-42-RT;2023-12-01;42;28;40
SNEAKER-HE-42-RT;2024-01-01;18;28;40
SNEAKER-HE-42-RT;2024-02-01;17;28;40
SNEAKER-HE-42-RT;2024-03-01;42;28;40
SNEAKER-HE-42-RT;2024-04-01;22;28;40
SNEAKER-HE-42-RT;2024-05-01;26;28;40
SNEAKER-HE-42-RT;2024-06-01;26;28;40
SNEAKER-HE-42-RT;2024-07-01;34;28;40
SNEAKER-HE-42-RT;2024-08-01;28;28;40
SNEAKER-HE-42-RT;2024-09-01;30;28;40
SNEAKER-HE-42-RT;2024-10-01;30;28;40
SNEAKER-HE-42-RT;2024-11-01;31;28;40
SNEAKER-HE-42-RT;2024-12-01;33;28;40
SNEAKER-HE-42-WS;2023-01-01;74;127;40
SNEAKER-HE-42-WS;2023-02-01;62;127;40
SNEAKER-HE-42-WS;2023-03-01;89;127;40
SNEAKER-HE-42-WS;2023-04-01;68;127;40
SNEAKER-HE-42-WS;2023-05-01;114;127;40
SNEAKER-HE-42-WS;2023-06-01;91;127;40
SNEAKER-HE-42-WS;2023-07-01;70;127;40
SNEAKER-HE-42-WS;2023-08-01;52;127;40
SNEAKER-HE-42-WS;2023-09-01;54;127;40
SNEAKER-HE-42-WS;2023-10-01;94;127;40
SNEAKER-HE-42-WS;2023-11-01;90;127;40
SNEAKER-HE-42-WS;2023-12-01;82;127;40
SNEAKER-HE-42-WS;2024-01-01;67;127;40
SNEAKER-HE-42-WS;2024-02-01;63;127;40
SNEAKER-HE-42-WS;2024-03-01;78;127;40
SNEAKER-HE-42-WS;2024-04-01;88;127;40
SNEAKER-HE-42-WS;2024-05-01;70;127;40
SNEAKER-HE-42-WS;2024-06-01;70;127;40
SNEAKER-HE-42-WS;2024-07-01;76;127;40
SNEAKER-HE-42-WS;2024-08-01;72;127;40
SNEAKER-HE-42-WS;2024-09-01;85;127;40
SNEAKER-HE-42-WS;2024-10-01;84;127;40
SNEAKER-HE-42-WS;2024-11-01;89;127;40
SNEAKER-HE-42-WS;2024-12-01;107;127;40
SNEAKER-HE-43-BG;2023-01-01;44;170;40
SNEAKER-HE-43-BG;2023-02-01;42;170;40
SNEAKER-HE-43-BG;2023-03-01;52;170;40
SNEAKER-HE-43-BG;2023-04-01;56;170;40
SNEAKER-HE-43-BG;2023-05-01;57;170;40
SNEAKER-HE-43-BG;2023-06-01;63;170;40
SNEAKER-HE-43-BG;2023-07-01;42;170;40
SNEAKER-HE-43-BG;2023-08-01;42;170;40
SNEAKER-HE-43-BG;2023-09-01;62;170;40
SNEAKER-HE-43-BG;2023-10-01;46;170;40
SNEAKER-HE-43-BG;2023-11-01;42;170;40
SNEAKER-HE-43-BG;2023-12-01;51;170;40
SNEAKER-HE-43-BG;2024-01-01;46;170;40
SNEAKER-HE-43-BG;2024-02-01;43;170;40
SNEAKER-HE-43-BG;2024-03-01;58;170;40
SNEAKER-HE-43-BG;2024-04-01;61;170;40
SNEAKER-HE-43-BG;2024-05-01;64;170;40
SNEAKER-HE-43-BG;2024-06-01;54;170;40
SNEAKER-HE-43-BG;2024-07-01;55;170;40
SNEAKER-HE-43-BG;2024-08-01;37;170;40
SNEAKER-HE-43-BG;2024-09-01;37;170;40
SNEAKER-HE-43-BG;2024-10-01;62;170;40
SNEAKER-HE-43-BG;2024-11-01;53;170;40
SNEAKER-HE-43-BG;2024-12-01;64;170;40
SNEAKER-HE-43-BR;2023-01-01;54;65;40
SNEAKER-HE-43-BR;2023-02-01;54;65;40
SNEAKER-HE-43-BR;2023-03-01;87;65;40
SNEAKER-HE-43-BR;2023-04-01;52;65;40
SNEAKER-HE-43-BR;2023-05-01;90;65;40
SNEAKER-HE-43-BR;2023-06-01;54;65;40
SNEAKER-HE-43-BR;2023-07-01;53;65;40
SNEAKER-HE-43-BR;2023-08-01;69;65;40
SNEAKER-HE-43-BR;2023-09-01;99;65;40
SNEAKER-HE-43-BR;2023-10-01;65;65;40
SNEAKER-HE-43-BR;2023-11-01;53;65;40
SNEAKER-HE-43-BR;2023-12-01;112;65;40
SNEAKER-HE-43-BR;2024-01-01;81;65;40
SNEAKER-HE-43-BR;2024-02-01;84;65;40
SNEAKER-HE-43-BR;2024-03-01;95;65;40
SNEAKER-HE-43-BR;2024-04-01;87;65;40
SNEAKER-HE-43-BR;2024-05-01;98;65;40
SNEAKER-HE-43-BR;2024-06-01;84;65;40
SNEAKER-HE-43-BR;2024-07-01;97;65;40
SNEAKER-HE-43-BR;2024-08-01;98;65;40
SNEAKER-HE-43-BR;2024-09-01;82;65;40
SNEAKER-HE-43-BR;2024-10-01;68;65;40
SNEAKER-HE-43-BR;2024-11-01;77;65;40
SNEAKER-HE-43-BR;2024-12-01;82;65;40
SNEAKER-HE-43-GR;2023-01-01;51;120;40
SNEAKER-HE-43-GR;2023-02-01;42;120;40
SNEAKER-HE-43-GR;2023-03-01;65;120;40
SNEAKER-HE-43-GR;2023-04-01;52;120;40
SNEAKER-HE-43-GR;2023-05-01;52;120;40
SNEAKER-HE-43-GR;2023-06-01;60;120;40
SNEAKER-HE-43-GR;2023-07-01;42;120;40
SNEAKER-HE-43-GR;2023-08-01;59;120;40
SNEAKER-HE-43-GR;2023-09-01;64;120;40
SNEAKER-HE-43-GR;2023-10-01;59;120;40
SNEAKER-HE-43-GR;2023-11-01;41;120;40
SNEAKER-HE-43-GR;2023-12-01;83;120;40
SNEAKER-HE-43-GR;2024-01-01;32;120;40
SNEAKER-HE-43-GR;2024-02-01;52;120;40
SNEAKER-HE-43-GR;2024-03-01;43;120;40
SNEAKER-HE-43-GR;2024-04-01;40;120;40
SNEAKER-HE-43-GR;2024-05-01;76;120;40
SNEAKER-HE-43-GR;2024-06-01;53;120;40
SNEAKER-HE-43-GR;2024-07-01;60;120;40
SNEAKER-HE-43-GR;2024-08-01;56;120;40
SNEAKER-HE-43-GR;2024-09-01;72;120;40
SNEAKER-HE-43-GR;2024-10-01;41;120;40
SNEAKER-HE-43-GR;2024-11-01;39;120;40
SNEAKER-HE-43-GR;2024-12-01;53;120;40
SNEAKER-HE-43-NV;2023-01-01;56;75;40
SNEAKER-HE-43-NV;2023-02-01;48;75;40
SNEAKER-HE-43-NV;2023-03-01;57;75;40
SNEAKER-HE-43-NV;2023-04-01;80;75;40
SNEAKER-HE-43-NV;2023-05-01;54;75;40
SNEAKER-HE-43-NV;2023-06-01;67;75;40
SNEAKER-HE-43-NV;2023-07-01;61;75;40
SNEAKER-HE-43-NV;2023-08-01;62;75;40
SNEAKER-HE-43-NV;2023-09-01;64;75;40
SNEAKER-HE-43-NV;2023-10-01;90;75;40
SNEAKER-HE-43-NV;2023-11-01;36;75;40
SNEAKER-HE-43-NV;2023-12-01;98;75;40
SNEAKER-HE-43-NV;2024-01-01;62;75;40
SNEAKER-HE-43-NV;2024-02-01;58;75;40
SNEAKER-HE-43-NV;2024-03-01;67;75;40
SNEAKER-HE-43-NV;2024-04-01;82;75;40
SNEAKER-HE-43-NV;2024-05-01;59;75;40
SNEAKER-HE-43-NV;2024-06-01;72;75;40
SNEAKER-HE-43-NV;2024-07-01;81;75;40
SNEAKER-HE-43-NV;2024-08-01;75;75;40
SNEAKER-HE-43-NV;2024-09-01;92;75;40
SNEAKER-HE-43-NV;2024-10-01;56;75;40
SNEAKER-HE-43-NV;2024-11-01;89;75;40
SNEAKER-HE-43-NV;2024-12-01;75;75;40
SNEAKER-HE-44-GR;2023-01-01;63;129;40
SNEAKER-HE-44-GR;2023-02-01;48;129;40
SNEAKER-HE-44-GR;2023-03-01;54;129;40
SNEAKER-HE-44-GR;2023-04-01;73;129;40
SNEAKER-HE-44-GR;2023-05-01;62;129;40
SNEAKER-HE-44-GR;2023-06-01;53;129;40
SNEAKER-HE-44-GR;2023-07-01;47;129;40
SNEAKER-HE-44-GR;2023-08-01;52;129;40
SNEAKER-HE-44-GR;2023-09-01;63;129;40
SNEAKER-HE-44-GR;2023-10-01;51;129;40
SNEAKER-HE-44-GR;2023-11-01;71;129;40
SNEAKER-HE-44-GR;2023-12-01;74;129;40
SNEAKER-HE-44-GR;2024-01-01;42;129;40
SNEAKER-HE-44-GR;2024-02-01;62;129;40
SNEAKER-HE-44-GR;2024-03-01;49;129;40
SNEAKER-HE-44-GR;2024-04-01;84;129;40
SNEAKER-HE-44-GR;2024-05-01;64;129;40
SNEAKER-HE-44-GR;2024-06-01;52;129;40
SNEAKER-HE-44-GR;2024-07-01;48;129;40
SNEAKER-HE-44-GR;2024-08-01;65;129;40
SNEAKER-HE-44-GR;2024-09-01;66;129;40
SNEAKER-HE-44-GR;2024-10-01;62;129;40
SNEAKER-HE-44-GR;2024-11-01;74;129;40
SNEAKER-HE-44-GR;2024-12-01;70;129;40
SNEAKER-HE-44-NV;2023-01-01;71;43;40
SNEAKER-HE-44-NV;2023-02-01;54;43;40
SNEAKER-HE-44-NV;2023-03-01;62;43;40
SNEAKER-HE-44-NV;2023-04-01;51;43;40
SNEAKER-HE-44-NV;2023-05-01;70;43;40
SNEAKER-HE-44-NV;2023-06-01;83;43;40
SNEAKER-HE-44-NV;2023-07-01;54;43;40
SNEAKER-HE-44-NV;2023-08-01;69;43;40
SNEAKER-HE-44-NV;2023-09-01;75;43;40
SNEAKER-HE-44-NV;2023-10-01;53;43;40
SNEAKER-HE-44-NV;2023-11-01;69;43;40
SNEAKER-HE-44-NV;2023-12-01;63;43;40
SNEAKER-HE-44-NV;2024-01-01;56;43;40
SNEAKER-HE-44-NV;2024-02-01;53;43;40
SNEAKER-HE-44-NV;2024-03-01;79;43;40
SNEAKER-HE-44-NV;2024-04-01;89;43;40
SNEAKER-HE-44-NV;2024-05-01;63;43;40
SNEAKER-HE-44-NV;2024-06-01;65;43;40
SNEAKER-HE-44-NV;2024-07-01;70;43;40
SNEAKER-HE-44-NV;2024-08-01;90;43;40
SNEAKER-HE-44-NV;2024-09-01;66;43;40
SNEAKER-HE-44-NV;2024-10-01;82;43;40
SNEAKER-HE-44-NV;2024-11-01;56;43;40
SNEAKER-HE-44-NV;2024-12-01;77;43;40
SNEAKER-HE-45-BG;2023-01-01;28;43;40
SNEAKER-HE-45-BG;2023-02-01;24;43;40
SNEAKER-HE-45-BG;2023-03-01;36;43;40
SNEAKER-HE-45-BG;2023-04-01;23;43;40
SNEAKER-HE-45-BG;2023-05-01;22;43;40
SNEAKER-HE-45-BG;2023-06-01;32;43;40
SNEAKER-HE-45-BG;2023-07-01;22;43;40
SNEAKER-HE-45-BG;2023-08-01;30;43;40
SNEAKER-HE-45-BG;2023-09-01;23;43;40
SNEAKER-HE-45-BG;2023-10-01;29;43;40
SNEAKER-HE-45-BG;2023-11-01;35;43;40
SNEAKER-HE-45-BG;2023-12-01;34;43;40
SNEAKER-HE-45-BG;2024-01-01;18;43;40
SNEAKER-HE-45-BG;2024-02-01;31;43;40
SNEAKER-HE-45-BG;2024-03-01;28;43;40
SNEAKER-HE-45-BG;2024-04-01;46;43;40
SNEAKER-HE-45-BG;2024-05-01;22;43;40
SNEAKER-HE-45-BG;2024-06-01;23;43;40
SNEAKER-HE-45-BG;2024-07-01;34;43;40
SNEAKER-HE-45-BG;2024-08-01;30;43;40
SNEAKER-HE-45-BG;2024-09-01;30;43;40
SNEAKER-HE-45-BG;2024-10-01;40;43;40
SNEAKER-HE-45-BG;2024-11-01;37;43;40
SNEAKER-HE-45-BG;2024-12-01;34;43;40
SNEAKER-HE-45-GR;2023-01-01;28;21;40
SNEAKER-HE-45-GR;2023-02-01;46;21;40
SNEAKER-HE-45-GR;2023-03-01;29;21;40
SNEAKER-HE-45-GR;2023-04-01;39;21;40
SNEAKER-HE-45-GR;2023-05-01;45;21;40
SNEAKER-HE-45-GR;2023-06-01;40;21;40
SNEAKER-HE-45-GR;2023-07-01;26;21;40
SNEAKER-HE-45-GR;2023-08-01;39;21;40
SNEAKER-HE-45-GR;2023-09-01;37;21;40
SNEAKER-HE-45-GR;2023-10-01;46;21;40
SNEAKER-HE-45-GR;2023-11-01;31;21;40
SNEAKER-HE-45-GR;2023-12-01;40;21;40
SNEAKER-HE-45-GR;2024-01-01;25;21;40
SNEAKER-HE-45-GR;2024-02-01;18;21;40
SNEAKER-HE-45-GR;2024-03-01;34;21;40
SNEAKER-HE-45-GR;2024-04-01;32;21;40
SNEAKER-HE-45-GR;2024-05-01;36;21;40
SNEAKER-HE-45-GR;2024-06-01;34;21;40
SNEAKER-HE-45-GR;2024-07-01;28;21;40
SNEAKER-HE-45-GR;2024-08-01;36;21;40
SNEAKER-HE-45-GR;2024-09-01;35;21;40
SNEAKER-HE-45-GR;2024-10-01;28;21;40
SNEAKER-HE-45-GR;2024-11-01;30;21;40
SNEAKER-HE-45-GR;2024-12-01;43;21;40
SNEAKER-HE-45-RT;2023-01-01;21;25;40
SNEAKER-HE-45-RT;2023-02-01;25;25;40
SNEAKER-HE-45-RT;2023-03-01;22;25;40
SNEAKER-HE-45-RT;2023-04-01;22;25;40
SNEAKER-HE-45-RT;2023-05-01;27;25;40
SNEAKER-HE-45-RT;2023-06-01;22;25;40
SNEAKER-HE-45-RT;2023-07-01;12;25;40
SNEAKER-HE-45-RT;2023-08-01;19;25;40
SNEAKER-HE-45-RT;2023-09-01;22;25;40
SNEAKER-HE-45-RT;2023-10-01;22;25;40
SNEAKER-HE-45-RT;2023-11-01;21;25;40
SNEAKER-HE-45-RT;2023-12-01;31;25;40
SNEAKER-HE-45-RT;2024-01-01;15;25;40
SNEAKER-HE-45-RT;2024-02-01;19;25;40
SNEAKER-HE-45-RT;2024-03-01;20;25;40
SNEAKER-HE-45-RT;2024-04-01;27;25;40
SNEAKER-HE-45-RT;2024-05-01;24;25;40
SNEAKER-HE-45-RT;2024-06-01;27;25;40
SNEAKER-HE-45-RT;2024-07-01;21;25;40
SNEAKER-HE-45-RT;2024-08-01;19;25;40
SNEAKER-HE-45-RT;2024-09-01;24;25;40
SNEAKER-HE-45-RT;2024-10-01;27;25;40
SNEAKER-HE-45-RT;2024-11-01;21;25;40
SNEAKER-HE-45-RT;2024-12-01;27;25;40
SNEAKER-HE-46-BG;2023-01-01;15;74;40
SNEAKER-HE-46-BG;2023-02-01;18;74;40
SNEAKER-HE-46-BG;2023-03-01;16;74;40
SNEAKER-HE-46-BG;2023-04-01;20;74;40
SNEAKER-HE-46-BG;2023-05-01;21;74;40
SNEAKER-HE-46-BG;2023-06-01;20;74;40
SNEAKER-HE-46-BG;2023-07-01;11;74;40
SNEAKER-HE-46-BG;2023-08-01;13;74;40
SNEAKER-HE-46-BG;2023-09-01;19;74;40
SNEAKER-HE-46-BG;2023-10-01;10;74;40
SNEAKER-HE-46-BG;2023-11-01;21;74;40
SNEAKER-HE-46-BG;2023-12-01;19;74;40
SNEAKER-HE-46-BG;2024-01-01;17;74;40
SNEAKER-HE-46-BG;2024-02-01;19;74;40
SNEAKER-HE-46-BG;2024-03-01;21;74;40
SNEAKER-HE-46-BG;2024-04-01;19;74;40
SNEAKER-HE-46-BG;2024-05-01;20;74;40
SNEAKER-HE-46-BG;2024-06-01;19;74;40
SNEAKER-HE-46-BG;2024-07-01;17;74;40
SNEAKER-HE-46-BG;2024-08-01;17;74;40
SNEAKER-HE-46-BG;2024-09-01;22;74;40
SNEAKER-HE-46-BG;2024-10-01;15;74;40
SNEAKER-HE-46-BG;2024-11-01;15;74;40
SNEAKER-HE-46-BG;2024-12-01;18;74;40
SNEAKER-HE-46-GR;2023-01-01;17;21;40
SNEAKER-HE-46-GR;2023-02-01;21;21;40
SNEAKER-HE-46-GR;2023-03-01;18;21;40
SNEAKER-HE-46-GR;2023-04-01;27;21;40
SNEAKER-HE-46-GR;2023-05-01;16;21;40
SNEAKER-HE-46-GR;2023-06-01;21;21;40
SNEAKER-HE-46-GR;2023-07-01;18;21;40
SNEAKER-HE-46-GR;2023-08-01;14;21;40
SNEAKER-HE-46-GR;2023-09-01;23;21;40
SNEAKER-HE-46-GR;2023-10-01;20;21;40
SNEAKER-HE-46-GR;2023-11-01;15;21;40
SNEAKER-HE-46-GR;2023-12-01;22;21;40
SNEAKER-HE-46-GR;2024-01-01;15;21;40
SNEAKER-HE-46-GR;2024-02-01;18;21;40
SNEAKER-HE-46-GR;2024-03-01;14;21;40
SNEAKER-HE-46-GR;2024-04-01;17;21;40
SNEAKER-HE-46-GR;2024-05-01;19;21;40
SNEAKER-HE-46-GR;2024-06-01;18;21;40
SNEAKER-HE-46-GR;2024-07-01;11;21;40
SNEAKER-HE-46-GR;2024-08-01;13;21;40
SNEAKER-HE-46-GR;2024-09-01;16;21;40
SNEAKER-HE-46-GR;2024-10-01;19;21;40
SNEAKER-HE-46-GR;2024-11-01;14;21;40
SNEAKER-HE-46-GR;2024-12-01;16;21;40
STIEFELETTE-DA-36-BG;2023-01-01;3;14;60
STIEFELETTE-DA-36-BG;2023-02-01;6;14;60
STIEFELETTE-DA-36-BG;2023-03-01;7;14;60
STIEFELETTE-DA-36-BG;2023-04-01;10;14;60
STIEFELETTE-DA-36-BG;2023-05-01;7;14;60
STIEFELETTE-DA-36-BG;2023-06-01;4;14;60
STIEFELETTE-DA-36-BG;2023-07-01;5;14;60
STIEFELETTE-DA-36-BG;2023-08-01;5;14;60
STIEFELETTE-DA-36-BG;2023-09-01;10;14;60
STIEFELETTE-DA-36-BG;2023-10-01;10;14;60
STIEFELETTE-DA-36-BG;2023-11-01;8;14;60
STIEFELETTE-DA-36-BG;2023-12-01;4;14;60
STIEFELETTE-DA-36-BG;2024-01-01;4;14;60
STIEFELETTE-DA-36-BG;2024-02-01;5;14;60
STIEFELETTE-DA-36-BG;2024-03-01;10;14;60
STIEFELETTE-DA-36-BG;2024-04-01;8;14;60
STIEFELETTE-DA-36-BG;2024-05-01;6;14;60
STIEFELETTE-DA-36-BG;2024-06-01;6;14;60
STIEFELETTE-DA-36-BG;2024-07-01;6;14;60
STIEFELETTE-DA-36-BG;2024-08-01;4;14;60
STIEFELETTE-DA-36-BG;2024-09-01;7;14;60
STIEFELETTE-DA-36-BG;2024-10-01;12;14;60
STIEFELETTE-DA-36-BG;2024-11-01;8;14;60
STIEFELETTE-DA-36-BG;2024-12-01;5;14;60
STIEFELETTE-DA-36-GR;2023-01-01;5;36;60
STIEFELETTE-DA-36-GR;2023-02-01;7;36;60
STIEFELETTE-DA-36-GR;2023-03-01;11;36;60
STIEFELETTE-DA-36-GR;2023-04-01;10;36;60
STIEFELETTE-DA-36-GR;2023-05-01;7;36;60
STIEFELETTE-DA-36-GR;2023-06-01;6;36;60
STIEFELETTE-DA-36-GR;2023-07-01;5;36;60
STIEFELETTE-DA-36-GR;2023-08-01;8;36;60
STIEFELETTE-DA-36-GR;2023-09-01;8;36;60
STIEFELETTE-DA-36-GR;2023-10-01;13;36;60
STIEFELETTE-DA-36-GR;2023-11-01;10;36;60
STIEFELETTE-DA-36-GR;2023-12-01;8;36;60
STIEFELETTE-DA-36-GR;2024-01-01;5;36;60
STIEFELETTE-DA-36-GR;2024-02-01;4;36;60
STIEFELETTE-DA-36-GR;2024-03-01;11;36;60
STIEFELETTE-DA-36-GR;2024-04-01;15;36;60
STIEFELETTE-DA-36-GR;2024-05-01;9;36;60
STIEFELETTE-DA-36-GR;2024-06-01;10;36;60
STIEFELETTE-DA-36-GR;2024-07-01;5;36;60
STIEFELETTE-DA-36-GR;2024-08-01;10;36;60
STIEFELETTE-DA-36-GR;2024-09-01;13;36;60
STIEFELETTE-DA-36-GR;2024-10-01;14;36;60
STIEFELETTE-DA-36-GR;2024-11-01;10;36;60
STIEFELETTE-DA-36-GR;2024-12-01;7;36;60
STIEFELETTE-DA-37-BG;2023-01-01;9;23;60
STIEFELETTE-DA-37-BG;2023-02-01;9;23;60
STIEFELETTE-DA-37-BG;2023-03-01;14;23;60
STIEFELETTE-DA-37-BG;2023-04-01;16;23;60
STIEFELETTE-DA-37-BG;2023-05-01;14;23;60
STIEFELETTE-DA-37-BG;2023-06-01;8;23;60
STIEFELETTE-DA-37-BG;2023-07-01;9;23;60
STIEFELETTE-DA-37-BG;2023-08-01;8;23;60
STIEFELETTE-DA-37-BG;2023-09-01;13;23;60
STIEFELETTE-DA-37-BG;2023-10-01;15;23;60
STIEFELETTE-DA-37-BG;2023-11-01;10;23;60
STIEFELETTE-DA-37-BG;2023-12-01;8;23;60
STIEFELETTE-DA-37-BG;2024-01-01;8;23;60
STIEFELETTE-DA-37-BG;2024-02-01;5;23;60
STIEFELETTE-DA-37-BG;2024-03-01;13;23;60
STIEFELETTE-DA-37-BG;2024-04-01;21;23;60
STIEFELETTE-DA-37-BG;2024-05-01;8;23;60
STIEFELETTE-DA-37-BG;2024-06-01;8;23;60
STIEFELETTE-DA-37-BG;2024-07-01;7;23;60
STIEFELETTE-DA-37-BG;2024-08-01;8;23;60
STIEFELETTE-DA-37-BG;2024-09-01;14;23;60
STIEFELETTE-DA-37-BG;2024-10-01;15;23;60
STIEFELETTE-DA-37-BG;2024-11-01;13;23;60
STIEFELETTE-DA-37-BG;2024-12-01;9;23;60
STIEFELETTE-DA-37-BR;2023-01-01;11;10;60
STIEFELETTE-DA-37-BR;2023-02-01;13;10;60
STIEFELETTE-DA-37-BR;2023-03-01;19;10;60
STIEFELETTE-DA-37-BR;2023-04-01;26;10;60
STIEFELETTE-DA-37-BR;2023-05-01;15;10;60
STIEFELETTE-DA-37-BR;2023-06-01;14;10;60
STIEFELETTE-DA-37-BR;2023-07-01;13;10;60
STIEFELETTE-DA-37-BR;2023-08-01;19;10;60
STIEFELETTE-DA-37-BR;2023-09-01;25;10;60
STIEFELETTE-DA-37-BR;2023-10-01;23;10;60
STIEFELETTE-DA-37-BR;2023-11-01;14;10;60
STIEFELETTE-DA-37-BR;2023-12-01;19;10;60
STIEFELETTE-DA-37-BR;2024-01-01;9;10;60
STIEFELETTE-DA-37-BR;2024-02-01;14;10;60
STIEFELETTE-DA-37-BR;2024-03-01;18;10;60
STIEFELETTE-DA-37-BR;2024-04-01;19;10;60
STIEFELETTE-DA-37-BR;2024-05-01;12;10;60
STIEFELETTE-DA-37-BR;2024-06-01;16;10;60
STIEFELETTE-DA-37-BR;2024-07-01;15;10;60
STIEFELETTE-DA-37-BR;2024-08-01;23;10;60
STIEFELETTE-DA-37-BR;2024-09-01;19;10;60
STIEFELETTE-DA-37-BR;2024-10-01;24;10;60
STIEFELETTE-DA-37-BR;2024-11-01;10;10;60
STIEFELETTE-DA-37-BR;2024-12-01;22;10;60
STIEFELETTE-DA-40-SW;2023-01-01;18;161;60
STIEFELETTE-DA-40-SW;2023-02-01;23;161;60
STIEFELETTE-DA-40-SW;2023-03-01;39;161;60
STIEFELETTE-DA-40-SW;2023-04-01;38;161;60
STIEFELETTE-DA-40-SW;2023-05-01;23;161;60
STIEFELETTE-DA-40-SW;2023-06-01;22;161;60
STIEFELETTE-DA-40-SW;2023-07-01;17;161;60
STIEFELETTE-DA-40-SW;2023-08-01;28;161;60
STIEFELETTE-DA-40-SW;2023-09-01;33;161;60
STIEFELETTE-DA-40-SW;2023-10-01;50;161;60
STIEFELETTE-DA-40-SW;2023-11-01;23;161;60
STIEFELETTE-DA-40-SW;2023-12-01;22;161;60
STIEFELETTE-DA-40-SW;2024-01-01;16;161;60
STIEFELETTE-DA-40-SW;2024-02-01;18;161;60
STIEFELETTE-DA-40-SW;2024-03-01;31;161;60
STIEFELETTE-DA-40-SW;2024-04-01;38;161;60
STIEFELETTE-DA-40-SW;2024-05-01;18;161;60
STIEFELETTE-DA-40-SW;2024-06-01;18;161;60
STIEFELETTE-DA-40-SW;2024-07-01;15;161;60
STIEFELETTE-DA-40-SW;2024-08-01;19;161;60
STIEFELETTE-DA-40-SW;2024-09-01;32;161;60
STIEFELETTE-DA-40-SW;2024-10-01;37;161;60
STIEFELETTE-DA-40-SW;2024-11-01;31;161;60
STIEFELETTE-DA-40-SW;2024-12-01;20;161;60
STIEFELETTE-DA-41-BG;2023-01-01;5;17;60
STIEFELETTE-DA-41-BG;2023-02-01;4;17;60
STIEFELETTE-DA-41-BG;2023-03-01;8;17;60
STIEFELETTE-DA-41-BG;2023-04-01;12;17;60
STIEFELETTE-DA-41-BG;2023-05-01;8;17;60
STIEFELETTE-DA-41-BG;2023-06-01;7;17;60
STIEFELETTE-DA-41-BG;2023-07-01;5;17;60
STIEFELETTE-DA-41-BG;2023-08-01;5;17;60
STIEFELETTE-DA-41-BG;2023-09-01;12;17;60
STIEFELETTE-DA-41-BG;2023-10-01;11;17;60
STIEFELETTE-DA-41-BG;2023-11-01;8;17;60
STIEFELETTE-DA-41-BG;2023-12-01;7;17;60
STIEFELETTE-DA-41-BG;2024-01-01;4;17;60
STIEFELETTE-DA-41-BG;2024-02-01;5;17;60
STIEFELETTE-DA-41-BG;2024-03-01;9;17;60
STIEFELETTE-DA-41-BG;2024-04-01;11;17;60
STIEFELETTE-DA-41-BG;2024-05-01;9;17;60
STIEFELETTE-DA-41-BG;2024-06-01;5;17;60
STIEFELETTE-DA-41-BG;2024-07-01;4;17;60
STIEFELETTE-DA-41-BG;2024-08-01;6;17;60
STIEFELETTE-DA-41-BG;2024-09-01;14;17;60
STIEFELETTE-DA-41-BG;2024-10-01;10;17;60
STIEFELETTE-DA-41-BG;2024-11-01;10;17;60
STIEFELETTE-DA-41-BG;2024-12-01;6;17;60
STIEFELETTE-DA-41-BR;2023-01-01;7;10;60
STIEFELETTE-DA-41-BR;2023-02-01;8;10;60
STIEFELETTE-DA-41-BR;2023-03-01;15;10;60
STIEFELETTE-DA-41-BR;2023-04-01;11;10;60
STIEFELETTE-DA-41-BR;2023-05-01;13;10;60
STIEFELETTE-DA-41-BR;2023-06-01;9;10;60
STIEFELETTE-DA-41-BR;2023-07-01;8;10;60
STIEFELETTE-DA-41-BR;2023-08-01;8;10;60
STIEFELETTE-DA-41-BR;2023-09-01;14;10;60
STIEFELETTE-DA-41-BR;2023-10-01;15;10;60
STIEFELETTE-DA-41-BR;2023-11-01;10;10;60
STIEFELETTE-DA-41-BR;2023-12-01;6;10;60
STIEFELETTE-DA-41-BR;2024-01-01;6;10;60
STIEFELETTE-DA-41-BR;2024-02-01;9;10;60
STIEFELETTE-DA-41-BR;2024-03-01;15;10;60
STIEFELETTE-DA-41-BR;2024-04-01;17;10;60
STIEFELETTE-DA-41-BR;2024-05-01;11;10;60
STIEFELETTE-DA-41-BR;2024-06-01;8;10;60
STIEFELETTE-DA-41-BR;2024-07-01;8;10;60
STIEFELETTE-DA-41-BR;2024-08-01;9;10;60
STIEFELETTE-DA-41-BR;2024-09-01;12;10;60
STIEFELETTE-DA-41-BR;2024-10-01;8;10;60
STIEFELETTE-DA-41-BR;2024-11-01;9;10;60
STIEFELETTE-DA-41-BR;2024-12-01;6;10;60
STIEFELETTE-DA-41-NV;2023-01-01;7;26;60
STIEFELETTE-DA-41-NV;2023-02-01;6;26;60
STIEFELETTE-DA-41-NV;2023-03-01;13;26;60
STIEFELETTE-DA-41-NV;2023-04-01;13;26;60
STIEFELETTE-DA-41-NV;2023-05-01;8;26;60
STIEFELETTE-DA-41-NV;2023-06-01;7;26;60
STIEFELETTE-DA-41-NV;2023-07-01;7;26;60
STIEFELETTE-DA-41-NV;2023-08-01;9;26;60
STIEFELETTE-DA-41-NV;2023-09-01;11;26;60
STIEFELETTE-DA-41-NV;2023-10-01;11;26;60
STIEFELETTE-DA-41-NV;2023-11-01;9;26;60
STIEFELETTE-DA-41-NV;2023-12-01;7;26;60
STIEFELETTE-DA-41-NV;2024-01-01;6;26;60
STIEFELETTE-DA-41-NV;2024-02-01;6;26;60
STIEFELETTE-DA-41-NV;2024-03-01;11;26;60
STIEFELETTE-DA-41-NV;2024-04-01;12;26;60
STIEFELETTE-DA-41-NV;2024-05-01;11;26;60
STIEFELETTE-DA-41-NV;2024-06-01;6;26;60
STIEFELETTE-DA-41-NV;2024-07-01;6;26;60
STIEFELETTE-DA-41-NV;2024-08-01;6;26;60
STIEFELETTE-DA-41-NV;2024-09-01;11;26;60
STIEFELETTE-DA-41-NV;2024-10-01;11;26;60
STIEFELETTE-DA-41-NV;2024-11-01;10;26;60
STIEFELETTE-DA-41-NV;2024-12-01;7;26;60
THERMOSTIEFEL-KI-28-RT;2023-01-01;10;6;85
THERMOSTIEFEL-KI-28-RT;2023-02-01;7;6;85
THERMOSTIEFEL-KI-28-RT;2023-03-01;4;6;85
THERMOSTIEFEL-KI-28-RT;2023-04-01;1;6;85
THERMOSTIEFEL-KI-28-RT;2023-05-01;1;6;85
THERMOSTIEFEL-KI-28-RT;2023-06-01;1;6;85
THERMOSTIEFEL-KI-28-RT;2023-07-01;0;6;85
THERMOSTIEFEL-KI-28-RT;2023-08-01;1;6;85
THERMOSTIEFEL-KI-28-RT;2023-09-01;3;6;85
THERMOSTIEFEL-KI-28-RT;2023-10-01;7;6;85
THERMOSTIEFEL-KI-28-RT;2023-11-01;13;6;85
THERMOSTIEFEL-KI-28-RT;2023-12-01;8;6;85
THERMOSTIEFEL-KI-28-RT;2024-01-01;8;6;85
THERMOSTIEFEL-KI-28-RT;2024-02-01;4;6;85
THERMOSTIEFEL-KI-28-RT;2024-03-01;3;6;85
THERMOSTIEFEL-KI-28-RT;2024-04-01;2;6;85
THERMOSTIEFEL-KI-28-RT;2024-05-01;0;6;85
THERMOSTIEFEL-KI-28-RT;2024-06-01;1;6;85
THERMOSTIEFEL-KI-28-RT;2024-07-01;1;6;85
THERMOSTIEFEL-KI-28-RT;2024-08-01;1;6;85
THERMOSTIEFEL-KI-28-RT;2024-09-01;4;6;85
THERMOSTIEFEL-KI-28-RT;2024-10-01;8;6;85
THERMOSTIEFEL-KI-28-RT;2024-11-01;15;6;85
THERMOSTIEFEL-KI-28-RT;2024-12-01;13;6;85
THERMOSTIEFEL-KI-30-NV;2023-01-01;28;64;85
THERMOSTIEFEL-KI-30-NV;2023-02-01;19;64;85
THERMOSTIEFEL-KI-30-NV;2023-03-01;10;64;85
THERMOSTIEFEL-KI-30-NV;2023-04-01;5;64;85
THERMOSTIEFEL-KI-30-NV;2023-05-01;3;64;85
THERMOSTIEFEL-KI-30-NV;2023-06-01;2;64;85
THERMOSTIEFEL-KI-30-NV;2023-07-01;2;64;85
THERMOSTIEFEL-KI-30-NV;2023-08-01;3;64;85
THERMOSTIEFEL-KI-30-NV;2023-09-01;8;64;85
THERMOSTIEFEL-KI-30-NV;2023-10-01;16;64;85
THERMOSTIEFEL-KI-30-NV;2023-11-01;27;64;85
THERMOSTIEFEL-KI-30-NV;2023-12-01;25;64;85
THERMOSTIEFEL-KI-30-NV;2024-01-01;28;64;85
THERMOSTIEFEL-KI-30-NV;2024-02-01;15;64;85
THERMOSTIEFEL-KI-30-NV;2024-03-01;7;64;85
THERMOSTIEFEL-KI-30-NV;2024-04-01;4;64;85
THERMOSTIEFEL-KI-30-NV;2024-05-01;3;64;85
THERMOSTIEFEL-KI-30-NV;2024-06-01;1;64;85
THERMOSTIEFEL-KI-30-NV;2024-07-01;2;64;85
THERMOSTIEFEL-KI-30-NV;2024-08-01;2;64;85
THERMOSTIEFEL-KI-30-NV;2024-09-01;8;64;85
THERMOSTIEFEL-KI-30-NV;2024-10-01;15;64;85
THERMOSTIEFEL-KI-30-NV;2024-11-01;25;64;85
THERMOSTIEFEL-KI-30-NV;2024-12-01;36;64;85
THERMOSTIEFEL-KI-32-SW;2023-01-01;46;241;85
THERMOSTIEFEL-KI-32-SW;2023-02-01;27;241;85
THERMOSTIEFEL-KI-32-SW;2023-03-01;11;241;85
THERMOSTIEFEL-KI-32-SW;2023-04-01;7;241;85
THERMOSTIEFEL-KI-32-SW;2023-05-01;4;241;85
THERMOSTIEFEL-KI-32-SW;2023-06-01;4;241;85
THERMOSTIEFEL-KI-32-SW;2023-07-01;3;241;85
THERMOSTIEFEL-KI-32-SW;2023-08-01;6;241;85
THERMOSTIEFEL-KI-32-SW;2023-09-01;20;241;85
THERMOSTIEFEL-KI-32-SW;2023-10-01;37;241;85
THERMOSTIEFEL-KI-32-SW;2023-11-01;47;241;85
THERMOSTIEFEL-KI-32-SW;2023-12-01;88;241;85
THERMOSTIEFEL-KI-32-SW;2024-01-01;53;241;85
THERMOSTIEFEL-KI-32-SW;2024-02-01;29;241;85
THERMOSTIEFEL-KI-32-SW;2024-03-01;9;241;85
THERMOSTIEFEL-KI-32-SW;2024-04-01;7;241;85
THERMOSTIEFEL-KI-32-SW;2024-05-01;5;241;85
THERMOSTIEFEL-KI-32-SW;2024-06-01;3;241;85
THERMOSTIEFEL-KI-32-SW;2024-07-01;4;241;85
THERMOSTIEFEL-KI-32-SW;2024-08-01;7;241;85
THERMOSTIEFEL-KI-32-SW;2024-09-01;16;241;85
THERMOSTIEFEL-KI-32-SW;2024-10-01;43;241;85
THERMOSTIEFEL-KI-32-SW;2024-11-01;55;241;85
THERMOSTIEFEL-KI-32-SW;2024-12-01;45;241;85
THERMOSTIEFEL-KI-34-BG;2023-01-01;21;7;85
THERMOSTIEFEL-KI-34-BG;2023-02-01;15;7;85
THERMOSTIEFEL-KI-34-BG;2023-03-01;4;7;85
THERMOSTIEFEL-KI-34-BG;2023-04-01;3;7;85
THERMOSTIEFEL-KI-34-BG;2023-05-01;2;7;85
THERMOSTIEFEL-KI-34-BG;2023-06-01;1;7;85
THERMOSTIEFEL-KI-34-BG;2023-07-01;1;7;85
THERMOSTIEFEL-KI-34-BG;2023-08-01;2;7;85
THERMOSTIEFEL-KI-34-BG;2023-09-01;7;7;85
THERMOSTIEFEL-KI-34-BG;2023-10-01;14;7;85
THERMOSTIEFEL-KI-34-BG;2023-11-01;21;7;85
THERMOSTIEFEL-KI-34-BG;2023-12-01;29;7;85
THERMOSTIEFEL-KI-34-BG;2024-01-01;19;7;85
THERMOSTIEFEL-KI-34-BG;2024-02-01;15;7;85
THERMOSTIEFEL-KI-34-BG;2024-03-01;5;7;85
THERMOSTIEFEL-KI-34-BG;2024-04-01;2;7;85
THERMOSTIEFEL-KI-34-BG;2024-05-01;1;7;85
THERMOSTIEFEL-KI-34-BG;2024-06-01;1;7;85
THERMOSTIEFEL-KI-34-BG;2024-07-01;1;7;85
THERMOSTIEFEL-KI-34-BG;2024-08-01;3;7;85
THERMOSTIEFEL-KI-34-BG;2024-09-01;9;7;85
THERMOSTIEFEL-KI-34-BG;2024-10-01;15;7;85
THERMOSTIEFEL-KI-34-BG;2024-11-01;22;7;85
THERMOSTIEFEL-KI-34-BG;2024-12-01;23;7;85
THERMOSTIEFEL-KI-34-GR;2023-01-01;20;33;85
THERMOSTIEFEL-KI-34-GR;2023-02-01;13;33;85
THERMOSTIEFEL-KI-34-GR;2023-03-01;6;33;85
THERMOSTIEFEL-KI-34-GR;2023-04-01;2;33;85
THERMOSTIEFEL-KI-34-GR;2023-05-01;2;33;85
THERMOSTIEFEL-KI-34-GR;2023-06-01;1;33;85
THERMOSTIEFEL-KI-34-GR;2023-07-01;1;33;85
THERMOSTIEFEL-KI-34-GR;2023-08-01;1;33;85
THERMOSTIEFEL-KI-34-GR;2023-09-01;7;33;85
THERMOSTIEFEL-KI-34-GR;2023-10-01;16;33;85
THERMOSTIEFEL-KI-34-GR;2023-11-01;26;33;85
THERMOSTIEFEL-KI-34-GR;2023-12-01;31;33;85
THERMOSTIEFEL-KI-34-GR;2024-01-01;19;33;85
THERMOSTIEFEL-KI-34-GR;2024-02-01;15;33;85
THERMOSTIEFEL-KI-34-GR;2024-03-01;8;33;85
THERMOSTIEFEL-KI-34-GR;2024-04-01;2;33;85
THERMOSTIEFEL-KI-34-GR;2024-05-01;2;33;85
THERMOSTIEFEL-KI-34-GR;2024-06-01;1;33;85
THERMOSTIEFEL-KI-34-GR;2024-07-01;1;33;85
THERMOSTIEFEL-KI-34-GR;2024-08-01;3;33;85
THERMOSTIEFEL-KI-34-GR;2024-09-01;8;33;85
THERMOSTIEFEL-KI-34-GR;2024-10-01;19;33;85
THERMOSTIEFEL-KI-34-GR;2024-11-01;32;33;85
THERMOSTIEFEL-KI-34-GR;2024-12-01;38;33;85
THERMOSTIEFEL-KI-35-BG;2023-01-01;11;31;85
THERMOSTIEFEL-KI-35-BG;2023-02-01;11;31;85
THERMOSTIEFEL-KI-35-BG;2023-03-01;4;31;85
THERMOSTIEFEL-KI-35-BG;2023-04-01;2;31;85
THERMOSTIEFEL-KI-35-BG;2023-05-01;1;31;85
THERMOSTIEFEL-KI-35-BG;2023-06-01;1;31;85
THERMOSTIEFEL-KI-35-BG;2023-07-01;1;31;85
THERMOSTIEFEL-KI-35-BG;2023-08-01;2;31;85
THERMOSTIEFEL-KI-35-BG;2023-09-01;4;31;85
THERMOSTIEFEL-KI-35-BG;2023-10-01;11;31;85
THERMOSTIEFEL-KI-35-BG;2023-11-01;15;31;85
THERMOSTIEFEL-KI-35-BG;2023-12-01;19;31;85
THERMOSTIEFEL-KI-35-BG;2024-01-01;15;31;85
THERMOSTIEFEL-KI-35-BG;2024-02-01;7;31;85
THERMOSTIEFEL-KI-35-BG;2024-03-01;3;31;85
THERMOSTIEFEL-KI-35-BG;2024-04-01;2;31;85
THERMOSTIEFEL-KI-35-BG;2024-05-01;1;31;85
THERMOSTIEFEL-KI-35-BG;2024-06-01;1;31;85
THERMOSTIEFEL-KI-35-BG;2024-07-01;1;31;85
THERMOSTIEFEL-KI-35-BG;2024-08-01;1;31;85
THERMOSTIEFEL-KI-35-BG;2024-09-01;5;31;85
THERMOSTIEFEL-KI-35-BG;2024-10-01;9;31;85
THERMOSTIEFEL-KI-35-BG;2024-11-01;16;31;85
THERMOSTIEFEL-KI-35-BG;2024-12-01;17;31;85
THERMOSTIEFEL-KI-35-BR;2023-01-01;25;15;85
THERMOSTIEFEL-KI-35-BR;2023-02-01;12;15;85
THERMOSTIEFEL-KI-35-BR;2023-03-01;7;15;85
THERMOSTIEFEL-KI-35-BR;2023-04-01;5;15;85
THERMOSTIEFEL-KI-35-BR;2023-05-01;2;15;85
THERMOSTIEFEL-KI-35-BR;2023-06-01;1;15;85
THERMOSTIEFEL-KI-35-BR;2023-07-01;1;15;85
THERMOSTIEFEL-KI-35-BR;2023-08-01;3;15;85
THERMOSTIEFEL-KI-35-BR;2023-09-01;10;15;85
THERMOSTIEFEL-KI-35-BR;2023-10-01;14;15;85
THERMOSTIEFEL-KI-35-BR;2023-11-01;32;15;85
THERMOSTIEFEL-KI-35-BR;2023-12-01;43;15;85
THERMOSTIEFEL-KI-35-BR;2024-01-01;17;15;85
THERMOSTIEFEL-KI-35-BR;2024-02-01;17;15;85
THERMOSTIEFEL-KI-35-BR;2024-03-01;6;15;85
THERMOSTIEFEL-KI-35-BR;2024-04-01;3;15;85
THERMOSTIEFEL-KI-35-BR;2024-05-01;2;15;85
THERMOSTIEFEL-KI-35-BR;2024-06-01;1;15;85
THERMOSTIEFEL-KI-35-BR;2024-07-01;1;15;85
THERMOSTIEFEL-KI-35-BR;2024-08-01;3;15;85
THERMOSTIEFEL-KI-35-BR;2024-09-01;8;15;85
THERMOSTIEFEL-KI-35-BR;2024-10-01;16;15;85
THERMOSTIEFEL-KI-35-BR;2024-11-01;36;15;85
THERMOSTIEFEL-KI-35-BR;2024-12-01;38;15;85
THERMOSTIEFEL-KI-35-NV;2023-01-01;18;43;85
THERMOSTIEFEL-KI-35-NV;2023-02-01;13;43;85
THERMOSTIEFEL-KI-35-NV;2023-03-01;5;43;85
THERMOSTIEFEL-KI-35-NV;2023-04-01;3;43;85
THERMOSTIEFEL-KI-35-NV;2023-05-01;2;43;85
THERMOSTIEFEL-KI-35-NV;2023-06-01;1;43;85
THERMOSTIEFEL-KI-35-NV;2023-07-01;1;43;85
THERMOSTIEFEL-KI-35-NV;2023-08-01;2;43;85
THERMOSTIEFEL-KI-35-NV;2023-09-01;6;43;85
THERMOSTIEFEL-KI-35-NV;2023-10-01;18;43;85
THERMOSTIEFEL-KI-35-NV;2023-11-01;30;43;85
THERMOSTIEFEL-KI-35-NV;2023-12-01;27;43;85
THERMOSTIEFEL-KI-35-NV;2024-01-01;18;43;85
THERMOSTIEFEL-KI-35-NV;2024-02-01;11;43;85
THERMOSTIEFEL-KI-35-NV;2024-03-01;6;43;85
THERMOSTIEFEL-KI-35-NV;2024-04-01;3;43;85
THERMOSTIEFEL-KI-35-NV;2024-05-01;2;43;85
THERMOSTIEFEL-KI-35-NV;2024-06-01;1;43;85
THERMOSTIEFEL-KI-35-NV;2024-07-01;1;43;85
THERMOSTIEFEL-KI-35-NV;2024-08-01;2;43;85
THERMOSTIEFEL-KI-35-NV;2024-09-01;6;43;85
THERMOSTIEFEL-KI-35-NV;2024-10-01;18;43;85
THERMOSTIEFEL-KI-35-NV;2024-11-01;20;43;85
THERMOSTIEFEL-KI-35-NV;2024-12-01;36;43;85
THERMOSTIEFEL-KI-35-RT;2023-01-01;10;7;85
THERMOSTIEFEL-KI-35-RT;2023-02-01;7;7;85
THERMOSTIEFEL-KI-35-RT;2023-03-01;3;7;85
THERMOSTIEFEL-KI-35-RT;2023-04-01;1;7;85
THERMOSTIEFEL-KI-35-RT;2023-05-01;1;7;85
THERMOSTIEFEL-KI-35-RT;2023-06-01;1;7;85
THERMOSTIEFEL-KI-35-RT;2023-07-01;1;7;85
THERMOSTIEFEL-KI-35-RT;2023-08-01;1;7;85
THERMOSTIEFEL-KI-35-RT;2023-09-01;3;7;85
THERMOSTIEFEL-KI-35-RT;2023-10-01;8;7;85
THERMOSTIEFEL-KI-35-RT;2023-11-01;16;7;85
THERMOSTIEFEL-KI-35-RT;2023-12-01;13;7;85
THERMOSTIEFEL-KI-35-RT;2024-01-01;9;7;85
THERMOSTIEFEL-KI-35-RT;2024-02-01;7;7;85
THERMOSTIEFEL-KI-35-RT;2024-03-01;3;7;85
THERMOSTIEFEL-KI-35-RT;2024-04-01;1;7;85
THERMOSTIEFEL-KI-35-RT;2024-05-01;1;7;85
THERMOSTIEFEL-KI-35-RT;2024-06-01;1;7;85
THERMOSTIEFEL-KI-35-RT;2024-07-01;1;7;85
THERMOSTIEFEL-KI-35-RT;2024-08-01;1;7;85
THERMOSTIEFEL-KI-35-RT;2024-09-01;4;7;85
THERMOSTIEFEL-KI-35-RT;2024-10-01;9;7;85
THERMOSTIEFEL-KI-35-RT;2024-11-01;13;7;85
THERMOSTIEFEL-KI-35-RT;2024-12-01;11;7;85
TRAILRUNNER-HE-40-BR;2023-01-01;11;30;50
TRAILRUNNER-HE-40-BR;2023-02-01;9;30;50
TRAILRUNNER-HE-40-BR;2023-03-01;12;30;50
TRAILRUNNER-HE-40-BR;2023-04-01;12;30;50
TRAILRUNNER-HE-40-BR;2023-05-01;12;30;50
TRAILRUNNER-HE-40-BR;2023-06-01;11;30;50
TRAILRUNNER-HE-40-BR;2023-07-01;8;30;50
TRAILRUNNER-HE-40-BR;2023-08-01;14;30;50
TRAILRUNNER-HE-40-BR;2023-09-01;10;30;50
TRAILRUNNER-HE-40-BR;2023-10-01;10;30;50
TRAILRUNNER-HE-40-BR;2023-11-01;13;30;50
TRAILRUNNER-HE-40-BR;2023-12-01;20;30;50
TRAILRUNNER-HE-40-BR;2024-01-01;9;30;50
TRAILRUNNER-HE-40-BR;2024-02-01;8;30;50
TRAILRUNNER-HE-40-BR;2024-03-01;8;30;50
TRAILRUNNER-HE-40-BR;2024-04-01;10;30;50
TRAILRUNNER-HE-40-BR;2024-05-01;12;30;50
TRAILRUNNER-HE-40-BR;2024-06-01;10;30;50
TRAILRUNNER-HE-40-BR;2024-07-01;10;30;50
TRAILRUNNER-HE-40-BR;2024-08-01;11;30;50
TRAILRUNNER-HE-40-BR;2024-09-01;10;30;50
TRAILRUNNER-HE-40-BR;2024-10-01;10;30;50
TRAILRUNNER-HE-40-BR;2024-11-01;11;30;50
TRAILRUNNER-HE-40-BR;2024-12-01;11;30;50
TRAILRUNNER-HE-40-GR;2023-01-01;9;89;50
TRAILRUNNER-HE-40-GR;2023-02-01;8;89;50
TRAILRUNNER-HE-40-GR;2023-03-01;9;89;50
TRAILRUNNER-HE-40-GR;2023-04-01;12;89;50
TRAILRUNNER-HE-40-GR;2023-05-01;7;89;50
TRAILRUNNER-HE-40-GR;2023-06-01;7;89;50
TRAILRUNNER-HE-40-GR;2023-07-01;8;89;50
TRAILRUNNER-HE-40-GR;2023-08-01;10;89;50
TRAILRUNNER-HE-40-GR;2023-09-01;11;89;50
TRAILRUNNER-HE-40-GR;2023-10-01;7;89;50
TRAILRUNNER-HE-40-GR;2023-11-01;9;89;50
TRAILRUNNER-HE-40-GR;2023-12-01;7;89;50
TRAILRUNNER-HE-40-GR;2024-01-01;7;89;50
TRAILRUNNER-HE-40-GR;2024-02-01;9;89;50
TRAILRUNNER-HE-40-GR;2024-03-01;8;89;50
TRAILRUNNER-HE-40-GR;2024-04-01;11;89;50
TRAILRUNNER-HE-40-GR;2024-05-01;8;89;50
TRAILRUNNER-HE-40-GR;2024-06-01;9;89;50
TRAILRUNNER-HE-40-GR;2024-07-01;9;89;50
TRAILRUNNER-HE-40-GR;2024-08-01;9;89;50
TRAILRUNNER-HE-40-GR;2024-09-01;8;89;50
TRAILRUNNER-HE-40-GR;2024-10-01;12;89;50
TRAILRUNNER-HE-40-GR;2024-11-01;8;89;50
TRAILRUNNER-HE-40-GR;2024-12-01;9;89;50
TRAILRUNNER-HE-40-SW;2023-01-01;17;94;50
TRAILRUNNER-HE-40-SW;2023-02-01;14;94;50
TRAILRUNNER-HE-40-SW;2023-03-01;14;94;50
TRAILRUNNER-HE-40-SW;2023-04-01;11;94;50
TRAILRUNNER-HE-40-SW;2023-05-01;14;94;50
TRAILRUNNER-HE-40-SW;2023-06-01;20;94;50
TRAILRUNNER-HE-40-SW;2023-07-01;15;94;50
TRAILRUNNER-HE-40-SW;2023-08-01;17;94;50
TRAILRUNNER-HE-40-SW;2023-09-01;19;94;50
TRAILRUNNER-HE-40-SW;2023-10-01;15;94;50
TRAILRUNNER-HE-40-SW;2023-11-01;10;94;50
TRAILRUNNER-HE-40-SW;2023-12-01;11;94;50
TRAILRUNNER-HE-40-SW;2024-01-01;16;94;50
TRAILRUNNER-HE-40-SW;2024-02-01;11;94;50
TRAILRUNNER-HE-40-SW;2024-03-01;15;94;50
TRAILRUNNER-HE-40-SW;2024-04-01;16;94;50
TRAILRUNNER-HE-40-SW;2024-05-01;15;94;50
TRAILRUNNER-HE-40-SW;2024-06-01;16;94;50
TRAILRUNNER-HE-40-SW;2024-07-01;14;94;50
TRAILRUNNER-HE-40-SW;2024-08-01;10;94;50
TRAILRUNNER-HE-40-SW;2024-09-01;13;94;50
TRAILRUNNER-HE-40-SW;2024-10-01;20;94;50
TRAILRUNNER-HE-40-SW;2024-11-01;19;94;50
TRAILRUNNER-HE-40-SW;2024-12-01;19;94;50
TRAILRUNNER-HE-41-RT;2023-01-01;7;15;50
TRAILRUNNER-HE-41-RT;2023-02-01;8;15;50
TRAILRUNNER-HE-41-RT;2023-03-01;8;15;50
TRAILRUNNER-HE-41-RT;2023-04-01;7;15;50
TRAILRUNNER-HE-41-RT;2023-05-01;7;15;50
TRAILRUNNER-HE-41-RT;2023-06-01;8;15;50
TRAILRUNNER-HE-41-RT;2023-07-01;7;15;50
TRAILRUNNER-HE-41-RT;2023-08-01;9;15;50
TRAILRUNNER-HE-41-RT;2023-09-01;7;15;50
TRAILRUNNER-HE-41-RT;2023-10-01;11;15;50
TRAILRUNNER-HE-41-RT;2023-11-01;7;15;50
TRAILRUNNER-HE-41-RT;2023-12-01;8;15;50
TRAILRUNNER-HE-41-RT;2024-01-01;6;15;50
TRAILRUNNER-HE-41-RT;2024-02-01;8;15;50
TRAILRUNNER-HE-41-RT;2024-03-01;7;15;50
TRAILRUNNER-HE-41-RT;2024-04-01;8;15;50
TRAILRUNNER-HE-41-RT;2024-05-01;7;15;50
TRAILRUNNER-HE-41-RT;2024-06-01;7;15;50
TRAILRUNNER-HE-41-RT;2024-07-01;6;15;50
TRAILRUNNER-HE-41-RT;2024-08-01;7;15;50
TRAILRUNNER-HE-41-RT;2024-09-01;10;15;50
TRAILRUNNER-HE-41-RT;2024-10-01;8;15;50
TRAILRUNNER-HE-41-RT;2024-11-01;7;15;50
TRAILRUNNER-HE-41-RT;2024-12-01;13;15;50
TRAILRUNNER-HE-41-SW;2023-01-01;24;44;50
TRAILRUNNER-HE-41-SW;2023-02-01;20;44;50
TRAILRUNNER-HE-41-SW;2023-03-01;31;44;50
TRAILRUNNER-HE-41-SW;2023-04-01;26;44;50
TRAILRUNNER-HE-41-SW;2023-05-01;38;44;50
TRAILRUNNER-HE-41-SW;2023-06-01;19;44;50
TRAILRUNNER-HE-41-SW;2023-07-01;24;44;50
TRAILRUNNER-HE-41-SW;2023-08-01;28;44;50
TRAILRUNNER-HE-41-SW;2023-09-01;31;44;50
TRAILRUNNER-HE-41-SW;2023-10-01;32;44;50
TRAILRUNNER-HE-41-SW;2023-11-01;25;44;50
TRAILRUNNER-HE-41-SW;2023-12-01;37;44;50
TRAILRUNNER-HE-41-SW;2024-01-01;24;44;50
TRAILRUNNER-HE-41-SW;2024-02-01;27;44;50
TRAILRUNNER-HE-41-SW;2024-03-01;34;44;50
TRAILRUNNER-HE-41-SW;2024-04-01;26;44;50
TRAILRUNNER-HE-41-SW;2024-05-01;37;44;50
TRAILRUNNER-HE-41-SW;2024-06-01;22;44;50
TRAILRUNNER-HE-41-SW;2024-07-01;25;44;50
TRAILRUNNER-HE-41-SW;2024-08-01;34;44;50
TRAILRUNNER-HE-41-SW;2024-09-01;23;44;50
TRAILRUNNER-HE-41-SW;2024-10-01;28;44;50
TRAILRUNNER-HE-41-SW;2024-11-01;24;44;50
TRAILRUNNER-HE-41-SW;2024-12-01;31;44;50
TRAILRUNNER-HE-42-BG;2023-01-01;15;73;50
TRAILRUNNER-HE-42-BG;2023-02-01;20;73;50
TRAILRUNNER-HE-42-BG;2023-03-01;18;73;50
TRAILRUNNER-HE-42-BG;2023-04-01;16;73;50
TRAILRUNNER-HE-42-BG;2023-05-01;18;73;50
TRAILRUNNER-HE-42-BG;2023-06-01;20;73;50
TRAILRUNNER-HE-42-BG;2023-07-01;19;73;50
TRAILRUNNER-HE-42-BG;2023-08-01;22;73;50
TRAILRUNNER-HE-42-BG;2023-09-01;26;73;50
TRAILRUNNER-HE-42-BG;2023-10-01;20;73;50
TRAILRUNNER-HE-42-BG;2023-11-01;16;73;50
TRAILRUNNER-HE-42-BG;2023-12-01;22;73;50
TRAILRUNNER-HE-42-BG;2024-01-01;17;73;50
TRAILRUNNER-HE-42-BG;2024-02-01;16;73;50
TRAILRUNNER-HE-42-BG;2024-03-01;21;73;50
TRAILRUNNER-HE-42-BG;2024-04-01;18;73;50
TRAILRUNNER-HE-42-BG;2024-05-01;19;73;50
TRAILRUNNER-HE-42-BG;2024-06-01;19;73;50
TRAILRUNNER-HE-42-BG;2024-07-01;16;73;50
TRAILRUNNER-HE-42-BG;2024-08-01;22;73;50
TRAILRUNNER-HE-42-BG;2024-09-01;23;73;50
TRAILRUNNER-HE-42-BG;2024-10-01;19;73;50
TRAILRUNNER-HE-42-BG;2024-11-01;14;73;50
TRAILRUNNER-HE-42-BG;2024-12-01;31;73;50
TRAILRUNNER-HE-42-BR;2023-01-01;22;59;50
TRAILRUNNER-HE-42-BR;2023-02-01;23;59;50
TRAILRUNNER-HE-42-BR;2023-03-01;38;59;50
TRAILRUNNER-HE-42-BR;2023-04-01;29;59;50
TRAILRUNNER-HE-42-BR;2023-05-01;24;59;50
TRAILRUNNER-HE-42-BR;2023-06-01;31;59;50
TRAILRUNNER-HE-42-BR;2023-07-01;24;59;50
TRAILRUNNER-HE-42-BR;2023-08-01;31;59;50
TRAILRUNNER-HE-42-BR;2023-09-01;35;59;50
TRAILRUNNER-HE-42-BR;2023-10-01;31;59;50
TRAILRUNNER-HE-42-BR;2023-11-01;33;59;50
TRAILRUNNER-HE-42-BR;2023-12-01;32;59;50
TRAILRUNNER-HE-42-BR;2024-01-01;26;59;50
TRAILRUNNER-HE-42-BR;2024-02-01;28;59;50
TRAILRUNNER-HE-42-BR;2024-03-01;33;59;50
TRAILRUNNER-HE-42-BR;2024-04-01;24;59;50
TRAILRUNNER-HE-42-BR;2024-05-01;30;59;50
TRAILRUNNER-HE-42-BR;2024-06-01;23;59;50
TRAILRUNNER-HE-42-BR;2024-07-01;22;59;50
TRAILRUNNER-HE-42-BR;2024-08-01;27;59;50
TRAILRUNNER-HE-42-BR;2024-09-01;32;59;50
TRAILRUNNER-HE-42-BR;2024-10-01;32;59;50
TRAILRUNNER-HE-42-BR;2024-11-01;27;59;50
TRAILRUNNER-HE-42-BR;2024-12-01;34;59;50
TRAILRUNNER-HE-42-GR;2023-01-01;18;12;50
TRAILRUNNER-HE-42-GR;2023-02-01;22;12;50
TRAILRUNNER-HE-42-GR;2023-03-01;19;12;50
TRAILRUNNER-HE-42-GR;2023-04-01;16;12;50
TRAILRUNNER-HE-42-GR;2023-05-01;20;12;50
TRAILRUNNER-HE-42-GR;2023-06-01;19;12;50
TRAILRUNNER-HE-42-GR;2023-07-01;21;12;50
TRAILRUNNER-HE-42-GR;2023-08-01;20;12;50
TRAILRUNNER-HE-42-GR;2023-09-01;27;12;50
TRAILRUNNER-HE-42-GR;2023-10-01;14;12;50
TRAILRUNNER-HE-42-GR;2023-11-01;15;12;50
TRAILRUNNER-HE-42-GR;2023-12-01;24;12;50
TRAILRUNNER-HE-42-GR;2024-01-01;22;12;50
TRAILRUNNER-HE-42-GR;2024-02-01;21;12;50
TRAILRUNNER-HE-42-GR;2024-03-01;18;12;50
TRAILRUNNER-HE-42-GR;2024-04-01;18;12;50
TRAILRUNNER-HE-42-GR;2024-05-01;20;12;50
TRAILRUNNER-HE-42-GR;2024-06-01;11;12;50
TRAILRUNNER-HE-42-GR;2024-07-01;17;12;50
TRAILRUNNER-HE-42-GR;2024-08-01;20;12;50
TRAILRUNNER-HE-42-GR;2024-09-01;18;12;50
TRAILRUNNER-HE-42-GR;2024-10-01;16;12;50
TRAILRUNNER-HE-42-GR;2024-11-01;22;12;50
TRAILRUNNER-HE-42-GR;2024-12-01;15;12;50
TRAILRUNNER-HE-43-BG;2023-01-01;18;33;50
TRAILRUNNER-HE-43-BG;2023-02-01;16;33;50
TRAILRUNNER-HE-43-BG;2023-03-01;20;33;50
TRAILRUNNER-HE-43-BG;2023-04-01;21;33;50
TRAILRUNNER-HE-43-BG;2023-05-01;16;33;50
TRAILRUNNER-HE-43-BG;2023-06-01;17;33;50
TRAILRUNNER-HE-43-BG;2023-07-01;21;33;50
TRAILRUNNER-HE-43-BG;2023-08-01;18;33;50
TRAILRUNNER-HE-43-BG;2023-09-01;21;33;50
TRAILRUNNER-HE-43-BG;2023-10-01;21;33;50
TRAILRUNNER-HE-43-BG;2023-11-01;23;33;50
TRAILRUNNER-HE-43-BG;2023-12-01;28;33;50
TRAILRUNNER-HE-43-BG;2024-01-01;26;33;50
TRAILRUNNER-HE-43-BG;2024-02-01;15;33;50
TRAILRUNNER-HE-43-BG;2024-03-01;25;33;50
TRAILRUNNER-HE-43-BG;2024-04-01;16;33;50
TRAILRUNNER-HE-43-BG;2024-05-01;26;33;50
TRAILRUNNER-HE-43-BG;2024-06-01;17;33;50
TRAILRUNNER-HE-43-BG;2024-07-01;17;33;50
TRAILRUNNER-HE-43-BG;2024-08-01;17;33;50
TRAILRUNNER-HE-43-BG;2024-09-01;23;33;50
TRAILRUNNER-HE-43-BG;2024-10-01;27;33;50
TRAILRUNNER-HE-43-BG;2024-11-01;24;33;50
TRAILRUNNER-HE-43-BG;2024-12-01;29;33;50
TRAILRUNNER-HE-43-RT;2023-01-01;16;11;50
TRAILRUNNER-HE-43-RT;2023-02-01;15;11;50
TRAILRUNNER-HE-43-RT;2023-03-01;15;11;50
TRAILRUNNER-HE-43-RT;2023-04-01;20;11;50
TRAILRUNNER-HE-43-RT;2023-05-01;21;11;50
TRAILRUNNER-HE-43-RT;2023-06-01;16;11;50
TRAILRUNNER-HE-43-RT;2023-07-01;15;11;50
TRAILRUNNER-HE-43-RT;2023-08-01;15;11;50
TRAILRUNNER-HE-43-RT;2023-09-01;18;11;50
TRAILRUNNER-HE-43-RT;2023-10-01;16;11;50
TRAILRUNNER-HE-43-RT;2023-11-01;15;11;50
TRAILRUNNER-HE-43-RT;2023-12-01;18;11;50
TRAILRUNNER-HE-43-RT;2024-01-01;16;11;50
TRAILRUNNER-HE-43-RT;2024-02-01;13;11;50
TRAILRUNNER-HE-43-RT;2024-03-01;16;11;50
TRAILRUNNER-HE-43-RT;2024-04-01;13;11;50
TRAILRUNNER-HE-43-RT;2024-05-01;12;11;50
TRAILRUNNER-HE-43-RT;2024-06-01;13;11;50
TRAILRUNNER-HE-43-RT;2024-07-01;13;11;50
TRAILRUNNER-HE-43-RT;2024-08-01;19;11;50
TRAILRUNNER-HE-43-RT;2024-09-01;25;11;50
TRAILRUNNER-HE-43-RT;2024-10-01;12;11;50
TRAILRUNNER-HE-43-RT;2024-11-01;17;11;50
TRAILRUNNER-HE-43-RT;2024-12-01;21;11;50
TRAILRUNNER-HE-43-SW;2023-01-01;43;69;50
TRAILRUNNER-HE-43-SW;2023-02-01;29;69;50
TRAILRUNNER-HE-43-SW;2023-03-01;51;69;50
TRAILRUNNER-HE-43-SW;2023-04-01;38;69;50
TRAILRUNNER-HE-43-SW;2023-05-01;59;69;50
TRAILRUNNER-HE-43-SW;2023-06-01;47;69;50
TRAILRUNNER-HE-43-SW;2023-07-01;47;69;50
TRAILRUNNER-HE-43-SW;2023-08-01;40;69;50
TRAILRUNNER-HE-43-SW;2023-09-01;56;69;50
TRAILRUNNER-HE-43-SW;2023-10-01;57;69;50
TRAILRUNNER-HE-43-SW;2023-11-01;58;69;50
TRAILRUNNER-HE-43-SW;2023-12-01;43;69;50
TRAILRUNNER-HE-43-SW;2024-01-01;47;69;50
TRAILRUNNER-HE-43-SW;2024-02-01;57;69;50
TRAILRUNNER-HE-43-SW;2024-03-01;47;69;50
TRAILRUNNER-HE-43-SW;2024-04-01;43;69;50
TRAILRUNNER-HE-43-SW;2024-05-01;55;69;50
TRAILRUNNER-HE-43-SW;2024-06-01;52;69;50
TRAILRUNNER-HE-43-SW;2024-07-01;48;69;50
TRAILRUNNER-HE-43-SW;2024-08-01;54;69;50
TRAILRUNNER-HE-43-SW;2024-09-01;49;69;50
TRAILRUNNER-HE-43-SW;2024-10-01;33;69;50
TRAILRUNNER-HE-43-SW;2024-11-01;47;69;50
TRAILRUNNER-HE-43-SW;2024-12-01;77;69;50
TRAILRUNNER-HE-43-WS;2023-01-01;45;16;50
TRAILRUNNER-HE-43-WS;2023-02-01;43;16;50
TRAILRUNNER-HE-43-WS;2023-03-01;41;16;50
TRAILRUNNER-HE-43-WS;2023-04-01;35;16;50
TRAILRUNNER-HE-43-WS;2023-05-01;49;16;50
TRAILRUNNER-HE-43-WS;2023-06-01;32;16;50
TRAILRUNNER-HE-43-WS;2023-07-01;30;16;50
TRAILRUNNER-HE-43-WS;2023-08-01;43;16;50
TRAILRUNNER-HE-43-WS;2023-09-01;33;16;50
TRAILRUNNER-HE-43-WS;2023-10-01;56;16;50
TRAILRUNNER-HE-43-WS;2023-11-01;43;16;50
TRAILRUNNER-HE-43-WS;2023-12-01;50;16;50
TRAILRUNNER-HE-43-WS;2024-01-01;35;16;50
TRAILRUNNER-HE-43-WS;2024-02-01;38;16;50
TRAILRUNNER-HE-43-WS;2024-03-01;45;16;50
TRAILRUNNER-HE-43-WS;2024-04-01;57;16;50
TRAILRUNNER-HE-43-WS;2024-05-01;48;16;50
TRAILRUNNER-HE-43-WS;2024-06-01;43;16;50
TRAILRUNNER-HE-43-WS;2024-07-01;45;16;50
TRAILRUNNER-HE-43-WS;2024-08-01;35;16;50
TRAILRUNNER-HE-43-WS;2024-09-01;48;16;50
TRAILRUNNER-HE-43-WS;2024-10-01;39;16;50
TRAILRUNNER-HE-43-WS;2024-11-01;44;16;50
TRAILRUNNER-HE-43-WS;2024-12-01;41;16;50
TRAILRUNNER-HE-44-BG;2023-01-01;14;64;50
TRAILRUNNER-HE-44-BG;2023-02-01;16;64;50
TRAILRUNNER-HE-44-BG;2023-03-01;25;64;50
TRAILRUNNER-HE-44-BG;2023-04-01;23;64;50
TRAILRUNNER-HE-44-BG;2023-05-01;22;64;50
TRAILRUNNER-HE-44-BG;2023-06-01;21;64;50
TRAILRUNNER-HE-44-BG;2023-07-01;18;64;50
TRAILRUNNER-HE-44-BG;2023-08-01;16;64;50
TRAILRUNNER-HE-44-BG;2023-09-01;22;64;50
TRAILRUNNER-HE-44-BG;2023-10-01;22;64;50
TRAILRUNNER-HE-44-BG;2023-11-01;19;64;50
TRAILRUNNER-HE-44-BG;2023-12-01;26;64;50
TRAILRUNNER-HE-44-BG;2024-01-01;15;64;50
TRAILRUNNER-HE-44-BG;2024-02-01;17;64;50
TRAILRUNNER-HE-44-BG;2024-03-01;29;64;50
TRAILRUNNER-HE-44-BG;2024-04-01;24;64;50
TRAILRUNNER-HE-44-BG;2024-05-01;21;64;50
TRAILRUNNER-HE-44-BG;2024-06-01;19;64;50
TRAILRUNNER-HE-44-BG;2024-07-01;24;64;50
TRAILRUNNER-HE-44-BG;2024-08-01;18;64;50
TRAILRUNNER-HE-44-BG;2024-09-01;30;64;50
TRAILRUNNER-HE-44-BG;2024-10-01;20;64;50
TRAILRUNNER-HE-44-BG;2024-11-01;24;64;50
TRAILRUNNER-HE-44-BG;2024-12-01;34;64;50
TRAILRUNNER-HE-44-WS;2023-01-01;28;30;50
TRAILRUNNER-HE-44-WS;2023-02-01;34;30;50
TRAILRUNNER-HE-44-WS;2023-03-01;52;30;50
TRAILRUNNER-HE-44-WS;2023-04-01;31;30;50
TRAILRUNNER-HE-44-WS;2023-05-01;42;30;50
TRAILRUNNER-HE-44-WS;2023-06-01;42;30;50
TRAILRUNNER-HE-44-WS;2023-07-01;39;30;50
TRAILRUNNER-HE-44-WS;2023-08-01;27;30;50
TRAILRUNNER-HE-44-WS;2023-09-01;48;30;50
TRAILRUNNER-HE-44-WS;2023-10-01;42;30;50
TRAILRUNNER-HE-44-WS;2023-11-01;43;30;50
TRAILRUNNER-HE-44-WS;2023-12-01;31;30;50
TRAILRUNNER-HE-44-WS;2024-01-01;39;30;50
TRAILRUNNER-HE-44-WS;2024-02-01;40;30;50
TRAILRUNNER-HE-44-WS;2024-03-01;35;30;50
TRAILRUNNER-HE-44-WS;2024-04-01;37;30;50
TRAILRUNNER-HE-44-WS;2024-05-01;40;30;50
TRAILRUNNER-HE-44-WS;2024-06-01;33;30;50
TRAILRUNNER-HE-44-WS;2024-07-01;50;30;50
TRAILRUNNER-HE-44-WS;2024-08-01;51;30;50
TRAILRUNNER-HE-44-WS;2024-09-01;38;30;50
TRAILRUNNER-HE-44-WS;2024-10-01;46;30;50
TRAILRUNNER-HE-44-WS;2024-11-01;52;30;50
TRAILRUNNER-HE-44-WS;2024-12-01;64;30;50
TRAILRUNNER-HE-45-GR;2023-01-01;12;81;50
TRAILRUNNER-HE-45-GR;2023-02-01;10;81;50
TRAILRUNNER-HE-45-GR;2023-03-01;17;81;50
TRAILRUNNER-HE-45-GR;2023-04-01;20;81;50
TRAILRUNNER-HE-45-GR;2023-05-01;15;81;50
TRAILRUNNER-HE-45-GR;2023-06-01;11;81;50
TRAILRUNNER-HE-45-GR;2023-07-01;16;81;50
TRAILRUNNER-HE-45-GR;2023-08-01;18;81;50
TRAILRUNNER-HE-45-GR;2023-09-01;16;81;50
TRAILRUNNER-HE-45-GR;2023-10-01;12;81;50
TRAILRUNNER-HE-45-GR;2023-11-01;18;81;50
TRAILRUNNER-HE-45-GR;2023-12-01;20;81;50
TRAILRUNNER-HE-45-GR;2024-01-01;13;81;50
TRAILRUNNER-HE-45-GR;2024-02-01;16;81;50
TRAILRUNNER-HE-45-GR;2024-03-01;15;81;50
TRAILRUNNER-HE-45-GR;2024-04-01;14;81;50
TRAILRUNNER-HE-45-GR;2024-05-01;11;81;50
TRAILRUNNER-HE-45-GR;2024-06-01;18;81;50
TRAILRUNNER-HE-45-GR;2024-07-01;15;81;50
TRAILRUNNER-HE-45-GR;2024-08-01;12;81;50
TRAILRUNNER-HE-45-GR;2024-09-01;13;81;50
TRAILRUNNER-HE-45-GR;2024-10-01;18;81;50
TRAILRUNNER-HE-45-GR;2024-11-01;11;81;50
TRAILRUNNER-HE-45-GR;2024-12-01;23;81;50
TRAILRUNNER-HE-46-BG;2023-01-01;8;7;50
TRAILRUNNER-HE-46-BG;2023-02-01;7;7;50
TRAILRUNNER-HE-46-BG;2023-03-01;8;7;50
TRAILRUNNER-HE-46-BG;2023-04-01;8;7;50
TRAILRUNNER-HE-46-BG;2023-05-01;7;7;50
TRAILRUNNER-HE-46-BG;2023-06-01;8;7;50
TRAILRUNNER-HE-46-BG;2023-07-01;7;7;50
TRAILRUNNER-HE-46-BG;2023-08-01;8;7;50
TRAILRUNNER-HE-46-BG;2023-09-01;7;7;50
TRAILRUNNER-HE-46-BG;2023-10-01;6;7;50
TRAILRUNNER-HE-46-BG;2023-11-01;7;7;50
TRAILRUNNER-HE-46-BG;2023-12-01;13;7;50
TRAILRUNNER-HE-46-BG;2024-01-01;6;7;50
TRAILRUNNER-HE-46-BG;2024-02-01;8;7;50
TRAILRUNNER-HE-46-BG;2024-03-01;6;7;50
TRAILRUNNER-HE-46-BG;2024-04-01;12;7;50
TRAILRUNNER-HE-46-BG;2024-05-01;9;7;50
TRAILRUNNER-HE-46-BG;2024-06-01;10;7;50
TRAILRUNNER-HE-46-BG;2024-07-01;8;7;50
TRAILRUNNER-HE-46-BG;2024-08-01;9;7;50
TRAILRUNNER-HE-46-BG;2024-09-01;10;7;50
TRAILRUNNER-HE-46-BG;2024-10-01;10;7;50
TRAILRUNNER-HE-46-BG;2024-11-01;10;7;50
TRAILRUNNER-HE-46-BG;2024-12-01;5;7;50
TRAILRUNNER-HE-46-NV;2023-01-01;9;39;50
TRAILRUNNER-HE-46-NV;2023-02-01;9;39;50
TRAILRUNNER-HE-46-NV;2023-03-01;11;39;50
TRAILRUNNER-HE-46-NV;2023-04-01;11;39;50
TRAILRUNNER-HE-46-NV;2023-05-01;7;39;50
TRAILRUNNER-HE-46-NV;2023-06-01;10;39;50
TRAILRUNNER-HE-46-NV;2023-07-01;9;39;50
TRAILRUNNER-HE-46-NV;2023-08-01;10;39;50
TRAILRUNNER-HE-46-NV;2023-09-01;12;39;50
TRAILRUNNER-HE-46-NV;2023-10-01;9;39;50
TRAILRUNNER-HE-46-NV;2023-11-01;7;39;50
TRAILRUNNER-HE-46-NV;2023-12-01;9;39;50
TRAILRUNNER-HE-46-NV;2024-01-01;12;39;50
TRAILRUNNER-HE-46-NV;2024-02-01;5;39;50
TRAILRUNNER-HE-46-NV;2024-03-01;12;39;50
TRAILRUNNER-HE-46-NV;2024-04-01;9;39;50
TRAILRUNNER-HE-46-NV;2024-05-01;10;39;50
TRAILRUNNER-HE-46-NV;2024-06-01;7;39;50
TRAILRUNNER-HE-46-NV;2024-07-01;9;39;50
TRAILRUNNER-HE-46-NV;2024-08-01;8;39;50
TRAILRUNNER-HE-46-NV;2024-09-01;8;39;50
TRAILRUNNER-HE-46-NV;2024-10-01;10;39;50
TRAILRUNNER-HE-46-NV;2024-11-01;9;39;50
TRAILRUNNER-HE-46-NV;2024-12-01;15;39;50
TRAILRUNNER-HE-46-SW;2023-01-01;13;30;50
TRAILRUNNER-HE-46-SW;2023-02-01;12;30;50
TRAILRUNNER-HE-46-SW;2023-03-01;19;30;50
TRAILRUNNER-HE-46-SW;2023-04-01;13;30;50
TRAILRUNNER-HE-46-SW;2023-05-01;11;30;50
TRAILRUNNER-HE-46-SW;2023-06-01;15;30;50
TRAILRUNNER-HE-46-SW;2023-07-01;16;30;50
TRAILRUNNER-HE-46-SW;2023-08-01;15;30;50
TRAILRUNNER-HE-46-SW;2023-09-01;18;30;50
TRAILRUNNER-HE-46-SW;2023-10-01;12;30;50
TRAILRUNNER-HE-46-SW;2023-11-01;14;30;50
TRAILRUNNER-HE-46-SW;2023-12-01;19;30;50
TRAILRUNNER-HE-46-SW;2024-01-01;20;30;50
TRAILRUNNER-HE-46-SW;2024-02-01;15;30;50
TRAILRUNNER-HE-46-SW;2024-03-01;16;30;50
TRAILRUNNER-HE-46-SW;2024-04-01;19;30;50
TRAILRUNNER-HE-46-SW;2024-05-01;19;30;50
TRAILRUNNER-HE-46-SW;2024-06-01;18;30;50
TRAILRUNNER-HE-46-SW;2024-07-01;18;30;50
TRAILRUNNER-HE-46-SW;2024-08-01;23;30;50
TRAILRUNNER-HE-46-SW;2024-09-01;20;30;50
TRAILRUNNER-HE-46-SW;2024-10-01;20;30;50
TRAILRUNNER-HE-46-SW;2024-11-01;18;30;50
TRAILRUNNER-HE-46-SW;2024-12-01;19;30;50
TRAILRUNNER-HE-46-WS;2023-01-01;12;32;50
TRAILRUNNER-HE-46-WS;2023-02-01;9;32;50
TRAILRUNNER-HE-46-WS;2023-03-01;12;32;50
TRAILRUNNER-HE-46-WS;2023-04-01;12;32;50
TRAILRUNNER-HE-46-WS;2023-05-01;13;32;50
TRAILRUNNER-HE-46-WS;2023-06-01;15;32;50
TRAILRUNNER-HE-46-WS;2023-07-01;15;32;50
TRAILRUNNER-HE-46-WS;2023-08-01;11;32;50
TRAILRUNNER-HE-46-WS;2023-09-01;13;32;50
TRAILRUNNER-HE-46-WS;2023-10-01;13;32;50
TRAILRUNNER-HE-46-WS;2023-11-01;14;32;50
TRAILRUNNER-HE-46-WS;2023-12-01;20;32;50
TRAILRUNNER-HE-46-WS;2024-01-01;12;32;50
TRAILRUNNER-HE-46-WS;2024-02-01;12;32;50
TRAILRUNNER-HE-46-WS;2024-03-01;11;32;50
TRAILRUNNER-HE-46-WS;2024-04-01;18;32;50
TRAILRUNNER-HE-46-WS;2024-05-01;13;32;50
TRAILRUNNER-HE-46-WS;2024-06-01;12;32;50
TRAILRUNNER-HE-46-WS;2024-07-01;14;32;50
TRAILRUNNER-HE-46-WS;2024-08-01;10;32;50
TRAILRUNNER-HE-46-WS;2024-09-01;13;32;50
TRAILRUNNER-HE-46-WS;2024-10-01;16;32;50
TRAILRUNNER-HE-46-WS;2024-11-01;12;32;50
TRAILRUNNER-HE-46-WS;2024-12-01;15;32;50
WINTERSTIEFEL-DA-36-BR;2023-01-01;27;15;95
WINTERSTIEFEL-DA-36-BR;2023-02-01;12;15;95
WINTERSTIEFEL-DA-36-BR;2023-03-01;6;15;95
WINTERSTIEFEL-DA-36-BR;2023-04-01;4;15;95
WINTERSTIEFEL-DA-36-BR;2023-05-01;2;15;95
WINTERSTIEFEL-DA-36-BR;2023-06-01;1;15;95
WINTERSTIEFEL-DA-36-BR;2023-07-01;1;15;95
WINTERSTIEFEL-DA-36-BR;2023-08-01;3;15;95
WINTERSTIEFEL-DA-36-BR;2023-09-01;9;15;95
WINTERSTIEFEL-DA-36-BR;2023-10-01;19;15;95
WINTERSTIEFEL-DA-36-BR;2023-11-01;39;15;95
WINTERSTIEFEL-DA-36-BR;2023-12-01;35;15;95
WINTERSTIEFEL-DA-36-BR;2024-01-01;26;15;95
WINTERSTIEFEL-DA-36-BR;2024-02-01;16;15;95
WINTERSTIEFEL-DA-36-BR;2024-03-01;9;15;95
WINTERSTIEFEL-DA-36-BR;2024-04-01;4;15;95
WINTERSTIEFEL-DA-36-BR;2024-05-01;2;15;95
WINTERSTIEFEL-DA-36-BR;2024-06-01;1;15;95
WINTERSTIEFEL-DA-36-BR;2024-07-01;2;15;95
WINTERSTIEFEL-DA-36-BR;2024-08-01;3;15;95
WINTERSTIEFEL-DA-36-BR;2024-09-01;9;15;95
WINTERSTIEFEL-DA-36-BR;2024-10-01;16;15;95
WINTERSTIEFEL-DA-36-BR;2024-11-01;26;15;95
WINTERSTIEFEL-DA-36-BR;2024-12-01;35;15;95
WINTERSTIEFEL-DA-36-GR;2023-01-01;18;11;95
WINTERSTIEFEL-DA-36-GR;2023-02-01;12;11;95
WINTERSTIEFEL-DA-36-GR;2023-03-01;5;11;95
WINTERSTIEFEL-DA-36-GR;2023-04-01;3;11;95
WINTERSTIEFEL-DA-36-GR;2023-05-01;1;11;95
WINTERSTIEFEL-DA-36-GR;2023-06-01;1;11;95
WINTERSTIEFEL-DA-36-GR;2023-07-01;1;11;95
WINTERSTIEFEL-DA-36-GR;2023-08-01;2;11;95
WINTERSTIEFEL-DA-36-GR;2023-09-01;6;11;95
WINTERSTIEFEL-DA-36-GR;2023-10-01;14;11;95
WINTERSTIEFEL-DA-36-GR;2023-11-01;20;11;95
WINTERSTIEFEL-DA-36-GR;2023-12-01;18;11;95
WINTERSTIEFEL-DA-36-GR;2024-01-01;20;11;95
WINTERSTIEFEL-DA-36-GR;2024-02-01;8;11;95
WINTERSTIEFEL-DA-36-GR;2024-03-01;5;11;95
WINTERSTIEFEL-DA-36-GR;2024-04-01;2;11;95
WINTERSTIEFEL-DA-36-GR;2024-05-01;1;11;95
WINTERSTIEFEL-DA-36-GR;2024-06-01;1;11;95
WINTERSTIEFEL-DA-36-GR;2024-07-01;1;11;95
WINTERSTIEFEL-DA-36-GR;2024-08-01;1;11;95
WINTERSTIEFEL-DA-36-GR;2024-09-01;5;11;95
WINTERSTIEFEL-DA-36-GR;2024-10-01;14;11;95
WINTERSTIEFEL-DA-36-GR;2024-11-01;24;11;95
WINTERSTIEFEL-DA-36-GR;2024-12-01;19;11;95
WINTERSTIEFEL-DA-36-NV;2023-01-01;17;75;95
WINTERSTIEFEL-DA-36-NV;2023-02-01;11;75;95
WINTERSTIEFEL-DA-36-NV;2023-03-01;6;75;95
WINTERSTIEFEL-DA-36-NV;2023-04-01;3;75;95
WINTERSTIEFEL-DA-36-NV;2023-05-01;2;75;95
WINTERSTIEFEL-DA-36-NV;2023-06-01;1;75;95
WINTERSTIEFEL-DA-36-NV;2023-07-01;1;75;95
WINTERSTIEFEL-DA-36-NV;2023-08-01;1;75;95
WINTERSTIEFEL-DA-36-NV;2023-09-01;6;75;95
WINTERSTIEFEL-DA-36-NV;2023-10-01;14;75;95
WINTERSTIEFEL-DA-36-NV;2023-11-01;23;75;95
WINTERSTIEFEL-DA-36-NV;2023-12-01;32;75;95
WINTERSTIEFEL-DA-36-NV;2024-01-01;19;75;95
WINTERSTIEFEL-DA-36-NV;2024-02-01;9;75;95
WINTERSTIEFEL-DA-36-NV;2024-03-01;6;75;95
WINTERSTIEFEL-DA-36-NV;2024-04-01;2;75;95
WINTERSTIEFEL-DA-36-NV;2024-05-01;2;75;95
WINTERSTIEFEL-DA-36-NV;2024-06-01;1;75;95
WINTERSTIEFEL-DA-36-NV;2024-07-01;1;75;95
WINTERSTIEFEL-DA-36-NV;2024-08-01;2;75;95
WINTERSTIEFEL-DA-36-NV;2024-09-01;6;75;95
WINTERSTIEFEL-DA-36-NV;2024-10-01;9;75;95
WINTERSTIEFEL-DA-36-NV;2024-11-01;16;75;95
WINTERSTIEFEL-DA-36-NV;2024-12-01;27;75;95
WINTERSTIEFEL-DA-36-RT;2023-01-01;8;24;95
WINTERSTIEFEL-DA-36-RT;2023-02-01;7;24;95
WINTERSTIEFEL-DA-36-RT;2023-03-01;3;24;95
WINTERSTIEFEL-DA-36-RT;2023-04-01;2;24;95
WINTERSTIEFEL-DA-36-RT;2023-05-01;1;24;95
WINTERSTIEFEL-DA-36-RT;2023-06-01;0;24;95
WINTERSTIEFEL-DA-36-RT;2023-07-01;1;24;95
WINTERSTIEFEL-DA-36-RT;2023-08-01;1;24;95
WINTERSTIEFEL-DA-36-RT;2023-09-01;3;24;95
WINTERSTIEFEL-DA-36-RT;2023-10-01;9;24;95
WINTERSTIEFEL-DA-36-RT;2023-11-01;15;24;95
WINTERSTIEFEL-DA-36-RT;2023-12-01;19;24;95
WINTERSTIEFEL-DA-36-RT;2024-01-01;9;24;95
WINTERSTIEFEL-DA-36-RT;2024-02-01;6;24;95
WINTERSTIEFEL-DA-36-RT;2024-03-01;4;24;95
WINTERSTIEFEL-DA-36-RT;2024-04-01;2;24;95
WINTERSTIEFEL-DA-36-RT;2024-05-01;1;24;95
WINTERSTIEFEL-DA-36-RT;2024-06-01;0;24;95
WINTERSTIEFEL-DA-36-RT;2024-07-01;1;24;95
WINTERSTIEFEL-DA-36-RT;2024-08-01;2;24;95
WINTERSTIEFEL-DA-36-RT;2024-09-01;4;24;95
WINTERSTIEFEL-DA-36-RT;2024-10-01;12;24;95
WINTERSTIEFEL-DA-36-RT;2024-11-01;13;24;95
WINTERSTIEFEL-DA-36-RT;2024-12-01;20;24;95
WINTERSTIEFEL-DA-36-SW;2023-01-01;29;51;95
WINTERSTIEFEL-DA-36-SW;2023-02-01;14;51;95
WINTERSTIEFEL-DA-36-SW;2023-03-01;13;51;95
WINTERSTIEFEL-DA-36-SW;2023-04-01;4;51;95
WINTERSTIEFEL-DA-36-SW;2023-05-01;3;51;95
WINTERSTIEFEL-DA-36-SW;2023-06-01;2;51;95
WINTERSTIEFEL-DA-36-SW;2023-07-01;2;51;95
WINTERSTIEFEL-DA-36-SW;2023-08-01;4;51;95
WINTERSTIEFEL-DA-36-SW;2023-09-01;13;51;95
WINTERSTIEFEL-DA-36-SW;2023-10-01;28;51;95
WINTERSTIEFEL-DA-36-SW;2023-11-01;40;51;95
WINTERSTIEFEL-DA-36-SW;2023-12-01;47;51;95
WINTERSTIEFEL-DA-36-SW;2024-01-01;33;51;95
WINTERSTIEFEL-DA-36-SW;2024-02-01;19;51;95
WINTERSTIEFEL-DA-36-SW;2024-03-01;15;51;95
WINTERSTIEFEL-DA-36-SW;2024-04-01;3;51;95
WINTERSTIEFEL-DA-36-SW;2024-05-01;2;51;95
WINTERSTIEFEL-DA-36-SW;2024-06-01;2;51;95
WINTERSTIEFEL-DA-36-SW;2024-07-01;2;51;95
WINTERSTIEFEL-DA-36-SW;2024-08-01;5;51;95
WINTERSTIEFEL-DA-36-SW;2024-09-01;11;51;95
WINTERSTIEFEL-DA-36-SW;2024-10-01;28;51;95
WINTERSTIEFEL-DA-36-SW;2024-11-01;28;51;95
WINTERSTIEFEL-DA-36-SW;2024-12-01;55;51;95
WINTERSTIEFEL-DA-36-WS;2023-01-01;27;25;95
WINTERSTIEFEL-DA-36-WS;2023-02-01;19;25;95
WINTERSTIEFEL-DA-36-WS;2023-03-01;10;25;95
WINTERSTIEFEL-DA-36-WS;2023-04-01;5;25;95
WINTERSTIEFEL-DA-36-WS;2023-05-01;2;25;95
WINTERSTIEFEL-DA-36-WS;2023-06-01;2;25;95
WINTERSTIEFEL-DA-36-WS;2023-07-01;1;25;95
WINTERSTIEFEL-DA-36-WS;2023-08-01;3;25;95
WINTERSTIEFEL-DA-36-WS;2023-09-01;8;25;95
WINTERSTIEFEL-DA-36-WS;2023-10-01;20;25;95
WINTERSTIEFEL-DA-36-WS;2023-11-01;24;25;95
WINTERSTIEFEL-DA-36-WS;2023-12-01;42;25;95
WINTERSTIEFEL-DA-36-WS;2024-01-01;25;25;95
WINTERSTIEFEL-DA-36-WS;2024-02-01;16;25;95
WINTERSTIEFEL-DA-36-WS;2024-03-01;8;25;95
WINTERSTIEFEL-DA-36-WS;2024-04-01;3;25;95
WINTERSTIEFEL-DA-36-WS;2024-05-01;2;25;95
WINTERSTIEFEL-DA-36-WS;2024-06-01;1;25;95
WINTERSTIEFEL-DA-36-WS;2024-07-01;1;25;95
WINTERSTIEFEL-DA-36-WS;2024-08-01;2;25;95
WINTERSTIEFEL-DA-36-WS;2024-09-01;10;25;95
WINTERSTIEFEL-DA-36-WS;2024-10-01;19;25;95
WINTERSTIEFEL-DA-36-WS;2024-11-01;17;25;95
WINTERSTIEFEL-DA-36-WS;2024-12-01;32;25;95
WINTERSTIEFEL-DA-37-BR;2023-01-01;35;96;95
WINTERSTIEFEL-DA-37-BR;2023-02-01;16;96;95
WINTERSTIEFEL-DA-37-BR;2023-03-01;10;96;95
WINTERSTIEFEL-DA-37-BR;2023-04-01;5;96;95
WINTERSTIEFEL-DA-37-BR;2023-05-01;3;96;95
WINTERSTIEFEL-DA-37-BR;2023-06-01;2;96;95
WINTERSTIEFEL-DA-37-BR;2023-07-01;2;96;95
WINTERSTIEFEL-DA-37-BR;2023-08-01;3;96;95
WINTERSTIEFEL-DA-37-BR;2023-09-01;16;96;95
WINTERSTIEFEL-DA-37-BR;2023-10-01;37;96;95
WINTERSTIEFEL-DA-37-BR;2023-11-01;44;96;95
WINTERSTIEFEL-DA-37-BR;2023-12-01;58;96;95
WINTERSTIEFEL-DA-37-BR;2024-01-01;34;96;95
WINTERSTIEFEL-DA-37-BR;2024-02-01;23;96;95
WINTERSTIEFEL-DA-37-BR;2024-03-01;13;96;95
WINTERSTIEFEL-DA-37-BR;2024-04-01;4;96;95
WINTERSTIEFEL-DA-37-BR;2024-05-01;4;96;95
WINTERSTIEFEL-DA-37-BR;2024-06-01;2;96;95
WINTERSTIEFEL-DA-37-BR;2024-07-01;2;96;95
WINTERSTIEFEL-DA-37-BR;2024-08-01;5;96;95
WINTERSTIEFEL-DA-37-BR;2024-09-01;8;96;95
WINTERSTIEFEL-DA-37-BR;2024-10-01;29;96;95
WINTERSTIEFEL-DA-37-BR;2024-11-01;45;96;95
WINTERSTIEFEL-DA-37-BR;2024-12-01;43;96;95
WINTERSTIEFEL-DA-37-RT;2023-01-01;16;34;95
WINTERSTIEFEL-DA-37-RT;2023-02-01;13;34;95
WINTERSTIEFEL-DA-37-RT;2023-03-01;6;34;95
WINTERSTIEFEL-DA-37-RT;2023-04-01;3;34;95
WINTERSTIEFEL-DA-37-RT;2023-05-01;1;34;95
WINTERSTIEFEL-DA-37-RT;2023-06-01;1;34;95
WINTERSTIEFEL-DA-37-RT;2023-07-01;1;34;95
WINTERSTIEFEL-DA-37-RT;2023-08-01;2;34;95
WINTERSTIEFEL-DA-37-RT;2023-09-01;5;34;95
WINTERSTIEFEL-DA-37-RT;2023-10-01;13;34;95
WINTERSTIEFEL-DA-37-RT;2023-11-01;25;34;95
WINTERSTIEFEL-DA-37-RT;2023-12-01;22;34;95
WINTERSTIEFEL-DA-37-RT;2024-01-01;13;34;95
WINTERSTIEFEL-DA-37-RT;2024-02-01;12;34;95
WINTERSTIEFEL-DA-37-RT;2024-03-01;5;34;95
WINTERSTIEFEL-DA-37-RT;2024-04-01;3;34;95
WINTERSTIEFEL-DA-37-RT;2024-05-01;2;34;95
WINTERSTIEFEL-DA-37-RT;2024-06-01;1;34;95
WINTERSTIEFEL-DA-37-RT;2024-07-01;1;34;95
WINTERSTIEFEL-DA-37-RT;2024-08-01;2;34;95
WINTERSTIEFEL-DA-37-RT;2024-09-01;5;34;95
WINTERSTIEFEL-DA-37-RT;2024-10-01;14;34;95
WINTERSTIEFEL-DA-37-RT;2024-11-01;14;34;95
WINTERSTIEFEL-DA-37-RT;2024-12-01;24;34;95
WINTERSTIEFEL-DA-38-BG;2023-01-01;33;102;95
WINTERSTIEFEL-DA-38-BG;2023-02-01;22;102;95
WINTERSTIEFEL-DA-38-BG;2023-03-01;7;102;95
WINTERSTIEFEL-DA-38-BG;2023-04-01;5;102;95
WINTERSTIEFEL-DA-38-BG;2023-05-01;3;102;95
WINTERSTIEFEL-DA-38-BG;2023-06-01;2;102;95
WINTERSTIEFEL-DA-38-BG;2023-07-01;2;102;95
WINTERSTIEFEL-DA-38-BG;2023-08-01;2;102;95
WINTERSTIEFEL-DA-38-BG;2023-09-01;15;102;95
WINTERSTIEFEL-DA-38-BG;2023-10-01;26;102;95
WINTERSTIEFEL-DA-38-BG;2023-11-01;45;102;95
WINTERSTIEFEL-DA-38-BG;2023-12-01;51;102;95
WINTERSTIEFEL-DA-38-BG;2024-01-01;31;102;95
WINTERSTIEFEL-DA-38-BG;2024-02-01;29;102;95
WINTERSTIEFEL-DA-38-BG;2024-03-01;7;102;95
WINTERSTIEFEL-DA-38-BG;2024-04-01;5;102;95
WINTERSTIEFEL-DA-38-BG;2024-05-01;2;102;95
WINTERSTIEFEL-DA-38-BG;2024-06-01;2;102;95
WINTERSTIEFEL-DA-38-BG;2024-07-01;2;102;95
WINTERSTIEFEL-DA-38-BG;2024-08-01;4;102;95
WINTERSTIEFEL-DA-38-BG;2024-09-01;10;102;95
WINTERSTIEFEL-DA-38-BG;2024-10-01;27;102;95
WINTERSTIEFEL-DA-38-BG;2024-11-01;38;102;95
WINTERSTIEFEL-DA-38-BG;2024-12-01;47;102;95
WINTERSTIEFEL-DA-38-NV;2023-01-01;37;103;95
WINTERSTIEFEL-DA-38-NV;2023-02-01;33;103;95
WINTERSTIEFEL-DA-38-NV;2023-03-01;10;103;95
WINTERSTIEFEL-DA-38-NV;2023-04-01;7;103;95
WINTERSTIEFEL-DA-38-NV;2023-05-01;3;103;95
WINTERSTIEFEL-DA-38-NV;2023-06-01;2;103;95
WINTERSTIEFEL-DA-38-NV;2023-07-01;1;103;95
WINTERSTIEFEL-DA-38-NV;2023-08-01;6;103;95
WINTERSTIEFEL-DA-38-NV;2023-09-01;17;103;95
WINTERSTIEFEL-DA-38-NV;2023-10-01;49;103;95
WINTERSTIEFEL-DA-38-NV;2023-11-01;67;103;95
WINTERSTIEFEL-DA-38-NV;2023-12-01;89;103;95
WINTERSTIEFEL-DA-38-NV;2024-01-01;34;103;95
WINTERSTIEFEL-DA-38-NV;2024-02-01;43;103;95
WINTERSTIEFEL-DA-38-NV;2024-03-01;16;103;95
WINTERSTIEFEL-DA-38-NV;2024-04-01;9;103;95
WINTERSTIEFEL-DA-38-NV;2024-05-01;5;103;95
WINTERSTIEFEL-DA-38-NV;2024-06-01;3;103;95
WINTERSTIEFEL-DA-38-NV;2024-07-01;2;103;95
WINTERSTIEFEL-DA-38-NV;2024-08-01;6;103;95
WINTERSTIEFEL-DA-38-NV;2024-09-01;19;103;95
WINTERSTIEFEL-DA-38-NV;2024-10-01;47;103;95
WINTERSTIEFEL-DA-38-NV;2024-11-01;59;103;95
WINTERSTIEFEL-DA-38-NV;2024-12-01;80;103;95
WINTERSTIEFEL-DA-38-RT;2023-01-01;30;61;95
WINTERSTIEFEL-DA-38-RT;2023-02-01;12;61;95
WINTERSTIEFEL-DA-38-RT;2023-03-01;6;61;95
WINTERSTIEFEL-DA-38-RT;2023-04-01;3;61;95
WINTERSTIEFEL-DA-38-RT;2023-05-01;2;61;95
WINTERSTIEFEL-DA-38-RT;2023-06-01;1;61;95
WINTERSTIEFEL-DA-38-RT;2023-07-01;2;61;95
WINTERSTIEFEL-DA-38-RT;2023-08-01;3;61;95
WINTERSTIEFEL-DA-38-RT;2023-09-01;11;61;95
WINTERSTIEFEL-DA-38-RT;2023-10-01;25;61;95
WINTERSTIEFEL-DA-38-RT;2023-11-01;23;61;95
WINTERSTIEFEL-DA-38-RT;2023-12-01;29;61;95
WINTERSTIEFEL-DA-38-RT;2024-01-01;23;61;95
WINTERSTIEFEL-DA-38-RT;2024-02-01;14;61;95
WINTERSTIEFEL-DA-38-RT;2024-03-01;6;61;95
WINTERSTIEFEL-DA-38-RT;2024-04-01;3;61;95
WINTERSTIEFEL-DA-38-RT;2024-05-01;2;61;95
WINTERSTIEFEL-DA-38-RT;2024-06-01;2;61;95
WINTERSTIEFEL-DA-38-RT;2024-07-01;2;61;95
WINTERSTIEFEL-DA-38-RT;2024-08-01;3;61;95
WINTERSTIEFEL-DA-38-RT;2024-09-01;13;61;95
WINTERSTIEFEL-DA-38-RT;2024-10-01;23;61;95
WINTERSTIEFEL-DA-38-RT;2024-11-01;30;61;95
WINTERSTIEFEL-DA-38-RT;2024-12-01;31;61;95
WINTERSTIEFEL-DA-38-WS;2023-01-01;47;396;95
WINTERSTIEFEL-DA-38-WS;2023-02-01;46;396;95
WINTERSTIEFEL-DA-38-WS;2023-03-01;13;396;95
WINTERSTIEFEL-DA-38-WS;2023-04-01;8;396;95
WINTERSTIEFEL-DA-38-WS;2023-05-01;4;396;95
WINTERSTIEFEL-DA-38-WS;2023-06-01;3;396;95
WINTERSTIEFEL-DA-38-WS;2023-07-01;3;396;95
WINTERSTIEFEL-DA-38-WS;2023-08-01;6;396;95
WINTERSTIEFEL-DA-38-WS;2023-09-01;23;396;95
WINTERSTIEFEL-DA-38-WS;2023-10-01;44;396;95
WINTERSTIEFEL-DA-38-WS;2023-11-01;70;396;95
WINTERSTIEFEL-DA-38-WS;2023-12-01;84;396;95
WINTERSTIEFEL-DA-38-WS;2024-01-01;58;396;95
WINTERSTIEFEL-DA-38-WS;2024-02-01;37;396;95
WINTERSTIEFEL-DA-38-WS;2024-03-01;15;396;95
WINTERSTIEFEL-DA-38-WS;2024-04-01;8;396;95
WINTERSTIEFEL-DA-38-WS;2024-05-01;5;396;95
WINTERSTIEFEL-DA-38-WS;2024-06-01;3;396;95
WINTERSTIEFEL-DA-38-WS;2024-07-01;3;396;95
WINTERSTIEFEL-DA-38-WS;2024-08-01;5;396;95
WINTERSTIEFEL-DA-38-WS;2024-09-01;22;396;95
WINTERSTIEFEL-DA-38-WS;2024-10-01;48;396;95
WINTERSTIEFEL-DA-38-WS;2024-11-01;69;396;95
WINTERSTIEFEL-DA-38-WS;2024-12-01;62;396;95
WINTERSTIEFEL-DA-39-GR;2023-01-01;45;26;95
WINTERSTIEFEL-DA-39-GR;2023-02-01;23;26;95
WINTERSTIEFEL-DA-39-GR;2023-03-01;17;26;95
WINTERSTIEFEL-DA-39-GR;2023-04-01;5;26;95
WINTERSTIEFEL-DA-39-GR;2023-05-01;4;26;95
WINTERSTIEFEL-DA-39-GR;2023-06-01;3;26;95
WINTERSTIEFEL-DA-39-GR;2023-07-01;3;26;95
WINTERSTIEFEL-DA-39-GR;2023-08-01;6;26;95
WINTERSTIEFEL-DA-39-GR;2023-09-01;15;26;95
WINTERSTIEFEL-DA-39-GR;2023-10-01;35;26;95
WINTERSTIEFEL-DA-39-GR;2023-11-01;56;26;95
WINTERSTIEFEL-DA-39-GR;2023-12-01;56;26;95
WINTERSTIEFEL-DA-39-GR;2024-01-01;41;26;95
WINTERSTIEFEL-DA-39-GR;2024-02-01;24;26;95
WINTERSTIEFEL-DA-39-GR;2024-03-01;15;26;95
WINTERSTIEFEL-DA-39-GR;2024-04-01;6;26;95
WINTERSTIEFEL-DA-39-GR;2024-05-01;4;26;95
WINTERSTIEFEL-DA-39-GR;2024-06-01;3;26;95
WINTERSTIEFEL-DA-39-GR;2024-07-01;3;26;95
WINTERSTIEFEL-DA-39-GR;2024-08-01;8;26;95
WINTERSTIEFEL-DA-39-GR;2024-09-01;17;26;95
WINTERSTIEFEL-DA-39-GR;2024-10-01;48;26;95
WINTERSTIEFEL-DA-39-GR;2024-11-01;49;26;95
WINTERSTIEFEL-DA-39-GR;2024-12-01;64;26;95
WINTERSTIEFEL-DA-39-NV;2023-01-01;55;126;95
WINTERSTIEFEL-DA-39-NV;2023-02-01;26;126;95
WINTERSTIEFEL-DA-39-NV;2023-03-01;17;126;95
WINTERSTIEFEL-DA-39-NV;2023-04-01;9;126;95
WINTERSTIEFEL-DA-39-NV;2023-05-01;4;126;95
WINTERSTIEFEL-DA-39-NV;2023-06-01;3;126;95
WINTERSTIEFEL-DA-39-NV;2023-07-01;3;126;95
WINTERSTIEFEL-DA-39-NV;2023-08-01;7;126;95
WINTERSTIEFEL-DA-39-NV;2023-09-01;17;126;95
WINTERSTIEFEL-DA-39-NV;2023-10-01;41;126;95
WINTERSTIEFEL-DA-39-NV;2023-11-01;65;126;95
WINTERSTIEFEL-DA-39-NV;2023-12-01;46;126;95
WINTERSTIEFEL-DA-39-NV;2024-01-01;41;126;95
WINTERSTIEFEL-DA-39-NV;2024-02-01;30;126;95
WINTERSTIEFEL-DA-39-NV;2024-03-01;13;126;95
WINTERSTIEFEL-DA-39-NV;2024-04-01;7;126;95
WINTERSTIEFEL-DA-39-NV;2024-05-01;5;126;95
WINTERSTIEFEL-DA-39-NV;2024-06-01;4;126;95
WINTERSTIEFEL-DA-39-NV;2024-07-01;3;126;95
WINTERSTIEFEL-DA-39-NV;2024-08-01;5;126;95
WINTERSTIEFEL-DA-39-NV;2024-09-01;19;126;95
WINTERSTIEFEL-DA-39-NV;2024-10-01;25;126;95
WINTERSTIEFEL-DA-39-NV;2024-11-01;66;126;95
WINTERSTIEFEL-DA-39-NV;2024-12-01;92;126;95
WINTERSTIEFEL-DA-39-RT;2023-01-01;16;60;95
WINTERSTIEFEL-DA-39-RT;2023-02-01;19;60;95
WINTERSTIEFEL-DA-39-RT;2023-03-01;6;60;95
WINTERSTIEFEL-DA-39-RT;2023-04-01;5;60;95
WINTERSTIEFEL-DA-39-RT;2023-05-01;2;60;95
WINTERSTIEFEL-DA-39-RT;2023-06-01;2;60;95
WINTERSTIEFEL-DA-39-RT;2023-07-01;1;60;95
WINTERSTIEFEL-DA-39-RT;2023-08-01;3;60;95
WINTERSTIEFEL-DA-39-RT;2023-09-01;9;60;95
WINTERSTIEFEL-DA-39-RT;2023-10-01;21;60;95
WINTERSTIEFEL-DA-39-RT;2023-11-01;25;60;95
WINTERSTIEFEL-DA-39-RT;2023-12-01;40;60;95
WINTERSTIEFEL-DA-39-RT;2024-01-01;15;60;95
WINTERSTIEFEL-DA-39-RT;2024-02-01;10;60;95
WINTERSTIEFEL-DA-39-RT;2024-03-01;5;60;95
WINTERSTIEFEL-DA-39-RT;2024-04-01;4;60;95
WINTERSTIEFEL-DA-39-RT;2024-05-01;3;60;95
WINTERSTIEFEL-DA-39-RT;2024-06-01;2;60;95
WINTERSTIEFEL-DA-39-RT;2024-07-01;2;60;95
WINTERSTIEFEL-DA-39-RT;2024-08-01;2;60;95
WINTERSTIEFEL-DA-39-RT;2024-09-01;11;60;95
WINTERSTIEFEL-DA-39-RT;2024-10-01;20;60;95
WINTERSTIEFEL-DA-39-RT;2024-11-01;26;60;95
WINTERSTIEFEL-DA-39-RT;2024-12-01;30;60;95
WINTERSTIEFEL-DA-41-BG;2023-01-01;18;19;95
WINTERSTIEFEL-DA-41-BG;2023-02-01;8;19;95
WINTERSTIEFEL-DA-41-BG;2023-03-01;4;19;95
WINTERSTIEFEL-DA-41-BG;2023-04-01;2;19;95
WINTERSTIEFEL-DA-41-BG;2023-05-01;1;19;95
WINTERSTIEFEL-DA-41-BG;2023-06-01;1;19;95
WINTERSTIEFEL-DA-41-BG;2023-07-01;1;19;95
WINTERSTIEFEL-DA-41-BG;2023-08-01;2;19;95
WINTERSTIEFEL-DA-41-BG;2023-09-01;5;19;95
WINTERSTIEFEL-DA-41-BG;2023-10-01;13;19;95
WINTERSTIEFEL-DA-41-BG;2023-11-01;12;19;95
WINTERSTIEFEL-DA-41-BG;2023-12-01;23;19;95
WINTERSTIEFEL-DA-41-BG;2024-01-01;13;19;95
WINTERSTIEFEL-DA-41-BG;2024-02-01;6;19;95
WINTERSTIEFEL-DA-41-BG;2024-03-01;5;19;95
WINTERSTIEFEL-DA-41-BG;2024-04-01;2;19;95
WINTERSTIEFEL-DA-41-BG;2024-05-01;1;19;95
WINTERSTIEFEL-DA-41-BG;2024-06-01;1;19;95
WINTERSTIEFEL-DA-41-BG;2024-07-01;1;19;95
WINTERSTIEFEL-DA-41-BG;2024-08-01;2;19;95
WINTERSTIEFEL-DA-41-BG;2024-09-01;4;19;95
WINTERSTIEFEL-DA-41-BG;2024-10-01;14;19;95
WINTERSTIEFEL-DA-41-BG;2024-11-01;15;19;95
WINTERSTIEFEL-DA-41-BG;2024-12-01;17;19;95
WINTERSTIEFEL-DA-41-WS;2023-01-01;27;39;95
WINTERSTIEFEL-DA-41-WS;2023-02-01;18;39;95
WINTERSTIEFEL-DA-41-WS;2023-03-01;8;39;95
WINTERSTIEFEL-DA-41-WS;2023-04-01;3;39;95
WINTERSTIEFEL-DA-41-WS;2023-05-01;3;39;95
WINTERSTIEFEL-DA-41-WS;2023-06-01;1;39;95
WINTERSTIEFEL-DA-41-WS;2023-07-01;2;39;95
WINTERSTIEFEL-DA-41-WS;2023-08-01;4;39;95
WINTERSTIEFEL-DA-41-WS;2023-09-01;11;39;95
WINTERSTIEFEL-DA-41-WS;2023-10-01;19;39;95
WINTERSTIEFEL-DA-41-WS;2023-11-01;31;39;95
WINTERSTIEFEL-DA-41-WS;2023-12-01;25;39;95
WINTERSTIEFEL-DA-41-WS;2024-01-01;35;39;95
WINTERSTIEFEL-DA-41-WS;2024-02-01;23;39;95
WINTERSTIEFEL-DA-41-WS;2024-03-01;7;39;95
WINTERSTIEFEL-DA-41-WS;2024-04-01;5;39;95
WINTERSTIEFEL-DA-41-WS;2024-05-01;3;39;95
WINTERSTIEFEL-DA-41-WS;2024-06-01;2;39;95
WINTERSTIEFEL-DA-41-WS;2024-07-01;2;39;95
WINTERSTIEFEL-DA-41-WS;2024-08-01;3;39;95
WINTERSTIEFEL-DA-41-WS;2024-09-01;13;39;95
WINTERSTIEFEL-DA-41-WS;2024-10-01;30;39;95
WINTERSTIEFEL-DA-41-WS;2024-11-01;44;39;95
WINTERSTIEFEL-DA-41-WS;2024-12-01;40;39;95
ZEHENTRENNER-DA-36-BG;2023-01-01;1;8;90
ZEHENTRENNER-DA-36-BG;2023-02-01;3;8;90
ZEHENTRENNER-DA-36-BG;2023-03-01;9;8;90
ZEHENTRENNER-DA-36-BG;2023-04-01;15;8;90
ZEHENTRENNER-DA-36-BG;2023-05-01;34;8;90
ZEHENTRENNER-DA-36-BG;2023-06-01;41;8;90
ZEHENTRENNER-DA-36-BG;2023-07-01;32;8;90
ZEHENTRENNER-DA-36-BG;2023-08-01;33;8;90
ZEHENTRENNER-DA-36-BG;2023-09-01;11;8;90
ZEHENTRENNER-DA-36-BG;2023-10-01;6;8;90
ZEHENTRENNER-DA-36-BG;2023-11-01;2;8;90
ZEHENTRENNER-DA-36-BG;2023-12-01;2;8;90
ZEHENTRENNER-DA-36-BG;2024-01-01;3;8;90
ZEHENTRENNER-DA-36-BG;2024-02-01;4;8;90
ZEHENTRENNER-DA-36-BG;2024-03-01;9;8;90
ZEHENTRENNER-DA-36-BG;2024-04-01;13;8;90
ZEHENTRENNER-DA-36-BG;2024-05-01;20;8;90
ZEHENTRENNER-DA-36-BG;2024-06-01;46;8;90
ZEHENTRENNER-DA-36-BG;2024-07-01;42;8;90
ZEHENTRENNER-DA-36-BG;2024-08-01;33;8;90
ZEHENTRENNER-DA-36-BG;2024-09-01;16;8;90
ZEHENTRENNER-DA-36-BG;2024-10-01;5;8;90
ZEHENTRENNER-DA-36-BG;2024-11-01;4;8;90
ZEHENTRENNER-DA-36-BG;2024-12-01;3;8;90
ZEHENTRENNER-DA-36-BR;2023-01-01;4;11;90
ZEHENTRENNER-DA-36-BR;2023-02-01;5;11;90
ZEHENTRENNER-DA-36-BR;2023-03-01;11;11;90
ZEHENTRENNER-DA-36-BR;2023-04-01;27;11;90
ZEHENTRENNER-DA-36-BR;2023-05-01;46;11;90
ZEHENTRENNER-DA-36-BR;2023-06-01;54;11;90
ZEHENTRENNER-DA-36-BR;2023-07-01;57;11;90
ZEHENTRENNER-DA-36-BR;2023-08-01;38;11;90
ZEHENTRENNER-DA-36-BR;2023-09-01;25;11;90
ZEHENTRENNER-DA-36-BR;2023-10-01;8;11;90
ZEHENTRENNER-DA-36-BR;2023-11-01;6;11;90
ZEHENTRENNER-DA-36-BR;2023-12-01;4;11;90
ZEHENTRENNER-DA-36-BR;2024-01-01;4;11;90
ZEHENTRENNER-DA-36-BR;2024-02-01;5;11;90
ZEHENTRENNER-DA-36-BR;2024-03-01;10;11;90
ZEHENTRENNER-DA-36-BR;2024-04-01;25;11;90
ZEHENTRENNER-DA-36-BR;2024-05-01;36;11;90
ZEHENTRENNER-DA-36-BR;2024-06-01;56;11;90
ZEHENTRENNER-DA-36-BR;2024-07-01;75;11;90
ZEHENTRENNER-DA-36-BR;2024-08-01;50;11;90
ZEHENTRENNER-DA-36-BR;2024-09-01;22;11;90
ZEHENTRENNER-DA-36-BR;2024-10-01;7;11;90
ZEHENTRENNER-DA-36-BR;2024-11-01;7;11;90
ZEHENTRENNER-DA-36-BR;2024-12-01;5;11;90
ZEHENTRENNER-DA-36-SW;2023-01-01;6;10;90
ZEHENTRENNER-DA-36-SW;2023-02-01;8;10;90
ZEHENTRENNER-DA-36-SW;2023-03-01;15;10;90
ZEHENTRENNER-DA-36-SW;2023-04-01;33;10;90
ZEHENTRENNER-DA-36-SW;2023-05-01;45;10;90
ZEHENTRENNER-DA-36-SW;2023-06-01;88;10;90
ZEHENTRENNER-DA-36-SW;2023-07-01;87;10;90
ZEHENTRENNER-DA-36-SW;2023-08-01;58;10;90
ZEHENTRENNER-DA-36-SW;2023-09-01;27;10;90
ZEHENTRENNER-DA-36-SW;2023-10-01;11;10;90
ZEHENTRENNER-DA-36-SW;2023-11-01;6;10;90
ZEHENTRENNER-DA-36-SW;2023-12-01;6;10;90
ZEHENTRENNER-DA-36-SW;2024-01-01;6;10;90
ZEHENTRENNER-DA-36-SW;2024-02-01;7;10;90
ZEHENTRENNER-DA-36-SW;2024-03-01;13;10;90
ZEHENTRENNER-DA-36-SW;2024-04-01;29;10;90
ZEHENTRENNER-DA-36-SW;2024-05-01;57;10;90
ZEHENTRENNER-DA-36-SW;2024-06-01;51;10;90
ZEHENTRENNER-DA-36-SW;2024-07-01;79;10;90
ZEHENTRENNER-DA-36-SW;2024-08-01;70;10;90
ZEHENTRENNER-DA-36-SW;2024-09-01;26;10;90
ZEHENTRENNER-DA-36-SW;2024-10-01;12;10;90
ZEHENTRENNER-DA-36-SW;2024-11-01;6;10;90
ZEHENTRENNER-DA-36-SW;2024-12-01;4;10;90
ZEHENTRENNER-DA-37-GR;2023-01-01;2;8;90
ZEHENTRENNER-DA-37-GR;2023-02-01;5;8;90
ZEHENTRENNER-DA-37-GR;2023-03-01;10;8;90
ZEHENTRENNER-DA-37-GR;2023-04-01;26;8;90
ZEHENTRENNER-DA-37-GR;2023-05-01;40;8;90
ZEHENTRENNER-DA-37-GR;2023-06-01;57;8;90
ZEHENTRENNER-DA-37-GR;2023-07-01;53;8;90
ZEHENTRENNER-DA-37-GR;2023-08-01;47;8;90
ZEHENTRENNER-DA-37-GR;2023-09-01;20;8;90
ZEHENTRENNER-DA-37-GR;2023-10-01;9;8;90
ZEHENTRENNER-DA-37-GR;2023-11-01;7;8;90
ZEHENTRENNER-DA-37-GR;2023-12-01;4;8;90
ZEHENTRENNER-DA-37-GR;2024-01-01;5;8;90
ZEHENTRENNER-DA-37-GR;2024-02-01;9;8;90
ZEHENTRENNER-DA-37-GR;2024-03-01;11;8;90
ZEHENTRENNER-DA-37-GR;2024-04-01;22;8;90
ZEHENTRENNER-DA-37-GR;2024-05-01;40;8;90
ZEHENTRENNER-DA-37-GR;2024-06-01;52;8;90
ZEHENTRENNER-DA-37-GR;2024-07-01;37;8;90
ZEHENTRENNER-DA-37-GR;2024-08-01;30;8;90
ZEHENTRENNER-DA-37-GR;2024-09-01;14;8;90
ZEHENTRENNER-DA-37-GR;2024-10-01;8;8;90
ZEHENTRENNER-DA-37-GR;2024-11-01;5;8;90
ZEHENTRENNER-DA-37-GR;2024-12-01;2;8;90
ZEHENTRENNER-DA-38-BG;2023-01-01;4;15;90
ZEHENTRENNER-DA-38-BG;2023-02-01;4;15;90
ZEHENTRENNER-DA-38-BG;2023-03-01;16;15;90
ZEHENTRENNER-DA-38-BG;2023-04-01;29;15;90
ZEHENTRENNER-DA-38-BG;2023-05-01;59;15;90
ZEHENTRENNER-DA-38-BG;2023-06-01;84;15;90
ZEHENTRENNER-DA-38-BG;2023-07-01;66;15;90
ZEHENTRENNER-DA-38-BG;2023-08-01;72;15;90
ZEHENTRENNER-DA-38-BG;2023-09-01;16;15;90
ZEHENTRENNER-DA-38-BG;2023-10-01;14;15;90
ZEHENTRENNER-DA-38-BG;2023-11-01;7;15;90
ZEHENTRENNER-DA-38-BG;2023-12-01;5;15;90
ZEHENTRENNER-DA-38-BG;2024-01-01;5;15;90
ZEHENTRENNER-DA-38-BG;2024-02-01;7;15;90
ZEHENTRENNER-DA-38-BG;2024-03-01;14;15;90
ZEHENTRENNER-DA-38-BG;2024-04-01;31;15;90
ZEHENTRENNER-DA-38-BG;2024-05-01;63;15;90
ZEHENTRENNER-DA-38-BG;2024-06-01;58;15;90
ZEHENTRENNER-DA-38-BG;2024-07-01;83;15;90
ZEHENTRENNER-DA-38-BG;2024-08-01;69;15;90
ZEHENTRENNER-DA-38-BG;2024-09-01;27;15;90
ZEHENTRENNER-DA-38-BG;2024-10-01;14;15;90
ZEHENTRENNER-DA-38-BG;2024-11-01;6;15;90
ZEHENTRENNER-DA-38-BG;2024-12-01;6;15;90
ZEHENTRENNER-DA-38-BR;2023-01-01;7;34;90
ZEHENTRENNER-DA-38-BR;2023-02-01;9;34;90
ZEHENTRENNER-DA-38-BR;2023-03-01;24;34;90
ZEHENTRENNER-DA-38-BR;2023-04-01;38;34;90
ZEHENTRENNER-DA-38-BR;2023-05-01;88;34;90
ZEHENTRENNER-DA-38-BR;2023-06-01;118;34;90
ZEHENTRENNER-DA-38-BR;2023-07-01;107;34;90
ZEHENTRENNER-DA-38-BR;2023-08-01;78;34;90
ZEHENTRENNER-DA-38-BR;2023-09-01;49;34;90
ZEHENTRENNER-DA-38-BR;2023-10-01;19;34;90
ZEHENTRENNER-DA-38-BR;2023-11-01;8;34;90
ZEHENTRENNER-DA-38-BR;2023-12-01;8;34;90
ZEHENTRENNER-DA-38-BR;2024-01-01;7;34;90
ZEHENTRENNER-DA-38-BR;2024-02-01;11;34;90
ZEHENTRENNER-DA-38-BR;2024-03-01;20;34;90
ZEHENTRENNER-DA-38-BR;2024-04-01;52;34;90
ZEHENTRENNER-DA-38-BR;2024-05-01;88;34;90
ZEHENTRENNER-DA-38-BR;2024-06-01;107;34;90
ZEHENTRENNER-DA-38-BR;2024-07-01;120;34;90
ZEHENTRENNER-DA-38-BR;2024-08-01;105;34;90
ZEHENTRENNER-DA-38-BR;2024-09-01;32;34;90
ZEHENTRENNER-DA-38-BR;2024-10-01;15;34;90
ZEHENTRENNER-DA-38-BR;2024-11-01;11;34;90
ZEHENTRENNER-DA-38-BR;2024-12-01;7;34;90
ZEHENTRENNER-DA-38-GR;2023-01-01;7;12;90
ZEHENTRENNER-DA-38-GR;2023-02-01;8;12;90
ZEHENTRENNER-DA-38-GR;2023-03-01;22;12;90
ZEHENTRENNER-DA-38-GR;2023-04-01;33;12;90
ZEHENTRENNER-DA-38-GR;2023-05-01;39;12;90
ZEHENTRENNER-DA-38-GR;2023-06-01;106;12;90
ZEHENTRENNER-DA-38-GR;2023-07-01;90;12;90
ZEHENTRENNER-DA-38-GR;2023-08-01;72;12;90
ZEHENTRENNER-DA-38-GR;2023-09-01;37;12;90
ZEHENTRENNER-DA-38-GR;2023-10-01;12;12;90
ZEHENTRENNER-DA-38-GR;2023-11-01;9;12;90
ZEHENTRENNER-DA-38-GR;2023-12-01;7;12;90
ZEHENTRENNER-DA-38-GR;2024-01-01;5;12;90
ZEHENTRENNER-DA-38-GR;2024-02-01;7;12;90
ZEHENTRENNER-DA-38-GR;2024-03-01;18;12;90
ZEHENTRENNER-DA-38-GR;2024-04-01;39;12;90
ZEHENTRENNER-DA-38-GR;2024-05-01;62;12;90
ZEHENTRENNER-DA-38-GR;2024-06-01;94;12;90
ZEHENTRENNER-DA-38-GR;2024-07-01;93;12;90
ZEHENTRENNER-DA-38-GR;2024-08-01;47;12;90
ZEHENTRENNER-DA-38-GR;2024-09-01;29;12;90
ZEHENTRENNER-DA-38-GR;2024-10-01;12;12;90
ZEHENTRENNER-DA-38-GR;2024-11-01;7;12;90
ZEHENTRENNER-DA-38-GR;2024-12-01;6;12;90
ZEHENTRENNER-DA-38-RT;2023-01-01;3;31;90
ZEHENTRENNER-DA-38-RT;2023-02-01;5;31;90
ZEHENTRENNER-DA-38-RT;2023-03-01;15;31;90
ZEHENTRENNER-DA-38-RT;2023-04-01;23;31;90
ZEHENTRENNER-DA-38-RT;2023-05-01;51;31;90
ZEHENTRENNER-DA-38-RT;2023-06-01;51;31;90
ZEHENTRENNER-DA-38-RT;2023-07-01;65;31;90
ZEHENTRENNER-DA-38-RT;2023-08-01;50;31;90
ZEHENTRENNER-DA-38-RT;2023-09-01;22;31;90
ZEHENTRENNER-DA-38-RT;2023-10-01;9;31;90
ZEHENTRENNER-DA-38-RT;2023-11-01;5;31;90
ZEHENTRENNER-DA-38-RT;2023-12-01;4;31;90
ZEHENTRENNER-DA-38-RT;2024-01-01;6;31;90
ZEHENTRENNER-DA-38-RT;2024-02-01;6;31;90
ZEHENTRENNER-DA-38-RT;2024-03-01;12;31;90
ZEHENTRENNER-DA-38-RT;2024-04-01;22;31;90
ZEHENTRENNER-DA-38-RT;2024-05-01;49;31;90
ZEHENTRENNER-DA-38-RT;2024-06-01;60;31;90
ZEHENTRENNER-DA-38-RT;2024-07-01;73;31;90
ZEHENTRENNER-DA-38-RT;2024-08-01;73;31;90
ZEHENTRENNER-DA-38-RT;2024-09-01;22;31;90
ZEHENTRENNER-DA-38-RT;2024-10-01;14;31;90
ZEHENTRENNER-DA-38-RT;2024-11-01;7;31;90
ZEHENTRENNER-DA-38-RT;2024-12-01;4;31;90
ZEHENTRENNER-DA-39-BR;2023-01-01;7;20;90
ZEHENTRENNER-DA-39-BR;2023-02-01;10;20;90
ZEHENTRENNER-DA-39-BR;2023-03-01;27;20;90
ZEHENTRENNER-DA-39-BR;2023-04-01;35;20;90
ZEHENTRENNER-DA-39-BR;2023-05-01;64;20;90
ZEHENTRENNER-DA-39-BR;2023-06-01;86;20;90
ZEHENTRENNER-DA-39-BR;2023-07-01;106;20;90
ZEHENTRENNER-DA-39-BR;2023-08-01;70;20;90
ZEHENTRENNER-DA-39-BR;2023-09-01;37;20;90
ZEHENTRENNER-DA-39-BR;2023-10-01;15;20;90
ZEHENTRENNER-DA-39-BR;2023-11-01;12;20;90
ZEHENTRENNER-DA-39-BR;2023-12-01;9;20;90
ZEHENTRENNER-DA-39-BR;2024-01-01;7;20;90
ZEHENTRENNER-DA-39-BR;2024-02-01;8;20;90
ZEHENTRENNER-DA-39-BR;2024-03-01;24;20;90
ZEHENTRENNER-DA-39-BR;2024-04-01;27;20;90
ZEHENTRENNER-DA-39-BR;2024-05-01;107;20;90
ZEHENTRENNER-DA-39-BR;2024-06-01;102;20;90
ZEHENTRENNER-DA-39-BR;2024-07-01;77;20;90
ZEHENTRENNER-DA-39-BR;2024-08-01;71;20;90
ZEHENTRENNER-DA-39-BR;2024-09-01;40;20;90
ZEHENTRENNER-DA-39-BR;2024-10-01;16;20;90
ZEHENTRENNER-DA-39-BR;2024-11-01;9;20;90
ZEHENTRENNER-DA-39-BR;2024-12-01;7;20;90
ZEHENTRENNER-DA-39-RT;2023-01-01;3;24;90
ZEHENTRENNER-DA-39-RT;2023-02-01;4;24;90
ZEHENTRENNER-DA-39-RT;2023-03-01;13;24;90
ZEHENTRENNER-DA-39-RT;2023-04-01;27;24;90
ZEHENTRENNER-DA-39-RT;2023-05-01;37;24;90
ZEHENTRENNER-DA-39-RT;2023-06-01;54;24;90
ZEHENTRENNER-DA-39-RT;2023-07-01;49;24;90
ZEHENTRENNER-DA-39-RT;2023-08-01;36;24;90
ZEHENTRENNER-DA-39-RT;2023-09-01;16;24;90
ZEHENTRENNER-DA-39-RT;2023-10-01;8;24;90
ZEHENTRENNER-DA-39-RT;2023-11-01;5;24;90
ZEHENTRENNER-DA-39-RT;2023-12-01;3;24;90
ZEHENTRENNER-DA-39-RT;2024-01-01;3;24;90
ZEHENTRENNER-DA-39-RT;2024-02-01;5;24;90
ZEHENTRENNER-DA-39-RT;2024-03-01;14;24;90
ZEHENTRENNER-DA-39-RT;2024-04-01;20;24;90
ZEHENTRENNER-DA-39-RT;2024-05-01;33;24;90
ZEHENTRENNER-DA-39-RT;2024-06-01;30;24;90
ZEHENTRENNER-DA-39-RT;2024-07-01;48;24;90
ZEHENTRENNER-DA-39-RT;2024-08-01;41;24;90
ZEHENTRENNER-DA-39-RT;2024-09-01;19;24;90
ZEHENTRENNER-DA-39-RT;2024-10-01;9;24;90
ZEHENTRENNER-DA-39-RT;2024-11-01;5;24;90
ZEHENTRENNER-DA-39-RT;2024-12-01;4;24;90
ZEHENTRENNER-DA-41-GR;2023-01-01;2;9;90
ZEHENTRENNER-DA-41-GR;2023-02-01;2;9;90
ZEHENTRENNER-DA-41-GR;2023-03-01;11;9;90
ZEHENTRENNER-DA-41-GR;2023-04-01;14;9;90
ZEHENTRENNER-DA-41-GR;2023-05-01;26;9;90
ZEHENTRENNER-DA-41-GR;2023-06-01;39;9;90
ZEHENTRENNER-DA-41-GR;2023-07-01;38;9;90
ZEHENTRENNER-DA-41-GR;2023-08-01;39;9;90
ZEHENTRENNER-DA-41-GR;2023-09-01;16;9;90
ZEHENTRENNER-DA-41-GR;2023-10-01;6;9;90
ZEHENTRENNER-DA-41-GR;2023-11-01;2;9;90
ZEHENTRENNER-DA-41-GR;2023-12-01;3;9;90
ZEHENTRENNER-DA-41-GR;2024-01-01;2;9;90
ZEHENTRENNER-DA-41-GR;2024-02-01;3;9;90
ZEHENTRENNER-DA-41-GR;2024-03-01;8;9;90
ZEHENTRENNER-DA-41-GR;2024-04-01;15;9;90
ZEHENTRENNER-DA-41-GR;2024-05-01;23;9;90
ZEHENTRENNER-DA-41-GR;2024-06-01;35;9;90
ZEHENTRENNER-DA-41-GR;2024-07-01;40;9;90
ZEHENTRENNER-DA-41-GR;2024-08-01;28;9;90
ZEHENTRENNER-DA-41-GR;2024-09-01;11;9;90
ZEHENTRENNER-DA-41-GR;2024-10-01;5;9;90
ZEHENTRENNER-DA-41-GR;2024-11-01;3;9;90
ZEHENTRENNER-DA-41-GR;2024-12-01;2;9;90
